crash_severity,collision_type,weather,light,road_surface,traffic_control,city,year,fatality,injury,id,Geometry,point,x,y
A-Injury,Pedalcyclist,Clear,"Darkness, lighted road",Dry,Stop Sign/Flasher,Champaign,2012,0,1,2728,POINT (-88.2320912295816 40.1144300513611),POINT,-88.2320912295816,40.1144300513611
A-Injury,Pedalcyclist,Clear,Daylight,Dry,Stop Sign/Flasher,Unincorporated,2012,0,1,2729,POINT (-88.1691432365479 40.142120119277),POINT,-88.1691432365479,40.142120119277
A-Injury,Pedalcyclist,Clear,Daylight,Dry,Traffic Signal,Urbana,2011,0,1,2738,POINT (-88.2194809671345 40.1200694053865),POINT,-88.2194809671345,40.1200694053865
A-Injury,Pedalcyclist,Clear,Daylight,Dry,Traffic Signal,Urbana,2011,0,1,2739,POINT (-88.2192395145701 40.105978800357),POINT,-88.2192395145701,40.105978800357
A-Injury,Pedalcyclist,Clear,Daylight,Dry,No Controls,Champaign,2011,0,1,2741,POINT (-88.2575734336513 40.1090310042719),POINT,-88.2575734336513,40.1090310042719
A-Injury,Pedalcyclist,Clear,Daylight,Dry,No Controls,Urbana,2011,0,1,2742,POINT (-88.2271221332278 40.1127484006515),POINT,-88.2271221332278,40.1127484006515
A-Injury,Pedalcyclist,Clear,Daylight,Dry,Traffic Signal,Champaign,2011,0,1,2754,POINT (-88.2451793507843 40.0944799328583),POINT,-88.2451793507843,40.0944799328583
A-Injury,Fixed object,Clear,Dawn,Dry,No Controls,Unincorporated,2004,0,1,542,POINT (-88.1985040292151 40.2353542276178),POINT,-88.1985040292151,40.2353542276178
A-Injury,Pedalcyclist,Clear,"Darkness, lighted road",Dry,Stop Sign/Flasher,Champaign,2011,0,1,2772,POINT (-88.2321094862598 40.1231018202746),POINT,-88.2321094862598,40.1231018202746
A-Injury,Pedalcyclist,Clear,Daylight,Dry,Traffic Signal,Champaign,2011,0,1,2774,POINT (-88.2576295460503 40.098149983044),POINT,-88.2576295460503,40.098149983044
A-Injury,Pedalcyclist,Clear,Daylight,Dry,No Controls,Urbana,2011,0,1,2776,POINT (-88.2223906657727 40.1128536578231),POINT,-88.2223906657727,40.1128536578231
A-Injury,Pedalcyclist,Rain,Darkness,Wet,Traffic Signal,Champaign,2011,0,1,2787,POINT (-88.2828294336201 40.1128906489453),POINT,-88.2828294336201,40.1128906489453
A-Injury,Pedalcyclist,Clear,Daylight,Dry,Stop Sign/Flasher,Champaign,2010,0,1,2794,POINT (-88.2452205430016 40.1202116119752),POINT,-88.2452205430016,40.1202116119752
A-Injury,Other non collision,Clear,Darkness,Dry,Lane Use Marking,Unincorporated,2004,0,1,543,POINT (-88.1916564839616 40.2519139809205),POINT,-88.1916564839616,40.2519139809205
A-Injury,Fixed object,Snow,Daylight,Ice,No Controls,Unincorporated,2004,0,1,544,POINT (-88.1605035739422 40.3472433733676),POINT,-88.1605035739422,40.3472433733676
A-Injury,Pedalcyclist,Clear,Daylight,Dry,No Controls,Urbana,2010,0,1,2821,POINT (-88.1906703141254 40.0949729123587),POINT,-88.1906703141254,40.0949729123587
A-Injury,Pedalcyclist,Clear,Daylight,Dry,Stop Sign/Flasher,Champaign,2010,0,1,2822,POINT (-88.2451672678201 40.1144299014552),POINT,-88.2451672678201,40.1144299014552
A-Injury,Pedalcyclist,Clear,Daylight,Dry,Traffic Signal,Urbana,2010,0,1,2823,POINT (-88.2191305958169 40.1006490504101),POINT,-88.2191305958169,40.1006490504101
A-Injury,Pedalcyclist,Clear,Daylight,Dry,Lane Use Marking,Champaign,2010,0,1,2834,POINT (-88.233343396156 40.1102842271743),POINT,-88.233343396156,40.1102842271743
A-Injury,Pedalcyclist,Clear,Daylight,Dry,Stop Sign/Flasher,Urbana,2010,0,2,2837,POINT (-88.1945610609635 40.1056791167094),POINT,-88.1945610609635,40.1056791167094
A-Injury,Pedalcyclist,Rain,"Darkness, lighted road",Dry,Traffic Signal,Rantoul,2010,0,1,2841,POINT (-88.1365217326012 40.3121193053789),POINT,-88.1365217326012,40.3121193053789
A-Injury,Pedalcyclist,Clear,Dusk,Dry,No Controls,Unincorporated,2005,0,1,2845,POINT (-88.3090279486586 39.9672169276319),POINT,-88.3090279486586,39.9672169276319
A-Injury,Pedalcyclist,Clear,Daylight,Dry,No Controls,Unincorporated,2005,0,1,2856,POINT (-88.0833097536787 39.9380197711831),POINT,-88.0833097536787,39.9380197711831
A-Injury,Pedalcyclist,Clear,Daylight,Dry,Stop Sign/Flasher,Champaign,2005,0,1,2863,POINT (-88.2403080396448 40.1079097123128),POINT,-88.2403080396448,40.1079097123128
A-Injury,Animal,Clear,Daylight,Dry,No Controls,Unincorporated,2004,0,1,545,POINT (-88.1297306771485 40.3984399375712),POINT,-88.1297306771485,40.3984399375712
A-Injury,Pedalcyclist,Clear,Daylight,Dry,Stop Sign/Flasher,Champaign,2005,0,2,2872,POINT (-88.2452015302198 40.1212000109569),POINT,-88.2452015302198,40.1212000109569
A-Injury,Pedalcyclist,Clear,Daylight,Dry,Traffic Signal,Champaign,2005,0,1,2877,POINT (-88.25795987083 40.1358411803525),POINT,-88.25795987083,40.1358411803525
A-Injury,Pedalcyclist,Rain,"Darkness, lighted road",Wet,Traffic Signal,Urbana,2005,0,1,2885,POINT (-88.2192974816069 40.1090816899573),POINT,-88.2192974816069,40.1090816899573
A-Injury,Pedalcyclist,Clear,Daylight,Dry,No Controls,Urbana,2005,0,1,2907,POINT (-88.1957224019947 40.0983651834889),POINT,-88.1957224019947,40.0983651834889
A-Injury,Pedalcyclist,Clear,Daylight,Dry,No Controls,Champaign,2005,0,1,2910,POINT (-88.2895555339923 40.0838593334532),POINT,-88.2895555339923,40.0838593334532
A-Injury,Head on,Clear,Darkness,Dry,Lane Use Marking,Mahomet,2004,0,2,546,POINT (-88.3938817076562 40.1966022283562),POINT,-88.3938817076562,40.1966022283562
A-Injury,Pedalcyclist,Clear,Daylight,Dry,Traffic Signal,Champaign,2006,0,1,2925,POINT (-88.2385192511974 40.0980520458977),POINT,-88.2385192511974,40.0980520458977
A-Injury,Pedalcyclist,Clear,Daylight,Dry,No Controls,Champaign,2006,0,1,2926,POINT (-88.2354082155845 40.1160718717565),POINT,-88.2354082155845,40.1160718717565
A-Injury,Pedalcyclist,Clear,Dusk,Dry,No Controls,Champaign,2006,0,1,2928,POINT (-88.2321202573035 40.1221311113007),POINT,-88.2321202573035,40.1221311113007
A-Injury,Pedalcyclist,Clear,Daylight,Dry,Traffic Signal,Champaign,2006,0,1,2930,POINT (-88.2468799987227 40.0835899709075),POINT,-88.2468799987227,40.0835899709075
A-Injury,Pedalcyclist,Clear,Daylight,Dry,No Controls,Champaign,2006,0,2,2949,POINT (-88.2769244718102 40.1219788830574),POINT,-88.2769244718102,40.1219788830574
A-Injury,Pedalcyclist,Clear,Daylight,Dry,Stop Sign/Flasher,Champaign,2006,0,1,2953,POINT (-88.286009854965 40.1093112266959),POINT,-88.286009854965,40.1093112266959
A-Injury,Pedalcyclist,Clear,"Darkness, lighted road",Dry,Stop Sign/Flasher,Champaign,2006,0,1,2959,POINT (-88.2337976232451 40.1272304318773),POINT,-88.2337976232451,40.1272304318773
A-Injury,Pedalcyclist,Clear,Daylight,Dry,No Controls,Champaign,2006,0,1,2960,POINT (-88.2420113332353 40.1272133866851),POINT,-88.2420113332353,40.1272133866851
A-Injury,Angle,Clear,Daylight,Dry,Lane Use Marking,Unincorporated,2004,0,5,547,POINT (-88.332827574519 40.1765904125907),POINT,-88.332827574519,40.1765904125907
A-Injury,Fixed object,Clear,"Darkness, Lighted Road",Dry,Lane Use Marking,Champaign,2004,0,1,548,POINT (-88.283388797948 40.1457635755584),POINT,-88.283388797948,40.1457635755584
A-Injury,Sideswipe same direction,Clear,Daylight,Dry,Lane Use Marking,Urbana,2004,0,1,549,POINT (-88.2283996459945 40.1349336827576),POINT,-88.2283996459945,40.1349336827576
A-Injury,Pedalcyclist,Clear,Daylight,Dry,No Controls,Champaign,2006,0,1,2973,POINT (-88.2352592343825 40.1102728847203),POINT,-88.2352592343825,40.1102728847203
A-Injury,Pedalcyclist,Clear,Daylight,Dry,No Controls,Champaign,2006,0,1,2976,POINT (-88.2322316285441 40.1102982396598),POINT,-88.2322316285441,40.1102982396598
A-Injury,Pedalcyclist,Other,Daylight,Dry,No Controls,Champaign,2006,0,2,2977,POINT (-88.2306496483993 40.1091355036389),POINT,-88.2306496483993,40.1091355036389
A-Injury,Pedalcyclist,Clear,Daylight,Wet,Unknown,Champaign,2007,0,1,2989,POINT (-88.2708296515318 40.1183930960718),POINT,-88.2708296515318,40.1183930960718
A-Injury,Pedalcyclist,Clear,Daylight,Dry,Unknown,Champaign,2007,0,1,3010,POINT (-88.2577713355649 40.1054334270971),POINT,-88.2577713355649,40.1054334270971
A-Injury,Pedalcyclist,Clear,Daylight,Dry,Unknown,Champaign,2007,0,1,3011,POINT (-88.2580042653602 40.1465021316114),POINT,-88.2580042653602,40.1465021316114
A-Injury,Pedalcyclist,Clear,Daylight,Dry,Unknown,Champaign,2007,0,1,3013,POINT (-88.2451420548944 40.1102095693657),POINT,-88.2451420548944,40.1102095693657
A-Injury,Rear end,Clear,Daylight,Dry,Traffic Signal,Urbana,2004,0,1,550,POINT (-88.2195651366074 40.1350365864752),POINT,-88.2195651366074,40.1350365864752
A-Injury,Fixed object,Clear,Daylight,Dry,Lane Use Marking,Urbana,2004,0,2,551,POINT (-88.2185036466549 40.1350448043447),POINT,-88.2185036466549,40.1350448043447
A-Injury,Pedalcyclist,Clear,Daylight,Dry,Stop Sign/Flasher,Champaign,2008,0,1,3033,POINT (-88.2578104589552 40.1153308230046),POINT,-88.2578104589552,40.1153308230046
A-Injury,Pedalcyclist,Clear,Daylight,Dry,No Controls,Champaign,2008,0,1,3038,POINT (-88.2435300201306 40.1199310733712),POINT,-88.2435300201306,40.1199310733712
A-Injury,Pedalcyclist,Clear,Daylight,Dry,Stop Sign/Flasher,Urbana,2008,0,1,3043,POINT (-88.2095897689724 40.0983004677986),POINT,-88.2095897689724,40.0983004677986
A-Injury,Pedalcyclist,Clear,Daylight,Dry,No Controls,Urbana,2008,0,1,3045,POINT (-88.2191916577329 40.1027691675909),POINT,-88.2191916577329,40.1027691675909
A-Injury,Pedalcyclist,Clear,Daylight,Dry,No Controls,Sidney,2008,0,1,3050,POINT (-88.0732927053317 40.0212770604425),POINT,-88.0732927053317,40.0212770604425
A-Injury,Pedalcyclist,Clear,Daylight,Dry,Lane Use Marking,Unincorporated,2008,0,1,3052,POINT (-87.9588764649125 40.123531906119),POINT,-87.9588764649125,40.123531906119
A-Injury,Pedalcyclist,Unknown,"Darkness, lighted road",Unknown,Unknown,Champaign,2008,0,1,3055,POINT (-88.243718748385 40.1379710246987),POINT,-88.243718748385,40.1379710246987
A-Injury,Pedalcyclist,Clear,Daylight,Dry,No Controls,Champaign,2008,0,1,3057,POINT (-88.2465231903326 40.0861055426087),POINT,-88.2465231903326,40.0861055426087
A-Injury,Pedalcyclist,Clear,Daylight,Dry,No Controls,Champaign,2008,0,1,3063,POINT (-88.2687327615422 40.1102509224503),POINT,-88.2687327615422,40.1102509224503
A-Injury,Overturned,Clear,Darkness,Dry,No Controls,Unincorporated,1999,0,3,428,POINT (-88.3032752822048 39.9532566243439),POINT,-88.3032752822048,39.9532566243439
A-Injury,Pedalcyclist,Clear,Daylight,Dry,Stop Sign/Flasher,Champaign,2008,0,1,3082,POINT (-88.2387090408223 40.1102298946413),POINT,-88.2387090408223,40.1102298946413
A-Injury,Pedalcyclist,Clear,"Darkness, lighted road",Ice,No Controls,Champaign,2008,0,2,3094,POINT (-88.2579443945964 40.1239905992661),POINT,-88.2579443945964,40.1239905992661
A-Injury,Pedalcyclist,Clear,Daylight,Dry,No Controls,Champaign,2008,0,1,3095,POINT (-88.2451556029241 40.102278905116),POINT,-88.2451556029241,40.102278905116
A-Injury,Pedalcyclist,Clear,Daylight,Dry,Stop Sign/Flasher,Champaign,2009,0,1,3099,POINT (-88.2539690304555 40.1101398853912),POINT,-88.2539690304555,40.1101398853912
A-Injury,Head on,Clear,Daylight,Dry,Other,Unincorporated,2005,0,2,566,POINT (-88.2243506801254 40.3116337826358),POINT,-88.2243506801254,40.3116337826358
A-Injury,Pedalcyclist,Clear,Daylight,Wet,Stop Sign/Flasher,Urbana,2009,0,1,3116,POINT (-88.2192505162804 40.106470328467),POINT,-88.2192505162804,40.106470328467
A-Injury,Pedalcyclist,Rain,Daylight,Wet,Traffic Signal,Champaign,2009,0,1,3118,POINT (-88.2689082271456 40.0982200985688),POINT,-88.2689082271456,40.0982200985688
A-Injury,Pedalcyclist,Clear,Daylight,Dry,No Controls,Champaign,2009,0,1,3120,POINT (-88.2384601964276 40.1272310959015),POINT,-88.2384601964276,40.1272310959015
A-Injury,Rear end,Clear,Daylight,Dry,Lane Use Marking,Unincorporated,2004,0,2,552,POINT (-88.2056269549977 40.1351197211784),POINT,-88.2056269549977,40.1351197211784
A-Injury,Fixed object,Clear,"Darkness, lighted road",Wet,No Controls,Unincorporated,2001,0,1,267,GEOMETRYCOLLECTION EMPTY,GEOMETRYCOLLECTION,EMPTY,
A-Injury,Pedalcyclist,Clear,Daylight,Dry,Stop Sign/Flasher,Urbana,2009,0,1,3125,POINT (-88.2073099058583 40.1092498606577),POINT,-88.2073099058583,40.1092498606577
A-Injury,Pedalcyclist,Clear,Daylight,Dry,No Controls,Urbana,2009,0,1,3134,POINT (-88.2036431502207 40.1188225854273),POINT,-88.2036431502207,40.1188225854273
A-Injury,Pedalcyclist,Clear,Daylight,Dry,Lane Use Marking,Unincorporated,2009,0,1,3145,POINT (-88.1703056683161 40.1124224849797),POINT,-88.1703056683161,40.1124224849797
A-Injury,Pedalcyclist,Clear,Daylight,Wet,No Controls,Champaign,2009,0,1,3146,POINT (-88.2387113515052 40.1103655802046),POINT,-88.2387113515052,40.1103655802046
A-Injury,Pedalcyclist,Clear,Daylight,Dry,No Controls,Champaign,2009,0,1,3150,POINT (-88.2290687235089 40.1163957470726),POINT,-88.2290687235089,40.1163957470726
A-Injury,Pedalcyclist,Clear,Daylight,Dry,No Controls,Urbana,2009,0,1,3153,POINT (-88.2214698894352 40.1059893569774),POINT,-88.2214698894352,40.1059893569774
A-Injury,Pedalcyclist,Clear,Daylight,Dry,Traffic Signal,Champaign,2009,0,1,3159,POINT (-88.2335627605609 40.1163558711113),POINT,-88.2335627605609,40.1163558711113
A-Injury,Pedalcyclist,Rain,Daylight,Wet,Stop Sign/Flasher,Champaign,2009,0,1,3160,POINT (-88.2353925012987 40.1126505144021),POINT,-88.2353925012987,40.1126505144021
A-Injury,Pedalcyclist,Rain,Daylight,Wet,Stop Sign/Flasher,Urbana,2009,0,1,3161,POINT (-88.2048612957363 40.0946794861427),POINT,-88.2048612957363,40.0946794861427
A-Injury,Pedalcyclist,Clear,Daylight,Dry,Other Warning Sign,Urbana,2015,0,1,3173,POINT (-88.2238781868021 40.1078989868156),POINT,-88.2238781868021,40.1078989868156
A-Injury,Turning,Clear,Daylight,Dry,No Controls,Urbana,2000,0,2,268,POINT (-88.2004532741929 40.1253133664189),POINT,-88.2004532741929,40.1253133664189
A-Injury,Overturned,Clear,Darkness,Dry,Other,Urbana,2004,0,1,553,POINT (-88.2047652640773 40.1350821313909),POINT,-88.2047652640773,40.1350821313909
A-Injury,Pedalcyclist,Clear,Daylight,Dry,Stop Sign/Flasher,Urbana,2015,0,1,3177,POINT (-88.2159898117218 40.1055501082369),POINT,-88.2159898117218,40.1055501082369
A-Injury,Pedalcyclist,Rain,Daylight,Dry,No Controls,Urbana,2015,0,2,3181,POINT (-88.2255807766883 40.1105586460607),POINT,-88.2255807766883,40.1105586460607
A-Injury,Pedalcyclist,Clear,Daylight,Dry,No Controls,Champaign,2015,0,1,3183,POINT (-88.2296420935003 40.1273273049038),POINT,-88.2296420935003,40.1273273049038
A-Injury,Pedalcyclist,Clear,Daylight,Dry,Stop Sign/Flasher,Champaign,2015,0,1,3188,POINT (-88.2575500004971 40.0896899994802),POINT,-88.2575500004971,40.0896899994802
A-Injury,Pedalcyclist,Clear,"Darkness, Lighted Road",Dry,No Controls,Champaign,2015,0,1,3199,POINT (-88.2499931481112 40.1126099997837),POINT,-88.2499931481112,40.1126099997837
A-Injury,Pedalcyclist,Clear,Daylight,Dry,No Controls,Unincorporated,2015,0,1,3208,POINT (-88.1364879739463 40.3274306821372),POINT,-88.1364879739463,40.3274306821372
A-Injury,Parked Motor Vehicle,Cloudy/Overcast,Daylight,Wet,Lane Use Marking,Unincorporated,2017,0,2,4215,POINT (-88.1547400008431 40.3547769993214),POINT,-88.1547400008431,40.3547769993214
A-Injury,Overturned,Sleet/Hail,Daylight,Ice,Lane Use Marking,Unincorporated,2017,0,2,4217,POINT (-88.3037278308057 40.0440631089145),POINT,-88.3037278308057,40.0440631089145
A-Injury,Turning,Clear,Darkness,Dry,Traffic Signal,Champaign,2017,0,4,4221,POINT (-88.2438100020065 40.1027699973246),POINT,-88.2438100020065,40.1027699973246
A-Injury,Fixed Object,Clear,Darkness,Dry,Lane Use Marking,Unincorporated,2017,0,1,4222,POINT (-88.3035310014043 39.9904449995333),POINT,-88.3035310014043,39.9904449995333
A-Injury,Rear End,Clear,"Darkness, Lighted Road",Dry,Lane Use Marking,Champaign,2017,0,2,4223,POINT (-88.2797698541232 40.1128602288735),POINT,-88.2797698541232,40.1128602288735
A-Injury,Pedestrian,Clear,Daylight,Dry,Traffic Signal,Urbana,2017,0,1,4224,POINT (-88.2144299805763 40.116461428262),POINT,-88.2144299805763,40.116461428262
A-Injury,Overturned,Snow,Darkness,Snow or Slush,No Controls,St Joseph,2017,0,1,4225,POINT (-88.0333000006917 40.1132999987383),POINT,-88.0333000006917,40.1132999987383
A-Injury,Head On,Clear,Daylight,Dry,Lane Use Marking,Unincorporated,2017,0,1,4226,POINT (-88.3342750003774 40.1695759994718),POINT,-88.3342750003774,40.1695759994718
A-Injury,Overturned,Clear,Darkness,Dry,No Controls,Unincorporated,2017,0,1,4227,POINT (-87.9577198766149 39.9887690043726),POINT,-87.9577198766149,39.9887690043726
A-Injury,Rear End,Clear,Daylight,Dry,No Controls,Urbana,2017,0,1,4228,POINT (-88.2043935684856 40.1174467960407),POINT,-88.2043935684856,40.1174467960407
A-Injury,Overturned,Clear,Daylight,Dry,Lane Use Marking,Urbana,2004,0,2,554,POINT (-88.1990210087217 40.1344895225517),POINT,-88.1990210087217,40.1344895225517
A-Injury,Fixed object,Clear,Daylight,Dry,Lane Use Marking,Unincorporated,2004,0,1,555,POINT (-88.1092985815934 40.1206411501082),POINT,-88.1092985815934,40.1206411501082
A-Injury,Fixed object,Severe cross wind,Darkness,Dry,Unkown,Unincorporated,2002,0,3,137,POINT (-88.16371056183 40.3431806810782),POINT,-88.16371056183,40.3431806810782
A-Injury,Parked Motor Vehicle,Clear,Darkness,Unkown,No Controls,Savoy,2015,0,1,2542,POINT (-88.2535614609265 40.0514405522925),POINT,-88.2535614609265,40.0514405522925
A-Injury,Fixed Object,Clear,Darkness,Dry,Unkown,Mahomet,2016,0,1,4102,POINT (-88.3789676309141 40.1915067562153),POINT,-88.3789676309141,40.1915067562153
A-Injury,Rear End,Clear,Darkness,Dry,Lane Use Marking,Unincorporated,2017,0,2,4229,POINT (-88.1373700006327 40.3611099990228),POINT,-88.1373700006327,40.3611099990228
A-Injury,Head On,Snow,Daylight,Snow or Slush,No Controls,Tolono,2017,0,3,4232,POINT (-88.2663000010807 40.0246999991579),POINT,-88.2663000010807,40.0246999991579
A-Injury,Angle,Clear,Daylight,Dry,Stop Sign/Flasher,Champaign,2017,0,1,4234,POINT (-88.2591600018975 40.1326899980798),POINT,-88.2591600018975,40.1326899980798
A-Injury,Angle,Clear,Daylight,Dry,Stop Sign/Flasher,Champaign,2017,0,1,4235,POINT (-88.2577500024471 40.1090299982779),POINT,-88.2577500024471,40.1090299982779
A-Injury,Turning,Clear,Daylight,Dry,Lane Use Marking,Unincorporated,2017,0,3,4238,POINT (-88.4265978733781 40.1105882601382),POINT,-88.4265978733781,40.1105882601382
A-Injury,Head On,Rain,"Darkness, Lighted Road",Wet,No Controls,Champaign,2017,0,2,4240,POINT (-88.2591000005158 40.1271999995199),POINT,-88.2591000005158,40.1271999995199
A-Injury,Rear End,Clear,Daylight,Wet,No Controls,Champaign,2017,0,1,4241,POINT (-88.2774000012049 40.1933999990285),POINT,-88.2774000012049,40.1933999990285
A-Injury,Angle,Fog/Smoke/Haze,Daylight,Wet,Stop Sign/Flasher,Unincorporated,2017,0,3,4242,POINT (-88.1167199969009 40.2391790605105),POINT,-88.1167199969009,40.2391790605105
A-Injury,Angle,Clear,Daylight,Dry,No Controls,Champaign,2017,0,1,4243,POINT (-88.2754369567435 40.1128347974391),POINT,-88.2754369567435,40.1128347974391
A-Injury,Other Object,Clear,Daylight,Dry,Stop Sign/Flasher,Unincorporated,2017,0,3,4246,POINT (-88.2902000008158 40.35499999862),POINT,-88.2902000008158,40.35499999862
A-Injury,Turning,Clear,Daylight,Ice,Stop Sign/Flasher,Unincorporated,2017,0,2,4247,POINT (-88.4230545325764 40.3108816795998),POINT,-88.4230545325764,40.3108816795998
A-Injury,Rear End,Clear,Daylight,Dry,No Controls,Urbana,2017,0,1,4248,POINT (-88.1905000012864 40.0876999990885),POINT,-88.1905000012864,40.0876999990885
A-Injury,Pedestrian,Clear,Daylight,Dry,Traffic Signal,Champaign,2017,0,1,4249,POINT (-88.2289300019827 40.1163999978894),POINT,-88.2289300019827,40.1163999978894
A-Injury,Turning,Clear,"Darkness, Lighted Road",Dry,Stop Sign/Flasher,Champaign,2017,0,4,4250,POINT (-88.2766000014897 40.1065999993232),POINT,-88.2766000014897,40.1065999993232
A-Injury,Angle,Clear,Daylight,Dry,Stop Sign/Flasher,Unincorporated,2017,0,2,4251,POINT (-88.2091900315803 40.0691199975197),POINT,-88.2091900315803,40.0691199975197
A-Injury,Other Object,Clear,Daylight,Dry,Stop Sign/Flasher,Tolono,2017,0,3,4253,POINT (-88.2379000010851 40.0103999988507),POINT,-88.2379000010851,40.0103999988507
A-Injury,Angle,Clear,Daylight,Dry,No Controls,Unincorporated,2017,0,3,4255,POINT (-88.0209050120218 40.2396003267284),POINT,-88.0209050120218,40.2396003267284
A-Injury,Turning,Clear,Daylight,Dry,No Controls,Champaign,2017,0,1,4256,POINT (-88.2747000011149 40.1162999992762),POINT,-88.2747000011149,40.1162999992762
A-Injury,Fixed Object,Rain,"Darkness, Lighted Road",Wet,No Controls,Champaign,2017,0,2,4257,POINT (-88.2783000011695 40.0687999993485),POINT,-88.2783000011695,40.0687999993485
A-Injury,Head On,Clear,Daylight,Dry,Traffic Signal,Champaign,2017,0,3,4258,POINT (-88.2769000010503 40.1274999991577),POINT,-88.2769000010503,40.1274999991577
A-Injury,Overturned,Severe Cross Wind,Daylight,Dry,No Controls,Tolono,2017,0,1,4259,POINT (-88.2838000008069 39.9668999989661),POINT,-88.2838000008069,39.9668999989661
A-Injury,Rear End,Clear,Daylight,Dry,No Controls,Urbana,2017,0,1,4260,POINT (-88.1906600016433 40.1420099980606),POINT,-88.1906600016433,40.1420099980606
A-Injury,Angle,Cloudy/Overcast,Daylight,Dry,Stop Sign/Flasher,Urbana,2017,0,4,4262,POINT (-88.2256900014772 40.1163999974286),POINT,-88.2256900014772,40.1163999974286
A-Injury,Fixed Object,Clear,Darkness,Dry,Stop Sign/Flasher,Unincorporated,2017,0,1,4266,POINT (-88.1373000006825 40.3590999991705),POINT,-88.1373000006825,40.3590999991705
A-Injury,Angle,Clear,Daylight,Dry,Traffic Signal,Urbana,2017,0,2,4267,POINT (-88.2090200022449 40.1165099978658),POINT,-88.2090200022449,40.1165099978658
A-Injury,Rear End,Rain,Daylight,Wet,No Controls,Urbana,2017,0,2,4268,POINT (-88.2277000009954 40.1274999991495),POINT,-88.2277000009954,40.1274999991495
A-Injury,Angle,Clear,Daylight,Dry,Stop Sign/Flasher,Unincorporated,2017,0,2,4271,POINT (-88.2329300007954 40.3115899993534),POINT,-88.2329300007954,40.3115899993534
A-Injury,Fixed Object,Clear,Daylight,Dry,No Controls,Rantoul,2017,0,1,4272,POINT (-88.1582290005961 40.3081889991685),POINT,-88.1582290005961,40.3081889991685
A-Injury,Sideswipe same direction,Clear,Daylight,Dry,Other Regualtory Sign,Unincorporated,2004,0,3,556,POINT (-88.1064875376479 40.1206652719281),POINT,-88.1064875376479,40.1206652719281
A-Injury,Overturned,Severe Cross Wind,Daylight,Dry,No Controls,Champaign,2017,0,1,4273,POINT (-88.3594000010832 40.1274999990116),POINT,-88.3594000010832,40.1274999990116
A-Injury,Overturned,Clear,Daylight,Dry,Lane Use Marking,Unincorporated,2017,0,1,4275,POINT (-88.1759880013065 40.2697499989853),POINT,-88.1759880013065,40.2697499989853
A-Injury,Rear End,Clear,Daylight,Dry,Lane Use Marking,Unincorporated,2017,0,2,4276,POINT (-88.1612410013214 39.9610409991438),POINT,-88.1612410013214,39.9610409991438
A-Injury,Rear End,Clear,Daylight,Dry,Lane Use Marking,Unincorporated,2017,0,1,4277,POINT (-88.1588330005604 40.3495919987948),POINT,-88.1588330005604,40.3495919987948
A-Injury,Turning,Clear,Daylight,Dry,Stop Sign/Flasher,Unincorporated,2017,0,3,4278,POINT (-88.3848400004246 40.3254099990214),POINT,-88.3848400004246,40.3254099990214
A-Injury,Rear End,Clear,Daylight,Dry,Other Warning Sign,Champaign,2017,0,1,4279,POINT (-88.2698600004037 40.1371599994992),POINT,-88.2698600004037,40.1371599994992
A-Injury,Angle,Clear,Daylight,Dry,Stop Sign/Flasher,Urbana,2017,0,2,4280,POINT (-88.1629000012376 40.1493999991251),POINT,-88.1629000012376,40.1493999991251
A-Injury,Turning,Clear,Daylight,Dry,Traffic Signal,Urbana,2017,0,1,4283,POINT (-88.1994314804257 40.1273899980592),POINT,-88.1994314804257,40.1273899980592
A-Injury,Rear End,Clear,Daylight,Dry,No Controls,Urbana,2017,0,1,4285,POINT (-88.1627000007434 40.1104999989548),POINT,-88.1627000007434,40.1104999989548
A-Injury,Turning,Clear,Daylight,Dry,No Controls,Urbana,2017,0,1,4286,POINT (-88.198800001084 40.127499999432),POINT,-88.198800001084,40.127499999432
A-Injury,Pedalcyclist,Clear,Daylight,Dry,Lane Use Marking,Unincorporated,2017,0,1,4288,POINT (-87.9585560012384 40.0842939992593),POINT,-87.9585560012384,40.0842939992593
A-Injury,Turning,Clear,Daylight,Dry,Traffic Signal,Champaign,2017,0,2,4289,POINT (-88.2578000011747 40.1162999992739),POINT,-88.2578000011747,40.1162999992739
A-Injury,Fixed Object,Cloudy/Overcast,Daylight,Dry,No Controls,Savoy,2017,0,1,4290,POINT (-88.251600001287 40.0514999994851),POINT,-88.251600001287,40.0514999994851
A-Injury,Head On,Clear,Daylight,Dry,Lane Use Marking,Unincorporated,2017,0,5,4291,POINT (-88.1616190012989 40.0356329993982),POINT,-88.1616190012989,40.0356329993982
A-Injury,Fixed Object,Clear,Daylight,Dry,No Controls,Unincorporated,2017,0,1,4293,POINT (-88.3806000006737 40.1282999987448),POINT,-88.3806000006737,40.1282999987448
A-Injury,Sideswipe Opposite Direction,Clear,Daylight,Dry,No Controls,Rantoul,2017,0,1,4294,POINT (-88.1275280856221 40.3121800079479),POINT,-88.1275280856221,40.3121800079479
A-Injury,Fixed Object,Clear,Daylight,Dry,No Controls,Urbana,2017,0,1,4295,POINT (-88.1901000013351 40.0545999991929),POINT,-88.1901000013351,40.0545999991929
A-Injury,Head On,Clear,Daylight,Dry,No Controls,Unincorporated,2017,0,1,4297,POINT (-88.0665000006531 40.0103999989023),POINT,-88.0665000006531,40.0103999989023
A-Injury,Turning,Clear,Daylight,Dry,No Controls,Unincorporated,2017,0,1,4299,POINT (-88.2698400180198 40.2237510384162),POINT,-88.2698400180198,40.2237510384162