crash_severity,collision_type,weather,light,road_surface,traffic_control,city,year,fatality,injury,id,Geometry,point,x,y
A-Injury,Turning,Clear,Daylight,Dry,No Controls,Mahomet,2005,0,2,626,POINT (-88.3652928688063 40.192949086665),POINT,-88.3652928688063,40.192949086665
A-Injury,Overturned,Clear,Daylight,Unknown,No Controls,Unincorporated,2005,0,1,627,POINT (-88.3466484796323 40.2889336935677),POINT,-88.3466484796323,40.2889336935677
A-Injury,Rear end,Snow,Daylight,Snow or slush,No Controls,Unincorporated,2005,0,3,628,POINT (-88.2895818863985 40.2819713074084),POINT,-88.2895818863985,40.2819713074084
A-Injury,Angle,Clear,Daylight,Dry,Stop Sign/Flasher,Unincorporated,2005,0,3,629,POINT (-88.2773710500903 40.1857928233762),POINT,-88.2773710500903,40.1857928233762
A-Injury,Angle,Clear,Daylight,Dry,No Controls,Unincorporated,2005,0,1,630,POINT (-88.2520611261902 40.3260519834875),POINT,-88.2520611261902,40.3260519834875
A-Injury,Rear end,Clear,Daylight,Dry,Traffic Signal,Unincorporated,2005,0,5,631,POINT (-88.2383853431081 40.0833348200939),POINT,-88.2383853431081,40.0833348200939
A-Injury,Angle,Clear,Daylight,Dry,No Controls,Unincorporated,2005,0,2,632,POINT (-88.2322054269778 40.2677650565446),POINT,-88.2322054269778,40.2677650565446
A-Injury,Rear end,Rain,Dusk,Wet,No Controls,Unincorporated,2005,0,3,633,POINT (-88.2414146143253 40.1779952263375),POINT,-88.2414146143253,40.1779952263375
A-Injury,Angle,Clear,Daylight,Dry,Stop sign / flasher,Unincorporated,2002,0,4,154,GEOMETRYCOLLECTION EMPTY,GEOMETRYCOLLECTION,EMPTY,
A-Injury,Turning,Rain,Daylight,Wet,No Controls,Unincorporated,2003,0,7,53,POINT (-88.2410071434575 40.1774773785141),POINT,-88.2410071434575,40.1774773785141
A-Injury,Rear end,Clear,Daylight,Dry,No Controls,Champaign,2002,0,1,178,POINT (-88.2579506453823 40.134304759746),POINT,-88.2579506453823,40.134304759746
A-Injury,Rear end,Clear,Daylight,Wet,Lane Use Marking,Unincorporated,2002,0,1,179,POINT (-88.0679470519071 40.1205563483459),POINT,-88.0679470519071,40.1205563483459
A-Injury,Angle,Clear,Daylight,Dry,Stop sign / flasher,Unincorporated,2002,0,4,180,POINT (-88.1436404898739 40.1133619603603),POINT,-88.1436404898739,40.1133619603603
A-Injury,Overturned,Clear,Daylight,Dry,No Controls,Champaign,2002,0,1,181,POINT (-88.2855342859878 40.1417014773003),POINT,-88.2855342859878,40.1417014773003
A-Injury,Angle,Clear,"Darkness, lighted road",Wet,Traffic signal,Champaign,2001,0,2,204,POINT (-88.2579296297565 40.1321592484929),POINT,-88.2579296297565,40.1321592484929
A-Injury,Rear end,Clear,Darkness,Dry,No Controls,Mahomet,2001,0,2,205,POINT (-88.4060501614799 40.1919106803159),POINT,-88.4060501614799,40.1919106803159
A-Injury,Pedalcyclist,Clear,Daylight,Dry,Stop sign / flasher,Urbana,2001,0,1,206,POINT (-88.2173925604677 40.1164525697853),POINT,-88.2173925604677,40.1164525697853
A-Injury,Angle,Clear,Daylight,Dry,Traffic signal,Champaign,2001,0,3,207,POINT (-88.2435184667744 40.1126019034444),POINT,-88.2435184667744,40.1126019034444
A-Injury,Angle,Clear,Daylight,Dry,Traffic signal,Rantoul,2001,0,2,208,POINT (-88.155770220666 40.3072851409121),POINT,-88.155770220666,40.3072851409121
A-Injury,Fixed object,Clear,Daylight,Dry,No Controls,Champaign,2001,0,1,209,POINT (-88.2536433315741 40.1126419128709),POINT,-88.2536433315741,40.1126419128709
A-Injury,Turning,Clear,Daylight,Dry,Stop sign / flasher,Ludlow,2001,0,1,210,POINT (-88.1206458143072 40.384973876269),POINT,-88.1206458143072,40.384973876269
A-Injury,Angle,Clear,"Darkness, lighted road",Dry,Traffic signal,Urbana,2001,0,3,211,POINT (-88.2193700773236 40.1164391840334),POINT,-88.2193700773236,40.1164391840334
A-Injury,Rear end,Clear,Daylight,Dry,No Controls,Champaign,2001,0,1,212,POINT (-88.2459779979151 40.0897334391264),POINT,-88.2459779979151,40.0897334391264
A-Injury,Angle,Clear,Darkness,Dry,Lane Use Marking,Urbana,2001,0,3,213,POINT (-88.1877531158196 40.1470198248382),POINT,-88.1877531158196,40.1470198248382
A-Injury,Angle,Fog/Smoke/Haze,Dawn,Dry,Stop Sign/Flasher,Unincorporated,2005,0,3,634,POINT (-88.2381941017904 40.0397306783739),POINT,-88.2381941017904,40.0397306783739
A-Injury,Fixed object,Clear,Daylight,Dry,No Controls,Unincorporated,2005,0,1,635,POINT (-88.2129008963227 39.9953353774064),POINT,-88.2129008963227,39.9953353774064
A-Injury,Overturned,Clear,Daylight,Dry,No Controls,Unincorporated,2005,0,4,636,POINT (-88.1806024664391 40.028503190631),POINT,-88.1806024664391,40.028503190631
A-Injury,Overturned,Clear,Darkness,Dry,No Controls,Unincorporated,2005,0,1,637,POINT (-88.1747486956094 40.3009303527597),POINT,-88.1747486956094,40.3009303527597
A-Injury,Fixed object,Fog/Smoke/Haze,Daylight,Wet,No Controls,Unincorporated,2005,0,1,638,POINT (-88.1747402345354 40.3001492874775),POINT,-88.1747402345354,40.3001492874775
A-Injury,Sideswipe same direction,Clear,Daylight,Dry,No Controls,Unincorporated,2005,0,1,639,POINT (-88.0618671329428 40.0477107116665),POINT,-88.0618671329428,40.0477107116665
A-Injury,Angle,Clear,Daylight,Dry,Stop Sign/Flasher,Unincorporated,2005,0,2,640,POINT (-88.0476478784679 40.0909465135461),POINT,-88.0476478784679,40.0909465135461
A-Injury,Overturned,Snow,Darkness,ICE,No Controls,Unincorporated,2005,0,1,641,POINT (-88.0210215386767 40.2600475154172),POINT,-88.0210215386767,40.2600475154172
A-Injury,Angle,Clear,Daylight,Dry,No Controls,Unincorporated,2005,0,2,642,POINT (-88.0286885540141 39.9814739247365),POINT,-88.0286885540141,39.9814739247365
A-Injury,Overturned,Clear,Darkness,Dry,No Controls,Unincorporated,2005,0,1,643,POINT (-87.9603808238565 40.1818408887469),POINT,-87.9603808238565,40.1818408887469
A-Injury,Overturned,Clear,Daylight,Dry,No Controls,Unincorporated,2000,0,1,274,POINT (-88.154414550609 40.1203824195027),POINT,-88.154414550609,40.1203824195027
A-Injury,Angle,Clear,Daylight,Unknown,Stop sign / flasher,Unincorporated,2000,0,4,275,POINT (-88.0475800229679 40.1279206537813),POINT,-88.0475800229679,40.1279206537813
A-Injury,Fixed object,Clear,Darkness,Dry,No Controls,Unincorporated,2005,0,1,644,POINT (-87.9600960839978 40.1570070428026),POINT,-87.9600960839978,40.1570070428026
A-Injury,Angle,Rain,Daylight,Wet,Stop sign / flasher,Fisher,1999,0,1,414,POINT (-88.3456874360005 40.3108032968844),POINT,-88.3456874360005,40.3108032968844
A-Injury,Rear end,Clear,Daylight,Dry,No Controls,Champaign,1999,0,2,415,POINT (-88.2579365864642 40.1326223788852),POINT,-88.2579365864642,40.1326223788852
A-Injury,Pedalcyclist,Clear,Daylight,Dry,No Controls,Unincorporated,2005,0,1,645,POINT (-88.0833097536787 39.9380197711831),POINT,-88.0833097536787,39.9380197711831
A-Injury,Overturned,Clear,Darkness,Dry,No Controls,Unincorporated,2005,0,1,646,POINT (-88.2287088010513 40.0397725990613),POINT,-88.2287088010513,40.0397725990613
A-Injury,Parked motor vehicle,Rain,Darkness,Wet,No Controls,Unincorporated,2005,0,1,647,POINT (-87.947227770609 40.0762737559901),POINT,-87.947227770609,40.0762737559901
A-Injury,Train,Rain,Darkness,Wet,RR crossing gate,Unincorporated,2005,0,2,648,POINT (-88.2154449411319 40.1710410564366),POINT,-88.2154449411319,40.1710410564366
A-Injury,Overturned,Clear,Daylight,Dry,No Controls,Unincorporated,2005,0,1,649,POINT (-88.2310072507982 40.18558050862),POINT,-88.2310072507982,40.18558050862
A-Injury,Angle,Clear,Daylight,Dry,Stop Sign/Flasher,Unincorporated,2005,0,2,650,POINT (-88.2584418466283 40.1856607096301),POINT,-88.2584418466283,40.1856607096301
A-Injury,Fixed object,Clear,Darkness,Dry,No Controls,Unincorporated,2005,0,4,651,POINT (-88.1954608949386 40.2384363937446),POINT,-88.1954608949386,40.2384363937446
A-Injury,Angle,Clear,Daylight,Dry,Stop Sign/Flasher,Unincorporated,2005,0,1,652,POINT (-88.1550789970174 40.2390584024767),POINT,-88.1550789970174,40.2390584024767
A-Injury,Rear end,Clear,Daylight,Dry,No Controls,Unincorporated,2005,0,1,653,POINT (-88.2219934485806 40.2386656429623),POINT,-88.2219934485806,40.2386656429623
A-Injury,Fixed object,Clear,Darkness,Dry,No Controls,Unincorporated,2005,0,1,654,POINT (-88.0610272436159 40.3272105679334),POINT,-88.0610272436159,40.3272105679334
A-Injury,Overturned,Clear,Daylight,Dry,Lane Use Marking,Champaign,2005,0,3,656,POINT (-88.3040228497535 40.0789712696148),POINT,-88.3040228497535,40.0789712696148
A-Injury,Animal,Clear,Darkness,Dry,No Controls,Unincorporated,2005,0,1,657,POINT (-88.3708228614363 40.2048252067201),POINT,-88.3708228614363,40.2048252067201
A-Injury,Fixed object,Clear,Daylight,Dry,No Controls,Urbana,2005,0,1,663,POINT (-88.190663 40.091114),POINT,-88.190663,40.091114
A-Injury,Angle,Clear,Daylight,Dry,Stop Sign/Flasher,Champaign,2005,0,1,658,POINT (-88.2431156508192 40.1153511273423),POINT,-88.2431156508192,40.1153511273423
A-Injury,Overturned,Clear,Daylight,Dry,Lane Use Marking,Unincorporated,2003,0,1,87,POINT (-88.1450770323244 40.367452475554),POINT,-88.1450770323244,40.367452475554
A-Injury,Angle,Rain,Daylight,Wet,Traffic Signal,Champaign,2005,0,2,659,POINT (-88.242175429205 40.1178259653945),POINT,-88.242175429205,40.1178259653945
A-Injury,Pedestrian,Clear,"Darkness, lighted road",Dry,No Controls,Champaign,2005,0,1,660,POINT (-88.2388061320679 40.1241423297854),POINT,-88.2388061320679,40.1241423297854
A-Injury,Turning,Rain,"Darkness, lighted road",Wet,Traffic Signal,Champaign,2005,0,2,661,POINT (-88.2387965888756 40.1272467301059),POINT,-88.2387965888756,40.1272467301059
A-Injury,Turning,Clear,Daylight,Dry,Stop Sign/Flasher,Urbana,2005,0,1,664,POINT (-88.1945719385318 40.1056738124593),POINT,-88.1945719385318,40.1056738124593
A-Injury,Sideswipe opposite,Clear,Dusk,Dry,No Controls,Urbana,2005,0,3,665,POINT (-88.1908143224274 40.1027595444626),POINT,-88.1908143224274,40.1027595444626
A-Injury,Overturned,Clear,Darkness,Dry,No Controls,Champaign,2005,0,1,666,POINT (-88.2468950863286 40.127764026635),POINT,-88.2468950863286,40.127764026635
A-Injury,Fixed object,Clear,Daylight,Wet,Lane Use Marking,Champaign,2005,0,1,667,POINT (-88.2406333023011 40.1174594996581),POINT,-88.2406333023011,40.1174594996581
A-Injury,Turning,Clear,Daylight,Dry,Traffic Signal,Champaign,2005,0,1,668,POINT (-88.2771912125584 40.1392387502071),POINT,-88.2771912125584,40.1392387502071
A-Injury,Fixed object,Snow,Darkness,Snow or slush,No Controls,Champaign,2005,0,1,669,POINT (-88.3133810903904 40.1041994786564),POINT,-88.3133810903904,40.1041994786564
A-Injury,Overturned,Clear,Daylight,Dry,No Controls,Urbana,2005,0,1,670,POINT (-88.1690835208639 40.0847514965423),POINT,-88.1690835208639,40.0847514965423
A-Injury,Pedalcyclist,Clear,Daylight,Dry,Stop Sign/Flasher,Champaign,2005,0,1,671,POINT (-88.2403080396448 40.1079097123128),POINT,-88.2403080396448,40.1079097123128
A-Injury,Angle,Clear,Daylight,Dry,Stop Sign/Flasher,Champaign,2005,0,1,672,POINT (-88.2386916400037 40.1079348368823),POINT,-88.2386916400037,40.1079348368823
A-Injury,Pedestrian,Clear,Daylight,Dry,No Controls,Champaign,2005,0,1,673,POINT (-88.2387058559046 40.1109134033882),POINT,-88.2387058559046,40.1109134033882
A-Injury,Fixed object,Clear,"Darkness, lighted road",Dry,No Controls,Urbana,2005,0,1,674,POINT (-88.2049274570446 40.1101037328879),POINT,-88.2049274570446,40.1101037328879
A-Injury,Angle,Clear,Daylight,Dry,Traffic Signal,Champaign,2005,0,1,675,POINT (-88.2333912475804 40.1014716446583),POINT,-88.2333912475804,40.1014716446583
A-Injury,Turning,Clear,"Darkness, lighted road",Dry,No Controls,Champaign,2005,0,1,676,POINT (-88.2334864745911 40.1070436254747),POINT,-88.2334864745911,40.1070436254747
A-Injury,Angle,Clear,Daylight,Unknown,Stop Sign/Flasher,Champaign,2005,0,1,677,POINT (-88.2334791964094 40.1054187295376),POINT,-88.2334791964094,40.1054187295376
A-Injury,Turning,Clear,Daylight,Dry,No Controls,Champaign,2005,0,2,678,POINT (-88.2321227325799 40.1231224031141),POINT,-88.2321227325799,40.1231224031141
A-Injury,Parked motor vehicle,Clear,Daylight,Dry,No Controls,Champaign,2005,0,4,679,POINT (-88.2288042793323 40.1062981320734),POINT,-88.2288042793323,40.1062981320734
A-Injury,Parked motor vehicle,Rain,Darkness,Wet,No Controls,Unincorporated,2005,0,1,680,POINT (-88.1946372518286 40.122098016945),POINT,-88.1946372518286,40.122098016945
A-Injury,Turning,Clear,Daylight,Dry,Stop Sign/Flasher,Urbana,2005,0,1,681,POINT (-88.1627197334428 40.1058488074822),POINT,-88.1627197334428,40.1058488074822
A-Injury,Turning,Clear,Daylight,Dry,Traffic Signal,Champaign,2005,0,2,682,POINT (-88.2436546610806 40.1336173296324),POINT,-88.2436546610806,40.1336173296324
A-Injury,Rear end,Clear,Daylight,Dry,No Controls,Champaign,2005,0,1,683,POINT (-88.2435193779539 40.11280805885),POINT,-88.2435193779539,40.11280805885
A-Injury,Turning,Clear,"Darkness, lighted road",ICE,Traffic Signal,Champaign,2005,0,1,685,POINT (-88.243655397993 40.1336174723992),POINT,-88.243655397993,40.1336174723992
A-Injury,Other non collision,Clear,Daylight,Dry,Traffic Signal,Champaign,2005,0,2,686,POINT (-88.2468736365427 40.0835445642901),POINT,-88.2468736365427,40.0835445642901
A-Injury,Rear end,Clear,Daylight,Dry,No Controls,Champaign,2005,0,1,687,POINT (-88.2447161228838 40.0976847235211),POINT,-88.2447161228838,40.0976847235211
A-Injury,Angle,Clear,Daylight,Dry,Traffic Signal,Champaign,2005,0,2,688,POINT (-88.2451873798106 40.1163078282572),POINT,-88.2451873798106,40.1163078282572
A-Injury,Angle,Clear,Daylight,Wet,Traffic Signal,Champaign,2005,0,2,689,POINT (-88.2451873808843 40.1163078274345),POINT,-88.2451873808843,40.1163078274345
A-Injury,Pedalcyclist,Clear,Daylight,Dry,Stop Sign/Flasher,Champaign,2005,0,2,690,POINT (-88.2452015302198 40.1212000109569),POINT,-88.2452015302198,40.1212000109569
A-Injury,Fixed object,Clear,Darkness,Unknown,Lane Use Marking,Unincorporated,2000,0,1,276,POINT (-88.188895946388 40.258676317637),POINT,-88.188895946388,40.258676317637
A-Injury,Rear end,Clear,Daylight,Snow or slush,Traffic signal,Champaign,2000,0,1,277,POINT (-88.2767915047882 40.1128753059218),POINT,-88.2767915047882,40.1128753059218
A-Injury,Overturned,Rain,Daylight,Wet,No Controls,Unincorporated,2002,0,1,175,GEOMETRYCOLLECTION EMPTY,GEOMETRYCOLLECTION,EMPTY,
A-Injury,Angle,Clear,Daylight,Dry,Stop Sign/Flasher,Champaign,2005,0,2,691,POINT (-88.2468729974285 40.1212053063892),POINT,-88.2468729974285,40.1212053063892
A-Injury,Rear end,Clear,Daylight,Dry,No Controls,Champaign,2005,0,1,692,POINT (-88.2467966607907 40.1126190665207),POINT,-88.2467966607907,40.1126190665207
A-Injury,Fixed object,Rain,"Darkness, lighted road",Wet,No Controls,Urbana,2005,0,1,693,POINT (-88.2157718749968 40.1226083038663),POINT,-88.2157718749968,40.1226083038663
A-Injury,Turning,Clear,Daylight,Dry,Stop Sign/Flasher,Champaign,2005,0,1,694,POINT (-88.2542067349254 40.1126446958958),POINT,-88.2542067349254,40.1126446958958
A-Injury,Turning,Clear,Daylight,Dry,No Controls,Champaign,2005,0,1,695,POINT (-88.2531781537485 40.1280051995481),POINT,-88.2531781537485,40.1280051995481
A-Injury,Turning,Clear,Daylight,Dry,No Controls,Urbana,2005,0,2,696,POINT (-88.2193543603226 40.1154864290368),POINT,-88.2193543603226,40.1154864290368
A-Injury,Pedalcyclist,Clear,Daylight,Dry,Traffic Signal,Champaign,2005,0,1,697,POINT (-88.25795987083 40.1358411803525),POINT,-88.25795987083,40.1358411803525
A-Injury,Turning,Clear,Daylight,Dry,Traffic Signal,Urbana,2005,0,1,698,POINT (-88.2195613492871 40.1341665890618),POINT,-88.2195613492871,40.1341665890618
A-Injury,Angle,Clear,Daylight,Dry,No Controls,Champaign,2005,0,1,699,POINT (-88.2578735563424 40.1192104624317),POINT,-88.2578735563424,40.1192104624317
A-Injury,Angle,Clear,Daylight,Dry,Stop Sign/Flasher,Urbana,2005,0,1,700,POINT (-88.2191277227523 40.1006242992693),POINT,-88.2191277227523,40.1006242992693
A-Injury,Angle,Clear,Daylight,Dry,Traffic Signal,Champaign,2005,0,2,701,POINT (-88.257766809712 40.1126589579908),POINT,-88.257766809712,40.1126589579908
A-Injury,Rear end,Clear,Daylight,Dry,Traffic Signal,Urbana,2005,0,1,702,POINT (-88.2193700773236 40.1164391840334),POINT,-88.2193700773236,40.1164391840334
A-Injury,Turning,Clear,Daylight,Dry,No Controls,Champaign,2005,0,1,704,POINT (-88.2578455644482 40.1172915290456),POINT,-88.2578455644482,40.1172915290456
A-Injury,Parked motor vehicle,Rain,Darkness,Wet,No Controls,Champaign,2005,0,1,725,POINT (-88.249404 40.118262),POINT,-88.249404,40.118262
A-Injury,Rear end,Clear,Daylight,Dry,No Controls,Champaign,2005,0,2,705,POINT (-88.2579292648432 40.132159362726),POINT,-88.2579292648432,40.132159362726
A-Injury,Pedalcyclist,Rain,"Darkness, lighted road",Wet,Traffic Signal,Urbana,2005,0,1,706,POINT (-88.2192974816069 40.1090816899573),POINT,-88.2192974816069,40.1090816899573
A-Injury,Fixed object,Clear,Daylight,Dry,Lane Use Marking,Rantoul,2003,0,2,88,POINT (-88.1840123143073 40.3082134238145),POINT,-88.1840123143073,40.3082134238145
A-Injury,Rear end,Clear,"Darkness, lighted road",Dry,Traffic Signal,Champaign,2005,0,1,707,POINT (-88.2579452748025 40.1380085089733),POINT,-88.2579452748025,40.1380085089733
A-Injury,Rear end,Clear,Daylight,Dry,Traffic Signal,Champaign,2005,0,2,708,POINT (-88.2578791989801 40.1425855141017),POINT,-88.2578791989801,40.1425855141017
A-Injury,Turning,Clear,Darkness,Dry,No Controls,Champaign,2005,0,3,709,POINT (-88.2579353490764 40.1258439381313),POINT,-88.2579353490764,40.1258439381313
A-Injury,Rear end,Clear,Daylight,Wet,No Controls,Champaign,2005,0,1,710,POINT (-88.2575950127388 40.0974659756665),POINT,-88.2575950127388,40.0974659756665
A-Injury,Turning,Clear,Daylight,Dry,Traffic Signal,Urbana,2005,0,2,711,POINT (-88.2193083578608 40.1105832101965),POINT,-88.2193083578608,40.1105832101965
A-Injury,Rear end,Clear,Daylight,Dry,No Controls,Champaign,2005,0,1,713,POINT (-88.2770048262154 40.1311021184125),POINT,-88.2770048262154,40.1311021184125
A-Injury,Turning,Clear,Daylight,Dry,Traffic Signal,Champaign,2005,0,1,714,POINT (-88.2767861162827 40.1128763148641),POINT,-88.2767861162827,40.1128763148641
A-Injury,Rear end,Clear,Daylight,Wet,No Controls,Champaign,2005,0,2,715,POINT (-88.2764949734886 40.098246201741),POINT,-88.2764949734886,40.098246201741
A-Injury,Turning,Clear,Daylight,Dry,No Controls,Champaign,2005,0,3,716,POINT (-88.2769583758299 40.127836673943),POINT,-88.2769583758299,40.127836673943
A-Injury,Turning,Snow,"Darkness, lighted road",Wet,Traffic Signal,Champaign,2005,0,1,717,POINT (-88.2764948870334 40.098246142404),POINT,-88.2764948870334,40.098246142404
A-Injury,Rear end,Clear,Daylight,Dry,Traffic Signal,Champaign,2005,0,1,718,POINT (-88.2767877785395 40.1128749178658),POINT,-88.2767877785395,40.1128749178658
A-Injury,Fixed object,Clear,Darkness,ICE,No Controls,Unincorporated,2005,0,1,719,POINT (-88.3077394050491 40.0896301034686),POINT,-88.3077394050491,40.0896301034686
A-Injury,Pedestrian,Rain,Daylight,Wet,No Controls,Urbana,2005,0,1,720,POINT (-88.2076181225184 40.1124807618199),POINT,-88.2076181225184,40.1124807618199
A-Injury,Fixed object,Clear,Daylight,Dry,No Controls,Champaign,2005,0,1,721,POINT (-88.2331368802669 40.116370718772),POINT,-88.2331368802669,40.116370718772
A-Injury,Rear end,Clear,Daylight,Dry,No Controls,Urbana,2005,0,4,722,POINT (-88.2239613691299 40.1127749752943),POINT,-88.2239613691299,40.1127749752943
A-Injury,Angle,Clear,Daylight,Dry,Traffic Signal,Champaign,2005,0,2,723,POINT (-88.2451873808843 40.1163078274345),POINT,-88.2451873808843,40.1163078274345
A-Injury,Angle,Clear,Daylight,Dry,Stop Sign/Flasher,Champaign,2005,0,2,724,POINT (-88.27245342159 40.1164057803538),POINT,-88.27245342159,40.1164057803538
A-Injury,Head on,Other,Dawn,ICE,No Controls,Urbana,2005,0,2,726,POINT (-88.221651808658 40.116429885763),POINT,-88.221651808658,40.116429885763
A-Injury,Rear end,Clear,Daylight,Dry,No Controls,Urbana,2005,0,1,727,POINT (-88.2157968373511 40.1164617677987),POINT,-88.2157968373511,40.1164617677987
A-Injury,Turning,Clear,Daylight,Dry,Traffic Signal,Urbana,2005,0,4,728,POINT (-88.2075326842257 40.1164261335155),POINT,-88.2075326842257,40.1164261335155
A-Injury,Pedestrian,Clear,Daylight,Dry,No Controls,Urbana,2005,0,1,729,POINT (-88.1678601547572 40.1133309599387),POINT,-88.1678601547572,40.1133309599387
A-Injury,Angle,Clear,Daylight,Dry,Stop Sign/Flasher,Champaign,2005,0,1,730,POINT (-88.2320864990127 40.1202537199642),POINT,-88.2320864990127,40.1202537199642
A-Injury,Pedestrian,Clear,Daylight,Dry,Traffic Signal,Urbana,2005,0,1,731,POINT (-88.20902056614 40.116525243238),POINT,-88.20902056614,40.116525243238
A-Injury,Pedestrian,Clear,Daylight,Dry,No Controls,Champaign,2005,0,1,732,POINT (-88.2518038041985 40.1255399767328),POINT,-88.2518038041985,40.1255399767328
A-Injury,Fixed object,Clear,Daylight,Dry,Traffic Signal,Champaign,2005,0,1,733,POINT (-88.2452091614293 40.127206068769),POINT,-88.2452091614293,40.127206068769
A-Injury,Fixed object,Clear,"Darkness, lighted road",Dry,No Controls,Urbana,2005,0,1,734,POINT (-88.2217984416691 40.1232804381214),POINT,-88.2217984416691,40.1232804381214
A-Injury,Turning,Clear,Daylight,Dry,No Controls,Champaign,2005,0,2,735,POINT (-88.2768509283231 40.1274225714374),POINT,-88.2768509283231,40.1274225714374
A-Injury,Angle,Clear,Daylight,Dry,No Controls,Champaign,2005,0,1,736,POINT (-88.2579480281799 40.1271725430435),POINT,-88.2579480281799,40.1271725430435
A-Injury,Turning,Clear,Daylight,Dry,No Controls,Champaign,2005,0,2,737,POINT (-88.2772941364519 40.1274276886737),POINT,-88.2772941364519,40.1274276886737
A-Injury,Fixed object,Clear,Daylight,Dry,Lane Use Marking,Unincorporated,2000,0,1,278,POINT (-88.3035283944078 40.0397403103942),POINT,-88.3035283944078,40.0397403103942
A-Injury,Rear end,Clear,Daylight,Dry,Traffic Signal,Champaign,2005,0,1,738,POINT (-88.2769606693257 40.127423520908),POINT,-88.2769606693257,40.127423520908
A-Injury,Angle,Rain,"Darkness, lighted road",Wet,Stop Sign/Flasher,Champaign,2005,0,2,739,POINT (-88.2410721698789 40.1272054633268),POINT,-88.2410721698789,40.1272054633268
A-Injury,Sideswipe - same dir,Clear,Daylight,Wet,Lane Use Marking,Champaign,1999,0,2,416,POINT (-88.2837106497151 40.1462532484607),POINT,-88.2837106497151,40.1462532484607
A-Injury,Fixed object,Clear,Daylight,Dry,No Controls,Champaign,2005,0,2,740,POINT (-88.2514646421729 40.1271978700264),POINT,-88.2514646421729,40.1271978700264
A-Injury,Rear end,Clear,Daylight,Dry,No Controls,Champaign,2005,0,8,741,POINT (-88.2707265533316 40.1273435531983),POINT,-88.2707265533316,40.1273435531983
A-Injury,Parked motor vehicle,Clear,Daylight,Dry,No Controls,Champaign,2005,0,1,743,POINT (-88.249031063703 40.1304201282358),POINT,-88.249031063703,40.1304201282358
A-Injury,Other object,Clear,Darkness,Dry,No Controls,Urbana,2005,0,1,744,POINT (-88.2078937710214 40.1274985000161),POINT,-88.2078937710214,40.1274985000161
A-Injury,Rear end,Clear,Daylight,Dry,Traffic Signal,Champaign,2005,0,2,745,POINT (-88.2767922750928 40.1128759546928),POINT,-88.2767922750928,40.1128759546928
A-Injury,Sideswipe same direction,Clear,Daylight,Dry,No Controls,Champaign,2005,0,1,746,POINT (-88.2387336864727 40.112645815513),POINT,-88.2387336864727,40.112645815513
A-Injury,Rear end,Clear,"Darkness, lighted road",Dry,Traffic Signal,Champaign,2005,0,2,747,POINT (-88.2860458398548 40.1129354097116),POINT,-88.2860458398548,40.1129354097116
A-Injury,Angle,Clear,Daylight,Dry,Traffic Signal,Champaign,2005,0,1,748,POINT (-88.2451371529597 40.1126315268338),POINT,-88.2451371529597,40.1126315268338
A-Injury,Sideswipe opposite,Clear,Daylight,Dry,No Controls,Mahomet,2006,0,2,790,POINT (-88.407802 40.191896),POINT,-88.407802,40.191896
A-Injury,Angle,Clear,Daylight,Dry,Traffic Signal,Champaign,2005,0,2,749,POINT (-88.2451371283539 40.1126314774031),POINT,-88.2451371283539,40.1126314774031
A-Injury,Turning,Clear,Daylight,Dry,Traffic Signal,Champaign,2005,0,3,750,POINT (-88.2435184919634 40.1126023240147),POINT,-88.2435184919634,40.1126023240147
A-Injury,Fixed object,Rain,"Darkness, lighted road",Wet,No Controls,Champaign,2005,0,2,751,POINT (-88.2769937214899 40.1128742770459),POINT,-88.2769937214899,40.1128742770459
A-Injury,Angle,Rain,Darkness,Wet,Traffic Signal,Champaign,2005,0,2,753,POINT (-88.2828716121879 40.1129008192942),POINT,-88.2828716121879,40.1129008192942
A-Injury,Angle,Clear,Daylight,Dry,No Controls,Champaign,2005,0,1,754,POINT (-88.2389567251659 40.1102271336529),POINT,-88.2389567251659,40.1102271336529
A-Injury,Rear end,Clear,Daylight,Dry,Lane Use Marking,Unincorporated,1999,0,4,417,POINT (-88.0395745312823 40.3127355873537),POINT,-88.0395745312823,40.3127355873537
A-Injury,Angle,Other,Daylight,Wet,Lane Use Marking,Champaign,2005,0,1,755,POINT (-88.2408361515995 40.1102188832512),POINT,-88.2408361515995,40.1102188832512
A-Injury,Fixed object,Clear,Darkness,Dry,No Controls,Champaign,2005,0,1,756,POINT (-88.2726737608662 40.1102943127658),POINT,-88.2726737608662,40.1102943127658
A-Injury,Turning,Clear,Darkness,Dry,Stop Sign/Flasher,Champaign,2005,0,1,757,POINT (-88.2335846435326 40.1102715905427),POINT,-88.2335846435326,40.1102715905427
A-Injury,Angle,Clear,Daylight,Dry,Stop Sign/Flasher,Champaign,2005,0,1,758,POINT (-88.2320172690726 40.1090755384314),POINT,-88.2320172690726,40.1090755384314
A-Injury,Unknown,Clear,Daylight,Dry,No Controls,Champaign,2005,0,4,759,POINT (-88.2577397654321 40.109038252159),POINT,-88.2577397654321,40.109038252159