crash_severity,collision_type,weather,light,road_surface,traffic_control,city,year,fatality,injury,id,Geometry,point,x,y
A-Injury,Angle,Clear,Darkness,Dry,Stop Sign/Flasher,Unincorporated,2007,0,1,1062,POINT (-88.3135170755969 40.025480828236),POINT,-88.3135170755969,40.025480828236
A-Injury,Unknown,Rain,Darkness,Wet,No Controls,Unincorporated,2007,0,1,1063,POINT (-88.2056960080738 40.1274559985396),POINT,-88.2056960080738,40.1274559985396
A-Injury,Overturned,Clear,Darkness,Dry,No Controls,Bondville,2007,0,2,1064,POINT (-88.359940379304 40.1131763323286),POINT,-88.359940379304,40.1131763323286
A-Injury,Fixed object,Clear,Darkness,Wet,No Passing,Broadlands,2007,0,1,1065,POINT (-88.002612651718 39.9082482472868),POINT,-88.002612651718,39.9082482472868
A-Injury,Overturned,Clear,Daylight,Dry,Lane Use Marking,Champaign,2007,0,3,1066,POINT (-88.3070004450569 40.1185289881077),POINT,-88.3070004450569,40.1185289881077
A-Injury,Rear end,Rain,Dusk,Wet,No Controls,Champaign,2006,0,2,898,POINT (-88.2451364292602 40.1089299533004),POINT,-88.2451364292602,40.1089299533004
A-Injury,Overturned,Clear,Daylight,Dry,Lane Use Marking,Champaign,2007,0,1,1067,POINT (-88.2862166735568 40.1471166581767),POINT,-88.2862166735568,40.1471166581767
A-Injury,Fixed object,Clear,Daylight,Dry,Lane Use Marking,Champaign,2007,0,2,1068,POINT (-88.2863548880237 40.1467418045471),POINT,-88.2863548880237,40.1467418045471
A-Injury,Overturned,Clear,Darkness,Dry,No Controls,Unincorporated,1999,0,2,429,POINT (-88.001190450865 40.12003359657),POINT,-88.001190450865,40.12003359657
A-Injury,Rear end,Clear,"Darkness, lighted road",Unknown,Traffic signal,Champaign,1999,0,2,430,POINT (-88.2578465808394 40.1182575235972),POINT,-88.2578465808394,40.1182575235972
A-Injury,Angle,Snow,Daylight,Snow or slush,No Controls,Mahomet,2000,0,1,290,POINT (-88.3937934838254 40.1965526191713),POINT,-88.3937934838254,40.1965526191713
A-Injury,Fixed object,Clear,Daylight,Dry,No Controls,Champaign,2007,0,1,1069,POINT (-88.2578883836708 40.1153317673231),POINT,-88.2578883836708,40.1153317673231
A-Injury,Fixed object,Clear,Darkness,Dry,No Controls,Champaign,2007,0,1,1070,POINT (-88.2975161221292 40.1092840571465),POINT,-88.2975161221292,40.1092840571465
A-Injury,Angle,Rain,Daylight,Wet,Stop Sign/Flasher,Champaign,2007,0,3,1119,POINT (-88.2862689475474 40.0914597572092),POINT,-88.2862689475474,40.0914597572092
A-Injury,Fixed object,Snow,Darkness,Snow or slush,No Controls,Champaign,2007,0,2,1071,POINT (-88.2646292337985 40.1163503514938),POINT,-88.2646292337985,40.1163503514938
A-Injury,Fixed object,Rain,Daylight,Wet,Lane Use Marking,Champaign,2007,0,1,1072,POINT (-88.3148080601528 40.1199977245879),POINT,-88.3148080601528,40.1199977245879
A-Injury,Fixed object,Clear,Daylight,Dry,No Controls,Champaign,2007,0,1,1073,POINT (-88.2565583465071 40.1360434958012),POINT,-88.2565583465071,40.1360434958012
A-Injury,Parked motor vehicle,Clear,Daylight,Dry,No Controls,Champaign,2007,0,1,1074,POINT (-88.2662370340083 40.12799314931),POINT,-88.2662370340083,40.12799314931
A-Injury,Parked motor vehicle,Clear,Daylight,Dry,Lane Use Marking,Champaign,2007,0,1,1075,POINT (-88.2492475508072 40.1346731964234),POINT,-88.2492475508072,40.1346731964234
A-Injury,Turning,Clear,Daylight,Dry,No Controls,Champaign,2007,0,1,1076,POINT (-88.2828086446203 40.1111404141893),POINT,-88.2828086446203,40.1111404141893
A-Injury,Turning,Clear,Darkness,Wet,Stop Sign/Flasher,Champaign,2007,0,1,1077,POINT (-88.2335495697632 40.1066008504429),POINT,-88.2335495697632,40.1066008504429
A-Injury,Turning,Clear,Daylight,Dry,Traffic Signal,Champaign,2007,0,1,1078,POINT (-88.2435310437051 40.1211423010021),POINT,-88.2435310437051,40.1211423010021
A-Injury,Turning,Clear,Daylight,Dry,Traffic Signal,Champaign,2007,0,1,1079,POINT (-88.2446040129779 40.0981081872114),POINT,-88.2446040129779,40.0981081872114
A-Injury,Turning,Rain,Daylight,Wet,Traffic Signal,Champaign,2007,0,1,1080,POINT (-88.2435325628163 40.1211416617469),POINT,-88.2435325628163,40.1211416617469
A-Injury,Turning,Clear,Daylight,Dry,Traffic Signal,Champaign,2007,0,2,1081,POINT (-88.2483421427047 40.1418527573236),POINT,-88.2483421427047,40.1418527573236
A-Injury,Turning,Clear,Daylight,Dry,Traffic Signal,Champaign,2007,0,1,1082,POINT (-88.2437307188836 40.1359596384114),POINT,-88.2437307188836,40.1359596384114
A-Injury,Turning,Clear,Daylight,Dry,No Controls,Champaign,2007,0,2,1083,POINT (-88.2769890023852 40.1274122446371),POINT,-88.2769890023852,40.1274122446371
A-Injury,Turning,Clear,Daylight,Dry,Traffic Signal,Champaign,2007,0,2,1084,POINT (-88.2468593238754 40.1271718569055),POINT,-88.2468593238754,40.1271718569055
A-Injury,Turning,Clear,Darkness,Dry,Stop Sign/Flasher,Champaign,2007,0,1,1085,POINT (-88.2767513026559 40.1103310604065),POINT,-88.2767513026559,40.1103310604065
A-Injury,Turning,Clear,Daylight,Dry,Lane Use Marking,Champaign,2007,0,2,1086,POINT (-88.2387491377119 40.1126219750527),POINT,-88.2387491377119,40.1126219750527
A-Injury,Turning,Unknown,Daylight,Dry,No Controls,Champaign,2007,0,2,1087,POINT (-88.2769913127788 40.1309519177512),POINT,-88.2769913127788,40.1309519177512
A-Injury,Turning,Rain,Daylight,Wet,Traffic Signal,Champaign,2007,0,3,1088,POINT (-88.2817420134059 40.1185004901925),POINT,-88.2817420134059,40.1185004901925
A-Injury,Turning,Clear,Daylight,Unknown,No Controls,Champaign,2007,0,1,1091,POINT (-88.2388100094233 40.1163931452971),POINT,-88.2388100094233,40.1163931452971
A-Injury,Angle,Clear,Daylight,Unknown,Stop Sign/Flasher,Savoy,2005,0,1,600,POINT (-88.2513910394785 40.0743176048519),POINT,-88.2513910394785,40.0743176048519
A-Injury,Turning,Clear,Daylight,Dry,Traffic Signal,Champaign,2007,0,1,1092,POINT (-88.2860259263499 40.1129193443347),POINT,-88.2860259263499,40.1129193443347
A-Injury,Turning,Rain,"Darkness, lighted road",Wet,Traffic Signal,Champaign,2007,0,3,1093,POINT (-88.2817408002825 40.1185041595858),POINT,-88.2817408002825,40.1185041595858
A-Injury,Turning,Clear,Daylight,Dry,Stop Sign/Flasher,Champaign,2007,0,2,1094,POINT (-88.2950796310593 40.0984686550784),POINT,-88.2950796310593,40.0984686550784
A-Injury,Rear end,Clear,Daylight,Dry,Traffic Signal,Champaign,2007,0,2,1095,POINT (-88.2579804260096 40.1322295056141),POINT,-88.2579804260096,40.1322295056141
A-Injury,Rear end,Clear,Daylight,Wet,No Controls,Champaign,2007,0,1,1096,POINT (-88.2458612336395 40.0903082264102),POINT,-88.2458612336395,40.0903082264102
A-Injury,Rear end,Clear,Daylight,Dry,No Controls,Champaign,2007,0,2,1097,POINT (-88.2579496117378 40.1270614396088),POINT,-88.2579496117378,40.1270614396088
A-Injury,Rear end,Clear,"Darkness, lighted road",Dry,Traffic Signal,Champaign,2007,0,1,1098,POINT (-88.2579508174828 40.1423011611674),POINT,-88.2579508174828,40.1423011611674
A-Injury,Rear end,Rain,Daylight,Wet,Traffic Signal,Champaign,2007,0,2,1099,POINT (-88.2576499804883 40.0981624809128),POINT,-88.2576499804883,40.0981624809128
A-Injury,Rear end,Clear,Daylight,Dry,Lane Use Marking,Champaign,2007,0,1,1100,POINT (-88.2767491715201 40.1110489297074),POINT,-88.2767491715201,40.1110489297074
A-Injury,Rear end,Sleet,Daylight,ICE,No Controls,Champaign,2007,0,1,1102,POINT (-88.2623253066529 40.1487272192134),POINT,-88.2623253066529,40.1487272192134
A-Injury,Rear end,Clear,Daylight,Dry,No Controls,Champaign,2007,0,2,1103,POINT (-88.2390099849827 40.139701946787),POINT,-88.2390099849827,40.139701946787
A-Injury,Rear end,Fog/Smoke/Haze,Daylight,ICE,No Controls,Champaign,2007,0,1,1104,POINT (-88.277067228556 40.1432557079186),POINT,-88.277067228556,40.1432557079186
A-Injury,Rear end,Snow,Daylight,Snow or slush,Stop Sign/Flasher,Champaign,2007,0,2,1105,POINT (-88.295211522821 40.0933033436063),POINT,-88.295211522821,40.0933033436063
A-Injury,Rear end,Clear,"Darkness, lighted road",Dry,No Controls,Champaign,2007,0,1,1106,POINT (-88.233765985941 40.1126502165713),POINT,-88.233765985941,40.1126502165713
A-Injury,Rear end,Clear,Daylight,Dry,Stop Sign/Flasher,Champaign,2007,0,1,1107,POINT (-88.3145688473172 40.1277984599002),POINT,-88.3145688473172,40.1277984599002
A-Injury,Rear end,Clear,Daylight,Dry,Lane Use Marking,Champaign,2007,0,1,1108,POINT (-88.2843012024425 40.1466746899161),POINT,-88.2843012024425,40.1466746899161
A-Injury,Rear end,Rain,Daylight,Wet,No Controls,Champaign,2007,0,1,1109,POINT (-88.2670514978252 40.1273195078564),POINT,-88.2670514978252,40.1273195078564
A-Injury,Rear end,Clear,Daylight,Wet,No Controls,Champaign,2007,0,1,1110,POINT (-88.2612147341652 40.1126699084371),POINT,-88.2612147341652,40.1126699084371
A-Injury,Rear end,Clear,"Darkness, lighted road",ICE,No Controls,Champaign,2007,0,2,1111,POINT (-88.26620718832 40.0836769977214),POINT,-88.26620718832,40.0836769977214
A-Injury,Rear end,Clear,Daylight,Dry,Traffic Signal,Champaign,2007,0,3,1112,POINT (-88.3143001213724 40.0986937030442),POINT,-88.3143001213724,40.0986937030442
A-Injury,Sideswipe same direction,Snow,Daylight,Snow or slush,No Controls,Champaign,2007,0,1,1113,POINT (-88.2374661839303 40.1164050627452),POINT,-88.2374661839303,40.1164050627452
A-Injury,Sideswipe same direction,Clear,Daylight,Dry,Traffic Signal,Champaign,2007,0,1,1114,POINT (-88.2436195613162 40.1272108205502),POINT,-88.2436195613162,40.1272108205502
A-Injury,Turning,Clear,Daylight,Dry,Traffic signal,Urbana,1999,0,6,431,POINT (-88.1921736899276 40.1395660925544),POINT,-88.1921736899276,40.1395660925544
A-Injury,Overturned,Clear,Daylight,Dry,Lane Use Marking,Unincorporated,1999,0,1,432,POINT (-88.1824213995815 40.2060791458896),POINT,-88.1824213995815,40.2060791458896
A-Injury,Sideswipe same direction,Clear,Daylight,Dry,No Controls,Champaign,2007,0,1,1115,POINT (-88.2578901209261 40.1153285874231),POINT,-88.2578901209261,40.1153285874231
A-Injury,Turning,Clear,Daylight,Dry,Traffic signal,Urbana,2000,0,1,291,POINT (-88.2195613721625 40.1341663829274),POINT,-88.2195613721625,40.1341663829274
A-Injury,Overturned,Clear,Darkness,Dry,Lane Use Marking,Champaign,2000,0,1,292,POINT (-88.3048411222464 40.1022329981483),POINT,-88.3048411222464,40.1022329981483
A-Injury,Sideswipe opposite,Clear,Daylight,Dry,No Controls,Champaign,2007,0,1,1116,POINT (-88.276551138823 40.1010191475465),POINT,-88.276551138823,40.1010191475465
A-Injury,Head on,Rain,"Darkness, lighted road",Wet,No Controls,Champaign,2007,0,3,1117,POINT (-88.2451242625018 40.094747995896),POINT,-88.2451242625018,40.094747995896
A-Injury,Head on,Clear,Daylight,ICE,Lane Use Marking,Champaign,2007,0,2,1118,POINT (-88.2842173595129 40.146335301775),POINT,-88.2842173595129,40.146335301775
A-Injury,Angle,Clear,Daylight,Dry,Stop Sign/Flasher,Champaign,2007,0,2,1120,POINT (-88.2414195951519 40.0945137300847),POINT,-88.2414195951519,40.0945137300847
A-Injury,Angle,Clear,Daylight,Dry,Stop Sign/Flasher,Champaign,2007,0,1,1121,POINT (-88.2578189233119 40.1117007081683),POINT,-88.2578189233119,40.1117007081683
A-Injury,Angle,Clear,Daylight,Dry,Traffic Signal,Champaign,2007,0,2,1122,POINT (-88.2767810166107 40.1128501932043),POINT,-88.2767810166107,40.1128501932043
A-Injury,Angle,Clear,Daylight,Dry,Traffic Signal,Champaign,2007,0,1,1123,POINT (-88.2769966848162 40.1274110586469),POINT,-88.2769966848162,40.1274110586469
A-Injury,Angle,Clear,Daylight,Dry,Stop Sign/Flasher,Champaign,2007,0,1,1124,POINT (-88.2788289218144 40.1256803317352),POINT,-88.2788289218144,40.1256803317352
A-Injury,Angle,Clear,Daylight,Dry,No Controls,Champaign,2007,0,1,1125,POINT (-88.2773477750964 40.1274223731947),POINT,-88.2773477750964,40.1274223731947
A-Injury,Angle,Clear,Daylight,Dry,Stop Sign/Flasher,Champaign,2007,0,2,1126,POINT (-88.2688997527026 40.1273111870775),POINT,-88.2688997527026,40.1273111870775
A-Injury,Angle,Clear,Daylight,Dry,Traffic Signal,Champaign,2007,0,2,1127,POINT (-88.2333289813959 40.0981008488475),POINT,-88.2333289813959,40.0981008488475
A-Injury,Angle,Clear,Daylight,Dry,Stop Sign/Flasher,Champaign,2007,0,1,1128,POINT (-88.2320508410524 40.1103028908707),POINT,-88.2320508410524,40.1103028908707
A-Injury,Angle,Clear,Daylight,Dry,Traffic Signal,Champaign,2007,0,1,1129,POINT (-88.2435337105053 40.1211395876116),POINT,-88.2435337105053,40.1211395876116
A-Injury,Angle,Clear,Daylight,Dry,Traffic Signal,Champaign,2007,0,3,1130,POINT (-88.2437284003033 40.1379920093783),POINT,-88.2437284003033,40.1379920093783
A-Injury,Angle,Clear,Daylight,Snow or slush,No Controls,Champaign,2007,0,1,1131,POINT (-88.2765588182045 40.1090109028929),POINT,-88.2765588182045,40.1090109028929
A-Injury,Angle,Clear,Daylight,Dry,Traffic Signal,Champaign,2007,0,1,1132,POINT (-88.2408586776982 40.1163813132471),POINT,-88.2408586776982,40.1163813132471
A-Injury,Angle,Clear,Daylight,Dry,Stop Sign/Flasher,Champaign,2007,0,5,1133,POINT (-88.2545810202741 40.1314736028775),POINT,-88.2545810202741,40.1314736028775
A-Injury,Angle,Clear,Daylight,Dry,Stop Sign/Flasher,Champaign,2007,0,3,1134,POINT (-88.2769929087708 40.1309529075875),POINT,-88.2769929087708,40.1309529075875
A-Injury,Angle,Clear,Daylight,Dry,Stop Sign/Flasher,Champaign,2007,0,3,1135,POINT (-88.2321174697654 40.1202609419564),POINT,-88.2321174697654,40.1202609419564
A-Injury,Angle,Clear,Daylight,Dry,Traffic Signal,Champaign,2007,0,1,1136,POINT (-88.2387092443107 40.1102303675156),POINT,-88.2387092443107,40.1102303675156
A-Injury,Angle,Snow,Daylight,Snow or slush,Stop Sign/Flasher,Champaign,2007,0,4,1138,POINT (-88.2955388718708 40.1223995071925),POINT,-88.2955388718708,40.1223995071925
A-Injury,Angle,Clear,"Darkness, lighted road",Dry,Traffic Signal,Champaign,2007,0,3,1139,POINT (-88.243493162767 40.1102207586163),POINT,-88.243493162767,40.1102207586163
A-Injury,Angle,Clear,Daylight,Dry,Stop Sign/Flasher,Champaign,2007,0,1,1140,POINT (-88.24108840582 40.1272190991056),POINT,-88.24108840582,40.1272190991056
A-Injury,Angle,Clear,Daylight,Dry,No Controls,Rantoul,2005,0,1,625,POINT (-88.1633697296594 40.2838068156314),POINT,-88.1633697296594,40.2838068156314
A-Injury,Unknown,Clear,Daylight,Dry,No Controls,Champaign,2007,0,1,1141,POINT (-88.2577713355649 40.1054334270971),POINT,-88.2577713355649,40.1054334270971
A-Injury,Unknown,Clear,Daylight,Wet,Stop Sign/Flasher,Champaign,2007,0,1,1142,POINT (-88.2708296515318 40.1183930960718),POINT,-88.2708296515318,40.1183930960718
A-Injury,Unknown,Clear,Daylight,Dry,Traffic Signal,Champaign,2007,0,1,1143,POINT (-88.2580042653602 40.1465021316114),POINT,-88.2580042653602,40.1465021316114
A-Injury,Unknown,Clear,Daylight,Dry,Traffic Signal,Champaign,2007,0,1,1144,POINT (-88.2451420538219 40.1102095693649),POINT,-88.2451420538219,40.1102095693649
A-Injury,Unknown,Rain,Daylight,Wet,No Controls,Champaign,2007,0,1,1145,POINT (-88.2500885189161 40.1181050454494),POINT,-88.2500885189161,40.1181050454494
A-Injury,Unknown,Clear,Daylight,Dry,No Controls,Champaign,2007,0,1,1146,POINT (-88.268901176099 40.1273122038319),POINT,-88.268901176099,40.1273122038319
A-Injury,Unknown,Fog/Smoke/Haze,Darkness,ICE,No Controls,Champaign,2007,0,1,1147,POINT (-88.2320601031212 40.1079798707699),POINT,-88.2320601031212,40.1079798707699
A-Injury,Unknown,Clear,Daylight,Dry,Traffic Signal,Champaign,2007,0,1,1148,POINT (-88.245233254143 40.1183108886021),POINT,-88.245233254143,40.1183108886021
A-Injury,Unknown,Clear,Darkness,Dry,Stop Sign/Flasher,Champaign,2007,0,1,1149,POINT (-88.2625590073818 40.1163505719297),POINT,-88.2625590073818,40.1163505719297
A-Injury,Rear end,Clear,Darkness,Dry,No Controls,Mahomet,2007,0,4,1150,POINT (-88.3653093422445 40.1930071384624),POINT,-88.3653093422445,40.1930071384624
A-Injury,Overturned,Clear,Daylight,Dry,Other Warning Sign,Ogden,2007,0,2,1152,POINT (-87.9612340099243 40.1198631686291),POINT,-87.9612340099243,40.1198631686291
A-Injury,Turning,Clear,Daylight,Dry,Lane Use Marking,Pesotum,2007,0,1,1153,POINT (-88.2808098006753 39.904909588579),POINT,-88.2808098006753,39.904909588579
A-Injury,Overturned,Clear,Daylight,Dry,No Controls,Rantoul,2007,0,1,1154,POINT (-88.1557893870442 40.3160583472146),POINT,-88.1557893870442,40.3160583472146
A-Injury,Fixed object,Severe cross wind,Daylight,Dry,No Controls,Rantoul,2007,0,3,1155,POINT (-88.1304927559154 40.3121690920512),POINT,-88.1304927559154,40.3121690920512
A-Injury,Unknown,Rain,"Darkness, lighted road",Wet,No Controls,Rantoul,2007,0,1,1156,POINT (-88.1364874527306 40.3143276256408),POINT,-88.1364874527306,40.3143276256408
A-Injury,Turning,Clear,Daylight,Dry,No Controls,Urbana,2007,0,1,1176,POINT (-88.190721 40.139557),POINT,-88.190721,40.139557
A-Injury,Parked motor vehicle,Clear,Daylight,ICE,Lane Use Marking,St. Joseph,2007,0,1,1157,POINT (-88.0462569235174 40.120479037248),POINT,-88.0462569235174,40.120479037248
A-Injury,Rear end,Snow,Daylight,Snow or slush,Lane Use Marking,St. Joseph,2007,0,1,1158,POINT (-88.0252824224563 40.1203054530783),POINT,-88.0252824224563,40.1203054530783
A-Injury,Angle,Clear,Dusk,Dry,Lane Use Marking,St. Joseph,2007,0,1,1159,POINT (-88.0430833677139 40.1194166462046),POINT,-88.0430833677139,40.1194166462046
A-Injury,Overturned,Clear,Daylight,"Sand, mud, dirt",Traffic Signal,Savoy,2007,0,1,1160,POINT (-88.2491691838204 40.0690019176691),POINT,-88.2491691838204,40.0690019176691
A-Injury,Overturned,Clear,Daylight,Dry,Lane Use Marking,Tolono,2007,0,1,1161,POINT (-88.2641584331331 39.9742344132803),POINT,-88.2641584331331,39.9742344132803
A-Injury,Pedestrian,Clear,Daylight,Dry,Traffic signal,Champaign,1999,0,1,433,POINT (-88.2578465808394 40.1182575235972),POINT,-88.2578465808394,40.1182575235972
A-Injury,Overturned,Clear,Daylight,"Sand, mud, dirt",No Controls,Unincorporated,1999,0,1,434,POINT (-88.1449940481123 40.3422124788197),POINT,-88.1449940481123,40.3422124788197
A-Injury,Overturned,Clear,Daylight,Dry,Lane Use Marking,Urbana,2007,0,3,1162,POINT (-88.1778454691913 40.1233859833921),POINT,-88.1778454691913,40.1233859833921
A-Injury,Overturned,Clear,Daylight,Dry,No Controls,Urbana,2007,0,1,1163,POINT (-88.1626218353641 40.1169126398707),POINT,-88.1626218353641,40.1169126398707
A-Injury,Fixed object,Rain,Daylight,Wet,Stop Sign/Flasher,Urbana,2007,0,1,1164,POINT (-88.2077197272199 40.1274801009176),POINT,-88.2077197272199,40.1274801009176
A-Injury,Fixed object,Clear,Daylight,Dry,No Controls,Urbana,2007,0,1,1165,POINT (-88.1626260612232 40.115207621305),POINT,-88.1626260612232,40.115207621305
A-Injury,Fixed object,Clear,Daylight,Dry,No Controls,Urbana,2007,0,2,1166,POINT (-88.2192371820504 40.1054323982584),POINT,-88.2192371820504,40.1054323982584
A-Injury,Fixed object,Clear,"Darkness, lighted road",Dry,Traffic Signal,Urbana,2007,0,1,1167,POINT (-88.21954920919 40.1274100527874),POINT,-88.21954920919,40.1274100527874
A-Injury,Fixed object,Clear,Daylight,Dry,Lane Use Marking,Urbana,2007,0,1,1168,POINT (-88.1975655634283 40.1350483917498),POINT,-88.1975655634283,40.1350483917498
A-Injury,Parked motor vehicle,Clear,Daylight,Dry,No Controls,Urbana,2007,0,2,1169,POINT (-88.2072988737839 40.1085675739047),POINT,-88.2072988737839,40.1085675739047
A-Injury,Parked motor vehicle,Clear,Daylight,Wet,No Controls,Urbana,2007,0,3,1170,POINT (-88.1840097733877 40.0987341180544),POINT,-88.1840097733877,40.0987341180544
A-Injury,Turning,Clear,Daylight,Dry,No Controls,Urbana,2007,0,2,1171,POINT (-88.2243218208538 40.1273608240827),POINT,-88.2243218208538,40.1273608240827
A-Injury,Turning,Clear,Daylight,Dry,No Controls,Urbana,2007,0,2,1172,POINT (-88.2050001943013 40.1135688260002),POINT,-88.2050001943013,40.1135688260002
A-Injury,Turning,Clear,Daylight,Dry,Stop Sign/Flasher,Urbana,2007,0,1,1173,POINT (-88.2207395979397 40.1163971960967),POINT,-88.2207395979397,40.1163971960967
A-Injury,Turning,Clear,Daylight,Dry,Stop Sign/Flasher,Urbana,2007,0,2,1174,POINT (-88.1784390573706 40.1129947345958),POINT,-88.1784390573706,40.1129947345958
A-Injury,Turning,Clear,Daylight,Dry,No Controls,Urbana,2007,0,1,1175,POINT (-88.2024525972295 40.1163008733183),POINT,-88.2024525972295,40.1163008733183
A-Injury,Turning,Clear,Daylight,Dry,No Controls,Urbana,2007,0,1,1177,POINT (-88.2074939688431 40.1158760307119),POINT,-88.2074939688431,40.1158760307119
A-Injury,Rear end,Clear,Daylight,Dry,Traffic Signal,Urbana,2007,0,1,1178,POINT (-88.2194628955834 40.1164205773023),POINT,-88.2194628955834,40.1164205773023
A-Injury,Rear end,Clear,Daylight,Dry,Traffic Signal,Urbana,2007,0,1,1179,POINT (-88.2049482001446 40.1092713009201),POINT,-88.2049482001446,40.1092713009201
A-Injury,Rear end,Clear,Dawn,Dry,No Controls,Urbana,2007,0,3,1180,POINT (-88.167071127578 40.1058619942812),POINT,-88.167071127578,40.1058619942812
A-Injury,Rear end,Clear,Dusk,Dry,No Controls,Urbana,2007,0,1,1181,POINT (-88.2194917101719 40.1238595745715),POINT,-88.2194917101719,40.1238595745715
A-Injury,Sideswipe same direction,Fog/Smoke/Haze,Daylight,Dry,Yield,Urbana,2007,0,1,1182,POINT (-88.2127671734539 40.1164695305539),POINT,-88.2127671734539,40.1164695305539
A-Injury,Angle,Clear,"Darkness, lighted road",Dry,Traffic Signal,Urbana,2007,0,2,1183,POINT (-88.2049997505706 40.1162761251916),POINT,-88.2049997505706,40.1162761251916
A-Injury,Angle,Clear,Daylight,Dry,Traffic Signal,Urbana,2007,0,1,1184,POINT (-88.1784414856426 40.1140907408361),POINT,-88.1784414856426,40.1140907408361
A-Injury,Angle,Clear,Daylight,Dry,Traffic Signal,Urbana,2007,0,1,1185,POINT (-88.2156206853926 40.116440213576),POINT,-88.2156206853926,40.116440213576
A-Injury,Unknown,Clear,Daylight,Dry,Traffic Signal,Urbana,2007,0,1,1186,POINT (-88.219401969333 40.1128423336743),POINT,-88.219401969333,40.1128423336743
A-Injury,Unknown,Clear,Dusk,Dry,Traffic Signal,Urbana,2007,0,1,1188,POINT (-88.2195085825499 40.1200907213728),POINT,-88.2195085825499,40.1200907213728
A-Injury,Unknown,Clear,Daylight,Dry,Traffic Signal,Urbana,2007,0,1,1189,POINT (-88.2089190150263 40.1124915473748),POINT,-88.2089190150263,40.1124915473748
A-Injury,Sideswipe - same dir,Clear,Darkness,Dry,Lane Use Marking,Unincorporated,2003,0,1,94,POINT (-88.141706268871 40.3742122832618),POINT,-88.141706268871,40.3742122832618
A-Injury,Unknown,Clear,Daylight,Dry,No Controls,Urbana,2007,0,1,1190,POINT (-88.2194976560578 40.1206386616805),POINT,-88.2194976560578,40.1206386616805
A-Injury,Unknown,Clear,Daylight,Dry,Traffic Signal,Urbana,2007,0,1,1191,POINT (-88.2192508406763 40.1059790852007),POINT,-88.2192508406763,40.1059790852007
A-Injury,Unknown,Clear,Daylight,Dry,Traffic Signal,Urbana,2007,0,1,1192,POINT (-88.204995205202 40.1162792641262),POINT,-88.204995205202,40.1162792641262
A-Injury,Unknown,Clear,Daylight,Unknown,No Controls,Urbana,2007,0,1,1193,POINT (-88.2217103700922 40.1090800166509),POINT,-88.2217103700922,40.1090800166509
A-Injury,Overturned,Clear,Daylight,Wet,Lane Use Marking,Unincorporated,2008,0,1,1194,POINT (-88.2930509487165 39.8818621799639),POINT,-88.2930509487165,39.8818621799639
A-Injury,Head on,Snow,Dusk,Snow or slush,Lane Use Marking,Unincorporated,2008,0,1,1195,POINT (-88.3030891750266 39.9488287697635),POINT,-88.3030891750266,39.9488287697635
A-Injury,Angle,Clear,Daylight,Snow or slush,Stop Sign/Flasher,Champaign,2008,0,2,1196,POINT (-88.2500116175084 40.1090093964038),POINT,-88.2500116175084,40.1090093964038
A-Injury,PARKED MOTOR VEHICLE,Snow,Daylight,Snow or slush,No Controls,Champaign,2008,0,1,1197,POINT (-88.3223467120599 40.0969953650989),POINT,-88.3223467120599,40.0969953650989
A-Injury,Turning,Clear,Daylight,Dry,No Controls,Champaign,2008,0,2,1198,POINT (-88.2531983588283 40.1271896729577),POINT,-88.2531983588283,40.1271896729577
A-Injury,PARKED MOTOR VEHICLE,SEVERE CROSS WIND,Darkness,Dry,No Controls,Unincorporated,2008,0,2,1199,POINT (-88.0615710642772 40.1204187611536),POINT,-88.0615710642772,40.1204187611536
A-Injury,Turning,Clear,Daylight,Wet,No Controls,Champaign,2008,0,1,1201,POINT (-88.2387313544736 40.1156520935822),POINT,-88.2387313544736,40.1156520935822
A-Injury,Turning,Clear,Daylight,Dry,Traffic Signal,Champaign,2008,0,1,1202,POINT (-88.2578400091986 40.116319489117),POINT,-88.2578400091986,40.116319489117
A-Injury,Angle,Clear,Daylight,Dry,Traffic Signal,Urbana,2008,0,3,1203,POINT (-88.2193810318502 40.1164311332551),POINT,-88.2193810318502,40.1164311332551
A-Injury,Fixed object,Clear,"Darkness, lighted road",Dry,Traffic Signal,Champaign,2008,0,1,1204,POINT (-88.2767707467697 40.1128502620329),POINT,-88.2767707467697,40.1128502620329
A-Injury,Turning,Snow,Daylight,Snow or slush,Lane Use Marking,Unincorporated,2008,0,1,1205,POINT (-88.3150582382125 40.1606312127145),POINT,-88.3150582382125,40.1606312127145
A-Injury,Angle,Snow,Daylight,Snow or slush,Lane Use Marking,Urbana,2008,0,1,1206,POINT (-88.1726691205008 40.1210087188572),POINT,-88.1726691205008,40.1210087188572
A-Injury,Pedestrian,Rain,"Darkness, lighted road",Wet,Stop Sign/Flasher,Urbana,2008,0,1,1207,POINT (-88.2144568567194 40.1183410234458),POINT,-88.2144568567194,40.1183410234458
A-Injury,Fixed object,Rain,Daylight,Ice,No Controls,Unincorporated,2008,0,2,1208,POINT (-88.2899595997079 40.3183342745879),POINT,-88.2899595997079,40.3183342745879
A-Injury,Rear end,Clear,"Darkness, lighted road",Dry,Traffic signal,Urbana,1999,0,2,435,POINT (-88.2269356648049 40.1164076697114),POINT,-88.2269356648049,40.1164076697114
A-Injury,Turning,Clear,Darkness,Dry,Stop Sign/Flasher,Champaign,2008,0,2,1209,POINT (-88.2320504653094 40.110299991431),POINT,-88.2320504653094,40.110299991431