crash_severity,collision_type,weather,light,road_surface,traffic_control,city,year,fatality,injury,id,Geometry,point,x,y
A-Injury,Pedalcyclist,Clear,Daylight,Dry,Stop Sign/Flasher,Champaign,2008,0,1,1210,POINT (-88.2578104589552 40.1153308230046),POINT,-88.2578104589552,40.1153308230046
A-Injury,Rear end,Clear,Daylight,Dry,Traffic Signal,Rantoul,2008,0,3,1211,POINT (-88.155799676328 40.3081906655675),POINT,-88.155799676328,40.3081906655675
A-Injury,Rear end,Clear,Daylight,Dry,No Controls,Champaign,2010,0,2,1721,POINT (-88.2354149370112 40.1163402150074),POINT,-88.2354149370112,40.1163402150074
A-Injury,Pedestrian,Clear,Daylight,Dry,Traffic Signal,Champaign,2008,0,1,1212,POINT (-88.2579034539181 40.1182694417485),POINT,-88.2579034539181,40.1182694417485
A-Injury,Rear end,Clear,Daylight,Snow or slush,No Controls,Champaign,2008,0,1,1213,POINT (-88.2302995138192 40.1068697460735),POINT,-88.2302995138192,40.1068697460735
A-Injury,Turning,Clear,Daylight,Unknown,Stop sign / flasher,Champaign,2000,0,2,293,POINT (-88.3145129624667 40.1132597945671),POINT,-88.3145129624667,40.1132597945671
A-Injury,Angle,Snow,Daylight,Snow or slush,Traffic Signal,Champaign,2008,0,2,1214,POINT (-88.2451490298286 40.1125905467255),POINT,-88.2451490298286,40.1125905467255
A-Injury,Rear end,Snow,Daylight,Snow or slush,Traffic Signal,Champaign,2008,0,1,1215,POINT (-88.257790646342 40.1101590277394),POINT,-88.257790646342,40.1101590277394
A-Injury,Fixed object,Clear,Darkness,Dry,No Controls,Unincorporated,2008,0,1,1216,POINT (-88.1705574110777 40.0110006109141),POINT,-88.1705574110777,40.0110006109141
A-Injury,Fixed object,Clear,Daylight,Dry,Lane Use Marking,Unincorporated,2008,0,1,1217,POINT (-87.987016238915 40.1200126184813),POINT,-87.987016238915,40.1200126184813
A-Injury,Rear end,Clear,Daylight,Wet,Stop Sign/Flasher,Champaign,2008,0,1,1218,POINT (-88.2627089998404 40.1272311890865),POINT,-88.2627089998404,40.1272311890865
A-Injury,Rear end,FOG/SMOKE/HAZE,Daylight,Wet,Stop Sign/Flasher,Unincorporated,2008,0,1,1219,POINT (-88.0665285360445 39.9818195432653),POINT,-88.0665285360445,39.9818195432653
A-Injury,Pedestrian,Clear,Daylight,Dry,No Controls,Champaign,2008,0,1,1220,POINT (-88.2350448087219 40.1102729055467),POINT,-88.2350448087219,40.1102729055467
A-Injury,SIDESWIPE OPPOSITE DIRECTION,Clear,Daylight,Dry,Lane Use Marking,Unincorporated,2008,0,1,1221,POINT (-88.0112427541642 40.1115880298996),POINT,-88.0112427541642,40.1115880298996
A-Injury,Rear end,Clear,Daylight,Dry,Lane Use Marking,Unincorporated,2008,0,1,1222,POINT (-88.3017242626669 39.924464755615),POINT,-88.3017242626669,39.924464755615
A-Injury,Turning,Clear,Daylight,Dry,Traffic Signal,Champaign,2008,0,2,1223,POINT (-88.2581194231064 40.1568090833219),POINT,-88.2581194231064,40.1568090833219
A-Injury,Fixed object,Clear,Daylight,Dry,No Controls,Unincorporated,2008,0,2,1224,POINT (-88.098409946264 40.3234094456989),POINT,-88.098409946264,40.3234094456989
A-Injury,Fixed object,Snow,Daylight,Ice,No Controls,Unincorporated,2008,0,1,1225,POINT (-88.1019764153491 40.0258394252034),POINT,-88.1019764153491,40.0258394252034
A-Injury,Fixed object,Clear,Darkness,Dry,No Controls,Unincorporated,2008,0,1,1226,POINT (-87.9598155074269 40.141918040663),POINT,-87.9598155074269,40.141918040663
A-Injury,Angle,Clear,Daylight,Dry,Stop Sign/Flasher,Champaign,2008,0,1,1227,POINT (-88.2353909059743 40.1126505256805),POINT,-88.2353909059743,40.1126505256805
A-Injury,Fixed object,Clear,Daylight,Dry,No Controls,Unincorporated,2008,0,1,1228,POINT (-88.3518034821907 40.1566490476403),POINT,-88.3518034821907,40.1566490476403
A-Injury,SIDESWIPE SAME DIRECTION,Clear,"Darkness, lighted road",Dry,No Controls,Champaign,2008,0,1,1229,POINT (-88.2625585333191 40.1163505230516),POINT,-88.2625585333191,40.1163505230516
A-Injury,PARKED MOTOR VEHICLE,Clear,Daylight,Dry,No Controls,Champaign,2008,0,4,1230,POINT (-88.288852099379 40.0935268410522),POINT,-88.288852099379,40.0935268410522
A-Injury,Angle,Clear,Daylight,Dry,Stop Sign/Flasher,THOMASBORO,2008,0,1,1231,POINT (-88.1830090836122 40.2388013413109),POINT,-88.1830090836122,40.2388013413109
A-Injury,Fixed object,Clear,Daylight,Dry,Lane Use Marking,Unincorporated,2008,0,1,1232,POINT (-88.3233451204385 40.1203908241576),POINT,-88.3233451204385,40.1203908241576
A-Injury,Angle,Rain,Daylight,Wet,Stop Sign/Flasher,Champaign,2008,0,1,1233,POINT (-88.2815120657355 40.0870573426647),POINT,-88.2815120657355,40.0870573426647
A-Injury,Fixed object,Clear,Daylight,Dry,No Controls,Champaign,2008,0,1,1235,POINT (-88.2816320233082 40.1110757570861),POINT,-88.2816320233082,40.1110757570861
A-Injury,Turning,Clear,Daylight,Dry,Lane Use Marking,Unincorporated,2003,0,5,95,POINT (-88.1611959509165 39.9526789861119),POINT,-88.1611959509165,39.9526789861119
A-Injury,Rear end,Rain,Daylight,Wet,Lane Use Marking,Unincorporated,2008,0,1,1236,POINT (-87.9451103028431 40.1199894526119),POINT,-87.9451103028431,40.1199894526119
A-Injury,Fixed object,Rain,Daylight,Wet,Lane Use Marking,Urbana,2008,0,1,1237,POINT (-88.196988011614 40.1342496577002),POINT,-88.196988011614,40.1342496577002
A-Injury,Pedalcyclist,Clear,Daylight,Dry,No Controls,Champaign,2008,0,1,1239,POINT (-88.2435300201306 40.1199310733712),POINT,-88.2435300201306,40.1199310733712
A-Injury,Turning,Clear,Daylight,Dry,Traffic Signal,Champaign,2008,0,1,1240,POINT (-88.2437286798959 40.1359702589919),POINT,-88.2437286798959,40.1359702589919
A-Injury,Angle,Rain,Daylight,Wet,No Controls,Unincorporated,2008,0,2,1241,POINT (-88.1037608406865 39.8946302091581),POINT,-88.1037608406865,39.8946302091581
A-Injury,Overturned,Clear,Daylight,Dry,No Controls,Unincorporated,2008,0,2,1242,POINT (-87.9951896400807 40.1867790815039),POINT,-87.9951896400807,40.1867790815039
A-Injury,Fixed object,Clear,"Darkness, lighted road",Dry,No Controls,Champaign,2008,0,1,1243,POINT (-88.2433690203954 40.1348681628906),POINT,-88.2433690203954,40.1348681628906
A-Injury,SIDESWIPE SAME DIRECTION,Clear,Daylight,Dry,Lane Use Marking,Unincorporated,2008,0,2,1244,POINT (-88.3036288532877 40.0010125876101),POINT,-88.3036288532877,40.0010125876101
A-Injury,Rear end,Clear,Daylight,Dry,Lane Use Marking,Unincorporated,2008,0,2,1245,POINT (-88.1606039685631 39.9017157065198),POINT,-88.1606039685631,39.9017157065198
A-Injury,Rear end,Clear,Daylight,Dry,Lane Use Marking,Champaign,2008,0,3,1246,POINT (-88.2697656889859 40.1587230341984),POINT,-88.2697656889859,40.1587230341984
A-Injury,SIDESWIPE OPPOSITE DIRECTION,Clear,Daylight,Dry,No Controls,Urbana,2008,0,2,1247,POINT (-88.1679417548738 40.1133199771964),POINT,-88.1679417548738,40.1133199771964
A-Injury,Angle,Clear,Daylight,Dry,Stop Sign/Flasher,Urbana,2008,0,1,1250,POINT (-88.2049505325442 40.1007802374263),POINT,-88.2049505325442,40.1007802374263
A-Injury,SIDESWIPE SAME DIRECTION,Clear,Daylight,Wet,No Controls,Urbana,2008,0,1,1251,POINT (-88.2074525847692 40.1164051817504),POINT,-88.2074525847692,40.1164051817504
A-Injury,Head on,Clear,Daylight,Snow or slush,No Controls,Urbana,2008,0,1,1252,POINT (-88.2194866730592 40.1241076605652),POINT,-88.2194866730592,40.1241076605652
A-Injury,Angle,Clear,Daylight,Snow or slush,Stop Sign/Flasher,Urbana,2008,0,1,1253,POINT (-88.1945100021361 40.1394200011428),POINT,-88.1945100021361,40.1394200011428
A-Injury,Fixed object,Clear,"Darkness, lighted road",Dry,Stop Sign/Flasher,Urbana,2008,0,2,1254,POINT (-88.1955510588758 40.0983807414333),POINT,-88.1955510588758,40.0983807414333
A-Injury,Rear end,Clear,"Darkness, lighted road",Dry,Traffic Signal,Champaign,2008,0,1,1255,POINT (-88.2451489490525 40.1125869277862),POINT,-88.2451489490525,40.1125869277862
A-Injury,Fixed object,Clear,Daylight,Dry,No Controls,Unincorporated,2008,0,1,1256,POINT (-88.1801965159177 40.1143604480735),POINT,-88.1801965159177,40.1143604480735
A-Injury,Fixed object,Clear,"Darkness, lighted road",Dry,Stop Sign/Flasher,Urbana,2008,0,1,1257,POINT (-88.1877807419806 40.1274706357345),POINT,-88.1877807419806,40.1274706357345
A-Injury,Turning,Rain,"Darkness, lighted road",Wet,Traffic signal,Champaign,1999,0,6,436,POINT (-88.2769570957819 40.1274234623449),POINT,-88.2769570957819,40.1274234623449
A-Injury,Turning,Clear,Daylight,Dry,No Controls,Rantoul,1999,0,2,437,POINT (-88.1327221498801 40.3121521288532),POINT,-88.1327221498801,40.3121521288532
A-Injury,Angle,Clear,Daylight,Dry,No Controls,Unincorporated,2008,0,3,1258,POINT (-88.1045816203969 40.0549089824834),POINT,-88.1045816203969,40.0549089824834
A-Injury,Overturned,Clear,Daylight,Dry,No Controls,Unincorporated,2008,0,1,1259,POINT (-88.4410690653363 40.1825982313747),POINT,-88.4410690653363,40.1825982313747
A-Injury,Rear end,Clear,Daylight,Dry,No Controls,Unincorporated,2008,0,2,1260,POINT (-88.0812317643962 40.0259000124822),POINT,-88.0812317643962,40.0259000124822
A-Injury,Overturned,Clear,Daylight,Dry,No Controls,Unincorporated,2008,0,1,1261,POINT (-88.071654937919 40.1495348570162),POINT,-88.071654937919,40.1495348570162
A-Injury,Angle,Clear,Daylight,Dry,Stop Sign/Flasher,Unincorporated,2008,0,4,1262,POINT (-88.2378607252645 40.0104687411648),POINT,-88.2378607252645,40.0104687411648
A-Injury,Fixed object,Clear,Daylight,Dry,Lane Use Marking,Urbana,2000,0,1,294,POINT (-88.2202504060083 40.1350292565106),POINT,-88.2202504060083,40.1350292565106
A-Injury,Rear end,Clear,Daylight,Wet,No Controls,Champaign,2008,0,1,1263,POINT (-88.27726184028 40.1400601144227),POINT,-88.27726184028,40.1400601144227
A-Injury,Pedestrian,Clear,Daylight,Dry,Stop Sign/Flasher,Champaign,2008,0,1,1264,POINT (-88.2468687766537 40.1202113312187),POINT,-88.2468687766537,40.1202113312187
A-Injury,Rear end,Clear,Daylight,Dry,Police/Flagman,Unincorporated,2008,0,1,1265,POINT (-88.2869070498407 40.1426430560173),POINT,-88.2869070498407,40.1426430560173
A-Injury,Rear end,Clear,Daylight,Wet,No Controls,Urbana,2008,0,1,1266,POINT (-88.2228113986695 40.0981690916987),POINT,-88.2228113986695,40.0981690916987
A-Injury,Fixed object,Clear,Daylight,Dry,Traffic Signal,Urbana,2008,0,1,1267,POINT (-88.1836568058261 40.1159400412944),POINT,-88.1836568058261,40.1159400412944
A-Injury,Pedalcyclist,Clear,Daylight,Dry,Stop Sign/Flasher,Urbana,2008,0,1,1268,POINT (-88.2095897689724 40.0983004677986),POINT,-88.2095897689724,40.0983004677986
A-Injury,Pedestrian,Clear,Daylight,Dry,Traffic Signal,Urbana,2008,0,1,1269,POINT (-88.2239889413726 40.1128111217479),POINT,-88.2239889413726,40.1128111217479
A-Injury,Turning,Clear,Daylight,Dry,Traffic Signal,Urbana,2008,0,2,1270,POINT (-88.2050012736326 40.1124497905026),POINT,-88.2050012736326,40.1124497905026
A-Injury,Rear end,Clear,Daylight,Dry,Traffic Signal,Urbana,2008,0,1,1271,POINT (-88.1965555794772 40.1323984622316),POINT,-88.1965555794772,40.1323984622316
A-Injury,Turning,Clear,Dusk,Dry,Traffic Signal,Champaign,2008,0,2,1272,POINT (-88.2579793650931 40.1321710482866),POINT,-88.2579793650931,40.1321710482866
A-Injury,Pedalcyclist,Clear,Daylight,Dry,No Controls,Urbana,2008,0,1,1273,POINT (-88.2191916577329 40.1027691675909),POINT,-88.2191916577329,40.1027691675909
A-Injury,PARKED MOTOR VEHICLE,Clear,Daylight,Dry,No Controls,Champaign,2008,0,1,1274,POINT (-88.290832420248 40.1003702189692),POINT,-88.290832420248,40.1003702189692
A-Injury,Fixed object,Rain,Daylight,Wet,Lane Use Marking,Champaign,2008,0,4,1275,POINT (-88.2982501109759 40.1198065527188),POINT,-88.2982501109759,40.1198065527188
A-Injury,Rear end,Clear,Daylight,Dry,Lane Use Marking,Champaign,2008,0,1,1276,POINT (-88.2680045133087 40.1368940031897),POINT,-88.2680045133087,40.1368940031897
A-Injury,Rear end,Clear,Daylight,Dry,Lane Use Marking,Champaign,2008,0,1,1277,POINT (-88.3009785412851 40.1309905701445),POINT,-88.3009785412851,40.1309905701445
A-Injury,SIDESWIPE OPPOSITE DIRECTION,Clear,Darkness,Dry,Lane Use Marking,Unincorporated,2008,0,2,1278,POINT (-88.3939768740301 40.2464998552818),POINT,-88.3939768740301,40.2464998552818
A-Injury,Rear end,Clear,Daylight,Dry,Lane Use Marking,Unincorporated,2008,0,3,1279,POINT (-88.0594453065269 40.120589787305),POINT,-88.0594453065269,40.120589787305
A-Injury,Overturned,Rain,Daylight,Wet,Lane Use Marking,Unincorporated,2008,0,1,1280,POINT (-88.3037077626121 40.0703080311917),POINT,-88.3037077626121,40.0703080311917
A-Injury,PARKED MOTOR VEHICLE,Clear,Daylight,Dry,No Controls,Rantoul,2008,0,1,1281,POINT (-88.140570670247 40.308135523233),POINT,-88.140570670247,40.308135523233
A-Injury,Fixed object,Clear,Daylight,Dry,No Controls,Unincorporated,2008,0,1,1282,POINT (-88.1428981020315 40.0476488497912),POINT,-88.1428981020315,40.0476488497912
A-Injury,Pedalcyclist,Clear,Daylight,Dry,No Controls,Sidney,2008,0,1,1284,POINT (-88.0732927053317 40.0212770604425),POINT,-88.0732927053317,40.0212770604425
A-Injury,Other non collision,Clear,Daylight,Dry,No Controls,Unincorporated,2008,0,1,1285,POINT (-88.1468041518964 39.9674630073438),POINT,-88.1468041518964,39.9674630073438
A-Injury,Fixed object,Unknown,UNKNOWN,Unknown,No Controls,Unincorporated,2008,0,1,1286,POINT (-88.3106496361604 39.9517770479202),POINT,-88.3106496361604,39.9517770479202
A-Injury,Fixed object,Clear,Daylight,Dry,No Controls,Unincorporated,2008,0,1,1287,POINT (-88.1627192003914 40.1227684459759),POINT,-88.1627192003914,40.1227684459759
A-Injury,Angle,Clear,Daylight,Dry,Stop Sign/Flasher,Unincorporated,2008,0,2,1288,POINT (-88.3335190372968 40.1278799730235),POINT,-88.3335190372968,40.1278799730235
A-Injury,Pedalcyclist,Clear,Daylight,Dry,Lane Use Marking,Unincorporated,2008,0,1,1289,POINT (-87.9588764649125 40.123531906119),POINT,-87.9588764649125,40.123531906119
A-Injury,Rear end,Clear,Daylight,Dry,Traffic Signal,Champaign,2008,0,2,1290,POINT (-88.2769896425109 40.1274100732977),POINT,-88.2769896425109,40.1274100732977
A-Injury,OTHER OBJECT,Clear,Daylight,Dry,No Controls,Champaign,2008,0,1,1291,POINT (-88.2368211640313 40.1303404851055),POINT,-88.2368211640313,40.1303404851055
A-Injury,PARKED MOTOR VEHICLE,Clear,Daylight,Dry,No Controls,TOLONO,2008,0,1,1292,POINT (-88.2655760896548 39.9716140691581),POINT,-88.2655760896548,39.9716140691581
A-Injury,Overturned,Clear,Daylight,Dry,Lane Use Marking,Unincorporated,2008,0,1,1293,POINT (-88.2898019177651 40.1453060814773),POINT,-88.2898019177651,40.1453060814773
A-Injury,Pedalcyclist,Unknown,"Darkness, lighted road",Unknown,Unknown,Champaign,2008,0,1,1294,POINT (-88.243718748385 40.1379710246987),POINT,-88.243718748385,40.1379710246987
A-Injury,Angle,Clear,Darkness,Dry,Traffic Signal,Rantoul,2008,0,2,1295,POINT (-88.1589016194943 40.3081704510612),POINT,-88.1589016194943,40.3081704510612
A-Injury,Angle,Clear,Daylight,Dry,Stop Sign/Flasher,Champaign,2008,0,2,1297,POINT (-88.2451490288687 40.1125904594303),POINT,-88.2451490288687,40.1125904594303
A-Injury,Turning,Clear,Daylight,Dry,No Controls,Rantoul,2008,0,1,1298,POINT (-88.1562460237649 40.3051668338403),POINT,-88.1562460237649,40.3051668338403
A-Injury,Fixed object,Clear,"Darkness, lighted road",Dry,No Controls,Champaign,2008,0,1,1299,POINT (-88.2579584086592 40.1380311319108),POINT,-88.2579584086592,40.1380311319108
A-Injury,Overturned,Clear,Daylight,Dry,Lane Use Marking,Unincorporated,2008,0,1,1300,POINT (-88.2629918572444 40.1642218122834),POINT,-88.2629918572444,40.1642218122834
A-Injury,Turning,Clear,Daylight,Dry,No Controls,Urbana,2008,0,1,1301,POINT (-88.2194884884146 40.1242445175697),POINT,-88.2194884884146,40.1242445175697
A-Injury,Turning,Clear,Daylight,Dry,No Controls,Urbana,2008,0,2,1302,POINT (-88.2073096781141 40.1092498648021),POINT,-88.2073096781141,40.1092498648021
A-Injury,Overturned,Clear,Daylight,Dry,No Controls,Urbana,2008,0,1,1303,POINT (-88.1907913595926 40.1024067194525),POINT,-88.1907913595926,40.1024067194525
A-Injury,Angle,Clear,Daylight,Dry,Stop Sign/Flasher,Urbana,2008,0,1,1304,POINT (-88.1955495852224 40.1000403720116),POINT,-88.1955495852224,40.1000403720116
A-Injury,Pedestrian,Clear,Darkness,Dry,No Controls,Urbana,2008,0,1,1305,POINT (-88.2182456893914 40.110603905649),POINT,-88.2182456893914,40.110603905649
A-Injury,Pedalcyclist,Clear,Daylight,Dry,No Controls,Champaign,2008,0,1,1306,POINT (-88.2687327615422 40.1102509224503),POINT,-88.2687327615422,40.1102509224503
A-Injury,PARKED MOTOR VEHICLE,Clear,"Darkness, lighted road",Dry,No Controls,Champaign,2008,0,1,1307,POINT (-88.2468434259747 40.1156173101139),POINT,-88.2468434259747,40.1156173101139
A-Injury,Head on,Clear,Daylight,Dry,Traffic Signal,SAVOY,2008,0,1,1308,POINT (-88.2514188593605 40.0544904793465),POINT,-88.2514188593605,40.0544904793465
A-Injury,Angle,Clear,Daylight,Dry,Stop Sign/Flasher,Unincorporated,2008,0,3,1309,POINT (-88.2091702595767 40.039850721922),POINT,-88.2091702595767,40.039850721922
A-Injury,Angle,Clear,Dusk,Dry,Stop Sign/Flasher,Unincorporated,2008,0,3,1310,POINT (-88.1550504342136 40.2390404750451),POINT,-88.1550504342136,40.2390404750451
A-Injury,Angle,Clear,Daylight,Dry,Stop Sign/Flasher,Unincorporated,2008,0,1,1311,POINT (-88.0595188314318 40.2979207133809),POINT,-88.0595188314318,40.2979207133809
A-Injury,Overturned,Clear,Daylight,Dry,No Controls,Unincorporated,2000,0,1,296,POINT (-88.3941565822324 40.2744436800426),POINT,-88.3941565822324,40.2744436800426
A-Injury,Turning,Clear,"Darkness, lighted road",Wet,Traffic signal,Rantoul,2000,0,2,297,POINT (-88.155770220666 40.3072851409121),POINT,-88.155770220666,40.3072851409121
A-Injury,Overturned,Clear,Darkness,"Sand, mud, dirt",Stop Sign/Flasher,OGDEN,2008,0,1,1312,POINT (-87.9561198413073 40.1139791700884),POINT,-87.9561198413073,40.1139791700884
A-Injury,Overturned,Clear,Daylight,Dry,No Controls,Unincorporated,2008,0,1,1313,POINT (-88.3464052123328 40.2447287410011),POINT,-88.3464052123328,40.2447287410011
A-Injury,Angle,Clear,Daylight,Dry,Stop Sign/Flasher,Unincorporated,2008,0,3,1314,POINT (-88.048070402864 40.1862387383237),POINT,-88.048070402864,40.1862387383237
A-Injury,Fixed object,Clear,Daylight,Dry,No Controls,Unincorporated,2008,0,1,1315,POINT (-88.2756292891339 40.3112873284276),POINT,-88.2756292891339,40.3112873284276
A-Injury,Turning,Clear,Daylight,Dry,Traffic Signal,SAVOY,2008,0,2,1316,POINT (-88.2539781913084 40.0394299767829),POINT,-88.2539781913084,40.0394299767829
A-Injury,Fixed object,Clear,Daylight,Dry,Traffic Signal,Champaign,2008,0,1,1317,POINT (-88.2452112352491 40.1163493977333),POINT,-88.2452112352491,40.1163493977333
A-Injury,Angle,Clear,Daylight,Dry,No Controls,Unincorporated,2008,0,2,1318,POINT (-88.3083401919827 40.2453812450497),POINT,-88.3083401919827,40.2453812450497
A-Injury,Overturned,Clear,Daylight,Dry,Other Warning Sign,Unincorporated,2008,0,1,1319,POINT (-88.4373523620534 39.8938893473673),POINT,-88.4373523620534,39.8938893473673
A-Injury,Other non collision,Clear,Daylight,Dry,No Controls,Champaign,2008,0,1,1320,POINT (-88.2606528785615 40.1387988737586),POINT,-88.2606528785615,40.1387988737586
A-Injury,Turning,Rain,Daylight,Wet,No Controls,Champaign,2008,0,2,1321,POINT (-88.2501589007447 40.1271888053437),POINT,-88.2501589007447,40.1271888053437
A-Injury,Overturned,Clear,Daylight,Dry,No Controls,Champaign,2008,0,1,1322,POINT (-88.2770790681681 40.1597391093176),POINT,-88.2770790681681,40.1597391093176
A-Injury,Angle,Rain,Daylight,Wet,Traffic Signal,Urbana,2008,0,1,1323,POINT (-88.2195498745535 40.1324396336256),POINT,-88.2195498745535,40.1324396336256
A-Injury,Overturned,Clear,Dusk,Dry,Stop Sign/Flasher,Urbana,2008,0,1,1324,POINT (-88.2242093823358 40.1221896705215),POINT,-88.2242093823358,40.1221896705215
A-Injury,Fixed object,Rain,Daylight,Wet,No Controls,Champaign,2008,0,1,1325,POINT (-88.2531891111174 40.1300689548928),POINT,-88.2531891111174,40.1300689548928
A-Injury,Angle,Clear,Daylight,Dry,Stop Sign/Flasher,Champaign,2008,0,1,1326,POINT (-88.2435091115842 40.1163595658114),POINT,-88.2435091115842,40.1163595658114
A-Injury,Turning,Clear,Daylight,Dry,Stop Sign/Flasher,Rantoul,2008,0,3,1327,POINT (-88.1747792070596 40.3071412223173),POINT,-88.1747792070596,40.3071412223173
A-Injury,Angle,Clear,Daylight,Dry,Traffic Signal,Rantoul,2008,0,4,1328,POINT (-88.170585536093 40.2827047276551),POINT,-88.170585536093,40.2827047276551
A-Injury,Head on,Clear,Daylight,Dry,No Controls,Champaign,2008,0,2,1329,POINT (-88.2764590518524 40.0942810769534),POINT,-88.2764590518524,40.0942810769534
A-Injury,Pedalcyclist,Clear,Daylight,Dry,Stop Sign/Flasher,Champaign,2008,0,1,1330,POINT (-88.2387090408223 40.1102298946413),POINT,-88.2387090408223,40.1102298946413
A-Injury,Angle,Clear,Daylight,Dry,Traffic Signal,Champaign,2008,0,1,1333,POINT (-88.2767707457629 40.1128501826988),POINT,-88.2767707457629,40.1128501826988
A-Injury,Turning,Rain,Darkness,Wet,Lane Use Marking,Mahomet,2008,0,1,1334,POINT (-88.364799764548 40.1841467286657),POINT,-88.364799764548,40.1841467286657
A-Injury,Overturned,Rain,Daylight,Wet,No Controls,Unincorporated,2008,0,2,1335,POINT (-88.2321705604159 40.0105132707813),POINT,-88.2321705604159,40.0105132707813
A-Injury,Rear end,Clear,Daylight,Dry,Lane Use Marking,Unincorporated,2008,0,2,1336,POINT (-88.2815910371638 40.1444050740571),POINT,-88.2815910371638,40.1444050740571
A-Injury,Fixed object,Clear,Daylight,Dry,Lane Use Marking,Unincorporated,2008,0,1,1337,POINT (-88.3938056383561 40.2755790244287),POINT,-88.3938056383561,40.2755790244287
A-Injury,Rear end,Clear,Daylight,Dry,Lane Use Marking,Unincorporated,2008,0,1,1338,POINT (-88.182290954358 40.1892901904393),POINT,-88.182290954358,40.1892901904393
A-Injury,Fixed object,Clear,Dusk,Dry,No Controls,Unincorporated,2008,0,1,1339,POINT (-88.1557188453649 40.3414980654164),POINT,-88.1557188453649,40.3414980654164
A-Injury,Rear end,Clear,Daylight,Dry,No Controls,Champaign,2008,0,1,1340,POINT (-88.2435608734313 40.1235301931185),POINT,-88.2435608734313,40.1235301931185
A-Injury,Turning,Clear,Darkness,Wet,Stop Sign/Flasher,Champaign,2008,0,1,1341,POINT (-88.2591086452196 40.1380802852024),POINT,-88.2591086452196,40.1380802852024
A-Injury,Turning,Clear,Daylight,Dry,Traffic Signal,Champaign,2008,0,2,1342,POINT (-88.2768888232007 40.1196900092729),POINT,-88.2768888232007,40.1196900092729
A-Injury,Rear end,Clear,Daylight,Dry,No Controls,Champaign,2008,0,1,1343,POINT (-88.2725071424705 40.0982419184367),POINT,-88.2725071424705,40.0982419184367
A-Injury,Turning,Clear,Daylight,Dry,Traffic Signal,Champaign,2008,0,6,1344,POINT (-88.2468767239015 40.0835694629413),POINT,-88.2468767239015,40.0835694629413
A-Injury,Rear end,Clear,Daylight,Dry,Lane Use Marking,Unincorporated,2008,0,2,1345,POINT (-88.0789936114377 40.120561179823),POINT,-88.0789936114377,40.120561179823
A-Injury,Angle,Clear,Darkness,Dry,Stop Sign/Flasher,Unincorporated,2008,0,1,1347,POINT (-88.1605691357877 39.9090609852465),POINT,-88.1605691357877,39.9090609852465
A-Injury,Rear end,Clear,Daylight,Snow or slush,Lane Use Marking,Unincorporated,2008,0,1,1348,POINT (-88.18283036653 40.227214509773),POINT,-88.18283036653,40.227214509773
A-Injury,Overturned,Snow,Daylight,Ice,Lane Use Marking,Champaign,2008,0,2,1349,POINT (-88.2921764078434 40.1386811750139),POINT,-88.2921764078434,40.1386811750139
A-Injury,Rear end,Clear,Daylight,Dry,Lane Use Marking,Unincorporated,2008,0,1,1350,POINT (-88.3034929738205 39.9870894363124),POINT,-88.3034929738205,39.9870894363124
A-Injury,Overturned,Snow,Dawn,Snow or slush,Lane Use Marking,Unincorporated,2008,0,2,1351,POINT (-88.1406395390972 40.3767363316658),POINT,-88.1406395390972,40.3767363316658
A-Injury,Rear end,Clear,Darkness,Dry,Lane Use Marking,Unincorporated,2008,0,1,1352,POINT (-88.3468156914655 40.1810422847558),POINT,-88.3468156914655,40.1810422847558
A-Injury,Fixed object,Clear,Darkness,Wet,No Controls,Rantoul,2008,0,1,1353,POINT (-88.1458139337242 40.2831444371227),POINT,-88.1458139337242,40.2831444371227
A-Injury,Fixed object,Clear,"Darkness, lighted road",Dry,No Controls,Rantoul,2008,0,1,1354,POINT (-88.1462717481082 40.3047926823597),POINT,-88.1462717481082,40.3047926823597
A-Injury,SIDESWIPE SAME DIRECTION,Clear,Daylight,Dry,No Controls,Champaign,2008,0,1,1355,POINT (-88.2760963068939 40.11644590362),POINT,-88.2760963068939,40.11644590362
A-Injury,Angle,Clear,Daylight,Dry,Stop Sign/Flasher,Champaign,2008,0,5,1356,POINT (-88.2353909059743 40.1126505256805),POINT,-88.2353909059743,40.1126505256805
A-Injury,Turning,Clear,Daylight,Dry,Traffic Signal,Champaign,2008,0,3,1357,POINT (-88.2466687457606 40.0980895304398),POINT,-88.2466687457606,40.0980895304398
A-Injury,Angle,Clear,Daylight,Dry,Traffic Signal,Champaign,2008,0,2,1358,POINT (-88.2579034539181 40.1182694417485),POINT,-88.2579034539181,40.1182694417485
A-Injury,Overturned,Clear,Darkness,Dry,Lane Use Marking,Unincorporated,2000,0,1,299,POINT (-88.1573908360096 40.3511810026863),POINT,-88.1573908360096,40.3511810026863
A-Injury,Fixed object,Clear,Darkness,Dry,No Controls,Rantoul,2008,0,5,1238,POINT (-88.1416126237609 40.3046910882602),POINT,-88.1416126237609,40.3046910882602
A-Injury,Rear end,Clear,Daylight,Dry,Traffic Signal,SAVOY,2008,0,2,1359,POINT (-88.2514188593605 40.0544904793465),POINT,-88.2514188593605,40.0544904793465
A-Injury,Rear end,Clear,Daylight,Dry,No Controls,Champaign,2008,0,1,1360,POINT (-88.2764124611044 40.1128462191979),POINT,-88.2764124611044,40.1128462191979