crash_severity,collision_type,weather,light,road_surface,traffic_control,city,year,fatality,injury,id,Geometry,point,x,y
A-Injury,Overturned,Snow,Darkness,Ice,Lane Use Marking,Unincorporated,2008,0,5,1361,POINT (-88.3040634990882 40.0194102365954),POINT,-88.3040634990882,40.0194102365954
A-Injury,Rear end,Clear,Daylight,Dry,Traffic Signal,Champaign,2008,0,1,1362,POINT (-88.2580194433672 40.1341892339031),POINT,-88.2580194433672,40.1341892339031
A-Injury,SIDESWIPE SAME DIRECTION,Snow,Daylight,Snow or slush,Lane Use Marking,Unincorporated,2008,0,2,1363,POINT (-88.4610110800678 40.2123598332346),POINT,-88.4610110800678,40.2123598332346
A-Injury,Overturned,Other,Daylight,Ice,Lane Use Marking,Unincorporated,2008,0,2,1364,POINT (-88.3231224594769 40.1735213451592),POINT,-88.3231224594769,40.1735213451592
A-Injury,PARKED MOTOR VEHICLE,Clear,Daylight,Ice,Lane Use Marking,Unincorporated,2008,0,6,1365,POINT (-88.3051506505793 40.1136751633265),POINT,-88.3051506505793,40.1136751633265
A-Injury,Fixed object,Clear,Darkness,Dry,No Controls,Unincorporated,2008,0,1,1366,POINT (-88.0695191923297 40.385535194999),POINT,-88.0695191923297,40.385535194999
A-Injury,Angle,Rain,Daylight,Wet,Stop Sign/Flasher,Unincorporated,2008,0,1,1367,POINT (-88.048070402864 40.1862387383237),POINT,-88.048070402864,40.1862387383237
A-Injury,Pedestrian,Clear,"Darkness, lighted road",Dry,No Controls,Champaign,2008,0,1,1368,POINT (-88.2320504653094 40.110299991431),POINT,-88.2320504653094,40.110299991431
A-Injury,Overturned,Clear,Darkness,Dry,Lane Use Marking,St. Joseph,2008,0,1,1369,POINT (-88.0358863567161 40.1202225432278),POINT,-88.0358863567161,40.1202225432278
A-Injury,Turning,Clear,Daylight,Dry,No Controls,Champaign,2008,0,1,1370,POINT (-88.2769106944275 40.1206501686017),POINT,-88.2769106944275,40.1206501686017
A-Injury,Turning,Clear,Daylight,Dry,No Controls,Champaign,2008,0,2,1371,POINT (-88.2626402339304 40.0981693527801),POINT,-88.2626402339304,40.0981693527801
A-Injury,Turning,Clear,Daylight,Dry,Traffic Signal,Champaign,2008,0,3,1372,POINT (-88.2387294870562 40.1163404613301),POINT,-88.2387294870562,40.1163404613301
A-Injury,SIDESWIPE SAME DIRECTION,Clear,Darkness,Dry,Traffic Signal,Champaign,2008,0,1,1373,POINT (-88.314531202973 40.1132463618646),POINT,-88.314531202973,40.1132463618646
A-Injury,Turning,Clear,Darkness,Wet,No Controls,Urbana,2008,0,1,1374,POINT (-88.1805279536526 40.1032150051975),POINT,-88.1805279536526,40.1032150051975
A-Injury,Angle,Clear,Daylight,Dry,Traffic Signal,Urbana,2008,0,2,1375,POINT (-88.1906610713237 40.1420085240767),POINT,-88.1906610713237,40.1420085240767
A-Injury,Pedestrian,Clear,Daylight,Dry,Traffic Signal,Urbana,2008,0,1,1376,POINT (-88.2156192888248 40.1164501497193),POINT,-88.2156192888248,40.1164501497193
A-Injury,Angle,Snow,"Darkness, lighted road",Snow or slush,Traffic Signal,Champaign,2008,0,1,1377,POINT (-88.2426400253038 40.1163698302578),POINT,-88.2426400253038,40.1163698302578
A-Injury,Pedestrian,Clear,Daylight,Wet,No Controls,Champaign,2008,0,1,1380,POINT (-88.2951587696771 40.088680234933),POINT,-88.2951587696771,40.088680234933
A-Injury,Angle,Clear,Daylight,Ice,Stop Sign/Flasher,Unincorporated,2008,0,3,1381,POINT (-88.369671394252 40.1276191559494),POINT,-88.369671394252,40.1276191559494
A-Injury,Angle,Clear,Dusk,Dry,Stop Sign/Flasher,Champaign,2008,0,1,1382,POINT (-88.2627396798724 40.131000490131),POINT,-88.2627396798724,40.131000490131
A-Injury,Overturned,Clear,Darkness,Dry,No Controls,Unincorporated,2008,0,1,1383,POINT (-88.2943752035619 40.0104194283062),POINT,-88.2943752035619,40.0104194283062
A-Injury,Pedalcyclist,Clear,"Darkness, lighted road",Ice,No Controls,Champaign,2008,0,2,1384,POINT (-88.2579443945964 40.1239905992661),POINT,-88.2579443945964,40.1239905992661
A-Injury,Head on,Other,Darkness,Ice,No Controls,St. Joseph,2008,0,2,1385,POINT (-88.0219668642716 40.1132295030017),POINT,-88.0219668642716,40.1132295030017
A-Injury,Rear end,Rain,Daylight,Ice,No Controls,Unincorporated,2008,0,1,1386,POINT (-88.2496092726062 40.0823580134332),POINT,-88.2496092726062,40.0823580134332
A-Injury,Fixed object,Clear,Darkness,Wet,Stop Sign/Flasher,Unincorporated,2008,0,1,1387,POINT (-88.4126884984797 40.2220204310854),POINT,-88.4126884984797,40.2220204310854
A-Injury,Pedalcyclist,Clear,Daylight,Dry,No Controls,Champaign,2008,0,1,1388,POINT (-88.2451556029241 40.102278905116),POINT,-88.2451556029241,40.102278905116
A-Injury,SIDESWIPE SAME DIRECTION,Rain,Daylight,Ice,No Controls,Unincorporated,2008,0,1,1389,POINT (-88.0714589527998 40.1133775942192),POINT,-88.0714589527998,40.1133775942192
A-Injury,Fixed object,Clear,Daylight,Ice,No Controls,Unincorporated,2008,0,1,1390,POINT (-88.0646395042668 40.3272024052584),POINT,-88.0646395042668,40.3272024052584
A-Injury,Head on,SLEET/HAIL,"Darkness, lighted road",Ice,No Controls,Unincorporated,2008,0,3,1391,POINT (-88.2190487414194 40.0835199980508),POINT,-88.2190487414194,40.0835199980508
A-Injury,Fixed object,Rain,Daylight,Ice,Stop Sign/Flasher,Unincorporated,2008,0,1,1392,POINT (-88.3335178256903 40.1133209818819),POINT,-88.3335178256903,40.1133209818819
A-Injury,Rear end,Rain,Darkness,Wet,Stop Sign/Flasher,Urbana,2008,0,1,1393,POINT (-88.2156416291386 40.1174194850806),POINT,-88.2156416291386,40.1174194850806
A-Injury,Rear end,Clear,Daylight,Ice,Lane Use Marking,Mahomet,2009,0,2,1395,POINT (-88.3850286797502 40.1928726594877),POINT,-88.3850286797502,40.1928726594877
A-Injury,Rear end,Clear,Darkness,Dry,Lane Use Marking,Mahomet,2009,0,1,1396,POINT (-88.3385458717341 40.1785787960172),POINT,-88.3385458717341,40.1785787960172
A-Injury,Fixed object,Clear,Daylight,Ice,Lane Use Marking,Mahomet,2009,0,1,1397,POINT (-88.368078884438 40.1880637706973),POINT,-88.368078884438,40.1880637706973
A-Injury,Rear end,Clear,Darkness,Dry,Lane Use Marking,Unincorporated,2009,0,2,1398,POINT (-87.9665529769675 40.1197705876945),POINT,-87.9665529769675,40.1197705876945
A-Injury,Overturned,Clear,Darkness,Dry,Lane Use Marking,Unincorporated,2009,0,1,1399,POINT (-88.3346527737752 40.1772913753962),POINT,-88.3346527737752,40.1772913753962
A-Injury,Fixed object,Clear,Darkness,Dry,Lane Use Marking,Unincorporated,2009,0,1,1400,POINT (-88.1827993417988 40.1557585674446),POINT,-88.1827993417988,40.1557585674446
A-Injury,Angle,Clear,Daylight,Snow or slush,Stop Sign/Flasher,Champaign,2009,0,2,1401,POINT (-88.2877117147578 40.0838460086933),POINT,-88.2877117147578,40.0838460086933
A-Injury,Angle,Clear,Daylight,Dry,Stop Sign/Flasher,Champaign,2009,0,2,1402,POINT (-88.2436116373199 40.1297208565718),POINT,-88.2436116373199,40.1297208565718
A-Injury,PARKED MOTOR VEHICLE,Clear,Daylight,Dry,Lane Use Marking,Champaign,2009,0,2,1403,POINT (-88.3038308241167 40.0779843510126),POINT,-88.3038308241167,40.0779843510126
A-Injury,Pedestrian,Clear,Darkness,Dry,No Controls,Champaign,2009,0,1,1404,POINT (-88.2961372098039 40.1093545339774),POINT,-88.2961372098039,40.1093545339774
A-Injury,Rear end,Clear,Darkness,Dry,No Controls,Champaign,1999,0,1,440,POINT (-88.2579416402569 40.1329311285209),POINT,-88.2579416402569,40.1329311285209
A-Injury,Angle,Clear,Daylight,Wet,Traffic Signal,Champaign,2009,0,1,1405,POINT (-88.2426398979592 40.1163701417278),POINT,-88.2426398979592,40.1163701417278
A-Injury,Overturned,Clear,Daylight,Dry,Lane Use Marking,Unincorporated,2009,0,1,1406,POINT (-87.9579612457414 40.0240331014137),POINT,-87.9579612457414,40.0240331014137
A-Injury,Angle,Clear,Daylight,Dry,Traffic Signal,Champaign,2009,0,1,1408,POINT (-88.2468109054203 40.1126098810458),POINT,-88.2468109054203,40.1126098810458
A-Injury,Rear end,Clear,Dusk,Wet,No Controls,Urbana,2009,0,1,1409,POINT (-88.2129680277059 40.116487929368),POINT,-88.2129680277059,40.116487929368
A-Injury,Angle,Clear,Darkness,Wet,Stop Sign/Flasher,Urbana,2009,0,1,1410,POINT (-88.2049100974708 40.0983315422663),POINT,-88.2049100974708,40.0983315422663
A-Injury,Rear end,Clear,Daylight,Dry,Traffic Signal,Champaign,2009,0,4,1411,POINT (-88.2445883723397 40.0980934446604),POINT,-88.2445883723397,40.0980934446604
A-Injury,Fixed object,Clear,Darkness,Dry,No Controls,Unincorporated,2009,0,1,1412,POINT (-88.2892969982078 40.2513445146658),POINT,-88.2892969982078,40.2513445146658
A-Injury,Fixed object,Clear,Daylight,Dry,No Controls,Unincorporated,2009,0,1,1413,POINT (-88.2380253054777 40.0252539766977),POINT,-88.2380253054777,40.0252539766977
A-Injury,Fixed object,Clear,Daylight,Ice,No Controls,Unincorporated,2009,0,2,1414,POINT (-88.3466788796399 40.3033737811627),POINT,-88.3466788796399,40.3033737811627
A-Injury,Angle,Clear,Daylight,Wet,Stop Sign/Flasher,Unincorporated,2009,0,2,1415,POINT (-88.3331986600013 40.113321132108),POINT,-88.3331986600013,40.113321132108
A-Injury,Angle,SLEET/HAIL,Daylight,Ice,Stop Sign/Flasher,Unincorporated,2009,0,3,1416,POINT (-88.1174483193597 40.312180144872),POINT,-88.1174483193597,40.312180144872
A-Injury,Rear end,Clear,Daylight,Dry,Traffic Signal,Champaign,2009,0,1,1417,POINT (-88.2769896444952 40.12741026875),POINT,-88.2769896444952,40.12741026875
A-Injury,Turning,Clear,Daylight,Wet,Traffic Signal,Champaign,2009,0,3,1418,POINT (-88.243718745723 40.1379711452064),POINT,-88.243718745723,40.1379711452064
A-Injury,Rear end,Clear,Darkness,Dry,Lane Use Marking,PESOTUM,2009,0,1,1419,POINT (-88.2788098815092 39.9047577144863),POINT,-88.2788098815092,39.9047577144863
A-Injury,Overturned,Clear,Daylight,Dry,Lane Use Marking,Champaign,2009,0,1,1420,POINT (-88.2603305023552 40.1353550775228),POINT,-88.2603305023552,40.1353550775228
A-Injury,Fixed object,Clear,Darkness,Wet,Lane Use Marking,Unincorporated,2009,0,1,1421,POINT (-88.3029879507436 39.9394199697757),POINT,-88.3029879507436,39.9394199697757
A-Injury,Rear end,Clear,Daylight,Wet,No Controls,Champaign,2009,0,3,1422,POINT (-88.2484911880009 40.1126102818677),POINT,-88.2484911880009,40.1126102818677
A-Injury,Rear end,Clear,Daylight,Dry,Stop Sign/Flasher,Unincorporated,2009,0,2,1423,POINT (-88.4076591938385 40.1567104094454),POINT,-88.4076591938385,40.1567104094454
A-Injury,Rear end,Clear,Daylight,Dry,Police/Flagman,Unincorporated,2009,0,2,1424,POINT (-87.9403512578475 40.1123246803121),POINT,-87.9403512578475,40.1123246803121
A-Injury,Rear end,Clear,Darkness,Dry,Lane Use Marking,Unincorporated,2009,0,2,1425,POINT (-88.1836224951564 40.2924433504031),POINT,-88.1836224951564,40.2924433504031
A-Injury,Other non collision,Clear,Daylight,Dry,Lane Use Marking,Unincorporated,2009,0,6,1426,POINT (-88.2560935923346 40.1707639418186),POINT,-88.2560935923346,40.1707639418186
A-Injury,Pedestrian,Clear,Darkness,Dry,No Controls,Champaign,2009,0,1,1427,POINT (-88.2541137366633 40.1126498233272),POINT,-88.2541137366633,40.1126498233272
A-Injury,Rear end,Rain,Daylight,Wet,Traffic Signal,Champaign,2009,0,2,1429,POINT (-88.2766696935174 40.1090111767968),POINT,-88.2766696935174,40.1090111767968
A-Injury,Angle,Clear,Daylight,Dry,No Controls,Champaign,2009,0,4,1430,POINT (-88.2765011823183 40.097713210991),POINT,-88.2765011823183,40.097713210991
A-Injury,Overturned,Clear,Daylight,Dry,Lane Use Marking,Unincorporated,2009,0,1,1431,POINT (-88.1780898037431 40.3252162499309),POINT,-88.1780898037431,40.3252162499309
A-Injury,PARKED MOTOR VEHICLE,Clear,Daylight,Dry,Other Warning Sign,Champaign,2009,0,2,1432,POINT (-88.2378760289686 40.1349234820398),POINT,-88.2378760289686,40.1349234820398
A-Injury,Angle,Clear,Daylight,Dry,Traffic Signal,Champaign,2009,0,2,1433,POINT (-88.2768102093063 40.116460509293),POINT,-88.2768102093063,40.116460509293
A-Injury,Angle,Clear,Daylight,Dry,Stop Sign/Flasher,Champaign,2009,0,1,1434,POINT (-88.2412117116476 40.1211185789644),POINT,-88.2412117116476,40.1211185789644
A-Injury,Other non collision,Clear,Dawn,Wet,Lane Use Marking,Unincorporated,2009,0,2,1435,POINT (-88.1518851976398 40.120311117126),POINT,-88.1518851976398,40.120311117126
A-Injury,Rear end,Clear,Darkness,Dry,Lane Use Marking,Unincorporated,2009,0,2,1436,POINT (-88.3049373424404 40.0947297843619),POINT,-88.3049373424404,40.0947297843619
A-Injury,Head on,Rain,Daylight,Wet,No Controls,Champaign,2009,0,2,1437,POINT (-88.3004144243597 40.1276528049345),POINT,-88.3004144243597,40.1276528049345
A-Injury,Fixed object,Clear,Daylight,Dry,No Controls,Unincorporated,2009,0,1,1438,POINT (-88.1820964114315 40.1747004904734),POINT,-88.1820964114315,40.1747004904734
A-Injury,Fixed object,Clear,Daylight,Dry,No Controls,Unincorporated,2009,0,2,1439,POINT (-88.2423920395628 39.9958368941542),POINT,-88.2423920395628,39.9958368941542
A-Injury,Pedalcyclist,Clear,Daylight,Dry,Stop Sign/Flasher,Champaign,2009,0,1,1440,POINT (-88.2539690304555 40.1101398853912),POINT,-88.2539690304555,40.1101398853912
A-Injury,Turning,Clear,Daylight,Dry,Stop Sign/Flasher,Champaign,2009,0,1,1441,POINT (-88.2954789462724 40.1175591072916),POINT,-88.2954789462724,40.1175591072916
A-Injury,Angle,Clear,Daylight,Dry,Traffic signal,Champaign,2003,0,1,98,POINT (-88.2467999536647 40.1126179344272),POINT,-88.2467999536647,40.1126179344272
A-Injury,Overturned,Clear,Daylight,Dry,Lane Use Marking,Mahomet,2009,0,1,1442,POINT (-88.3619058955841 40.1859502695142),POINT,-88.3619058955841,40.1859502695142
A-Injury,Fixed object,Clear,Daylight,Dry,No Controls,Unincorporated,2009,0,1,1443,POINT (-87.9631821233158 40.2987729719281),POINT,-87.9631821233158,40.2987729719281
A-Injury,Turning,Rain,Daylight,Wet,No Controls,Champaign,2009,0,1,1444,POINT (-88.2673987399395 40.1272944975156),POINT,-88.2673987399395,40.1272944975156
A-Injury,Rear end,Rain,Daylight,Wet,Traffic Signal,Champaign,2009,0,2,1445,POINT (-88.2766696935174 40.1090111767968),POINT,-88.2766696935174,40.1090111767968
A-Injury,Fixed object,Clear,Daylight,Dry,Lane Use Marking,OGDEN,2009,0,1,1446,POINT (-87.9587565510839 40.1093256027009),POINT,-87.9587565510839,40.1093256027009
A-Injury,Angle,Clear,Daylight,Dry,Stop Sign/Flasher,Unincorporated,2009,0,3,1447,POINT (-88.1820898266952 40.189289964095),POINT,-88.1820898266952,40.189289964095
A-Injury,PARKED MOTOR VEHICLE,Clear,"Darkness, lighted road",Dry,Lane Use Marking,Champaign,2009,0,1,1448,POINT (-88.2670975940637 40.1367798096659),POINT,-88.2670975940637,40.1367798096659
A-Injury,Angle,Clear,Daylight,Dry,Yield,Urbana,2009,0,2,1449,POINT (-88.1944787823772 40.1093703818887),POINT,-88.1944787823772,40.1093703818887
A-Injury,Angle,Clear,Darkness,Dry,Stop Sign/Flasher,Unincorporated,2009,0,2,1450,POINT (-87.9492514353823 40.3132609444267),POINT,-87.9492514353823,40.3132609444267
A-Injury,PARKED MOTOR VEHICLE,Clear,"Darkness, lighted road",Dry,No Controls,Urbana,2009,0,1,1451,POINT (-88.1760068305107 40.100483752218),POINT,-88.1760068305107,40.100483752218
A-Injury,PARKED MOTOR VEHICLE,Clear,"Darkness, lighted road",Dry,No Controls,Urbana,2009,0,1,1452,POINT (-88.2018724216402 40.1221484838102),POINT,-88.2018724216402,40.1221484838102
A-Injury,Fixed object,Clear,Dusk,Wet,No Controls,Urbana,2009,0,2,1454,POINT (-88.1890051530383 40.1274709621705),POINT,-88.1890051530383,40.1274709621705
A-Injury,Angle,Clear,Daylight,Dry,Stop sign / flasher,Champaign,2000,0,3,300,POINT (-88.2389683114994 40.1380046789629),POINT,-88.2389683114994,40.1380046789629
A-Injury,Angle,Clear,"Darkness, lighted road",Dry,Traffic signal,Champaign,1999,0,1,441,POINT (-88.2579296297565 40.1321592484929),POINT,-88.2579296297565,40.1321592484929
A-Injury,Fixed object,Clear,"Darkness, lighted road",Ice,No Controls,Rantoul,1999,0,2,442,POINT (-88.1644135647348 40.3083808612771),POINT,-88.1644135647348,40.3083808612771
A-Injury,Pedestrian,Clear,Darkness,Dry,No Controls,Champaign,2000,0,1,301,POINT (-88.2542068124424 40.1126444455948),POINT,-88.2542068124424,40.1126444455948
A-Injury,Angle,Clear,Darkness,Dry,Traffic Signal,Champaign,2008,0,1,1332,POINT (-88.3142898565332 40.0986887272057),POINT,-88.3142898565332,40.0986887272057
A-Injury,Turning,Clear,Daylight,Dry,No Controls,Urbana,2009,0,1,1455,POINT (-88.2063293339601 40.1135088613223),POINT,-88.2063293339601,40.1135088613223
A-Injury,Fixed object,Clear,Daylight,Dry,No Controls,Urbana,2009,0,1,1456,POINT (-88.2140642608729 40.0982476562213),POINT,-88.2140642608729,40.0982476562213
A-Injury,SIDESWIPE OPPOSITE DIRECTION,Clear,Daylight,Dry,No Controls,Urbana,2009,0,1,1457,POINT (-88.2003776002341 40.1255030172253),POINT,-88.2003776002341,40.1255030172253
A-Injury,Turning,Clear,Daylight,Dry,Traffic Signal,Urbana,2009,0,1,1458,POINT (-88.2049692426273 40.1163173379906),POINT,-88.2049692426273,40.1163173379906
A-Injury,Turning,Rain,Daylight,Wet,Traffic Signal,Urbana,2009,0,1,1459,POINT (-88.2049686952829 40.1163195845287),POINT,-88.2049686952829,40.1163195845287
A-Injury,Turning,Clear,Daylight,Dry,Traffic Signal,Urbana,2009,0,1,1460,POINT (-88.2195408352587 40.1273696092058),POINT,-88.2195408352587,40.1273696092058
A-Injury,Turning,Clear,Daylight,Dry,Other,Unincorporated,2009,0,2,1461,POINT (-88.1584631712597 40.1202739547377),POINT,-88.1584631712597,40.1202739547377
A-Injury,SIDESWIPE SAME DIRECTION,Rain,Daylight,Wet,No Controls,Champaign,2009,0,4,1462,POINT (-88.2769652063397 40.125124074953),POINT,-88.2769652063397,40.125124074953
A-Injury,Turning,Rain,Daylight,Wet,Traffic Signal,Champaign,2009,0,1,1463,POINT (-88.2768094513089 40.1164604935505),POINT,-88.2768094513089,40.1164604935505
A-Injury,Angle,Clear,Daylight,Dry,Stop Sign/Flasher,Unincorporated,2009,0,4,1464,POINT (-88.2378607324278 40.0104694930694),POINT,-88.2378607324278,40.0104694930694
A-Injury,Fixed object,Clear,Darkness,Dry,No Controls,Unincorporated,2009,0,2,1465,POINT (-88.2775627155291 40.0249710890115),POINT,-88.2775627155291,40.0249710890115
A-Injury,Angle,Clear,Daylight,Dry,Traffic Signal,Champaign,2009,0,1,1466,POINT (-88.2468767239029 40.0835694618433),POINT,-88.2468767239029,40.0835694618433
A-Injury,Fixed object,Clear,"Darkness, lighted road",Wet,No Controls,Urbana,2009,0,1,1467,POINT (-88.1925653171254 40.1056694585873),POINT,-88.1925653171254,40.1056694585873
A-Injury,Rear end,Rain,"Darkness, lighted road",Wet,Lane Use Marking,Champaign,2009,0,4,1468,POINT (-88.2580309073629 40.135371267311),POINT,-88.2580309073629,40.135371267311
A-Injury,Angle,Rain,"Darkness, lighted road",Wet,Traffic Signal,Champaign,2009,0,3,1469,POINT (-88.2466687457606 40.0980895304398),POINT,-88.2466687457606,40.0980895304398
A-Injury,Turning,Clear,Darkness,Dry,Lane Use Marking,Unincorporated,2009,0,1,1470,POINT (-88.4075043599489 40.1220886212648),POINT,-88.4075043599489,40.1220886212648
A-Injury,Rear end,Clear,Darkness,Dry,Lane Use Marking,Unincorporated,2009,0,1,1471,POINT (-88.1217744549423 40.1204876270967),POINT,-88.1217744549423,40.1204876270967
A-Injury,PARKED MOTOR VEHICLE,Clear,Daylight,Dry,No Controls,Urbana,2009,0,1,1472,POINT (-88.2012364765563 40.0983510352717),POINT,-88.2012364765563,40.0983510352717
A-Injury,Angle,Clear,Daylight,Dry,OTHER REGUALTORY SIGN,Unincorporated,2009,0,2,1473,POINT (-88.3331986600013 40.113321132108),POINT,-88.3331986600013,40.113321132108
A-Injury,Pedalcyclist,Clear,Daylight,Wet,Stop Sign/Flasher,Urbana,2009,0,1,1474,POINT (-88.2192505162804 40.106470328467),POINT,-88.2192505162804,40.106470328467
A-Injury,Rear end,Clear,Daylight,Dry,No Controls,Champaign,2009,0,2,1476,POINT (-88.276440537447 40.0927558548177),POINT,-88.276440537447,40.0927558548177
A-Injury,Angle,Clear,"Darkness, lighted road",Dry,Traffic Signal,Champaign,2009,0,1,1477,POINT (-88.2387090408223 40.1102298946413),POINT,-88.2387090408223,40.1102298946413
A-Injury,Fixed object,Clear,Daylight,Dry,No Controls,Unincorporated,2009,0,1,1478,POINT (-88.3840681690842 40.142231314055),POINT,-88.3840681690842,40.142231314055
A-Injury,Fixed object,Clear,Daylight,Dry,No Controls,Unincorporated,2009,0,1,1479,POINT (-88.3390915369309 40.215050924959),POINT,-88.3390915369309,40.215050924959
A-Injury,Angle,Clear,Daylight,Dry,Stop Sign/Flasher,Unincorporated,2009,0,3,1480,POINT (-88.1048111154339 40.1205905684552),POINT,-88.1048111154339,40.1205905684552
A-Injury,Rear end,Rain,Daylight,Wet,Traffic Signal,Champaign,2009,0,1,1481,POINT (-88.2304518874188 40.110319932892),POINT,-88.2304518874188,40.110319932892
A-Injury,Pedalcyclist,Rain,Daylight,Wet,Traffic Signal,Champaign,2009,0,1,1482,POINT (-88.2689082271456 40.0982200985688),POINT,-88.2689082271456,40.0982200985688
A-Injury,Turning,Clear,Daylight,Dry,Traffic Signal,Champaign,2009,0,1,1483,POINT (-88.257799358496 40.1126598131864),POINT,-88.257799358496,40.1126598131864
A-Injury,Other non collision,Clear,Daylight,Dry,Stop Sign/Flasher,Urbana,2009,0,1,1484,POINT (-88.2159894340316 40.1106398740126),POINT,-88.2159894340316,40.1106398740126
A-Injury,Pedestrian,Clear,Daylight,Dry,No Controls,Fisher,2009,0,1,1485,POINT (-88.3496486201198 40.3157155872327),POINT,-88.3496486201198,40.3157155872327
A-Injury,Rear end,Rain,Daylight,Wet,Traffic Signal,Champaign,2009,0,4,1486,POINT (-88.257790646342 40.1101590277394),POINT,-88.257790646342,40.1101590277394
A-Injury,Pedalcyclist,Clear,Daylight,Dry,No Controls,Champaign,2009,0,1,1487,POINT (-88.2384601964276 40.1272310959015),POINT,-88.2384601964276,40.1272310959015
A-Injury,Fixed object,Clear,Darkness,Dry,Other Warning Sign,Unincorporated,2009,0,2,1488,POINT (-88.3470669778066 40.3621872687671),POINT,-88.3470669778066,40.3621872687671
A-Injury,Turning,Rain,Daylight,Wet,Stop Sign/Flasher,Unincorporated,2009,0,2,1489,POINT (-88.192339100694 40.1274606544892),POINT,-88.192339100694,40.1274606544892
A-Injury,Rear end,Clear,Daylight,Dry,No Controls,Unincorporated,2009,0,1,1490,POINT (-88.2415886303107 40.1781899574735),POINT,-88.2415886303107,40.1781899574735
A-Injury,Angle,Clear,Daylight,Dry,Stop Sign/Flasher,Unincorporated,2009,0,1,1491,POINT (-88.2378607324278 40.0104694930694),POINT,-88.2378607324278,40.0104694930694
A-Injury,Angle,Clear,"Darkness, lighted road",Dry,Traffic Signal,SAVOY,2009,0,1,1492,POINT (-88.2539799991713 40.0394300005311),POINT,-88.2539799991713,40.0394300005311
A-Injury,Angle,Clear,Daylight,Dry,Stop Sign/Flasher,Champaign,2009,0,1,1493,POINT (-88.2423704972236 40.1297304147468),POINT,-88.2423704972236,40.1297304147468
A-Injury,SIDESWIPE SAME DIRECTION,Clear,Daylight,Dry,Lane Use Marking,Champaign,2009,0,1,1494,POINT (-88.2452133243588 40.1217031395364),POINT,-88.2452133243588,40.1217031395364
A-Injury,Rear end,Clear,Daylight,Dry,Lane Use Marking,Unincorporated,2009,0,1,1496,POINT (-88.2596041266621 40.0032030140071),POINT,-88.2596041266621,40.0032030140071
A-Injury,Head on,Rain,Daylight,Wet,No Controls,Unincorporated,2009,0,1,1497,POINT (-88.2842653636592 40.1408672369714),POINT,-88.2842653636592,40.1408672369714
A-Injury,Pedestrian,Clear,Daylight,Dry,Stop Sign/Flasher,Champaign,2009,0,1,1498,POINT (-88.276599634314 40.1045673248563),POINT,-88.276599634314,40.1045673248563
A-Injury,Turning,Clear,Daylight,Dry,No Controls,Champaign,2009,0,8,1499,POINT (-88.2531983588283 40.1271896729577),POINT,-88.2531983588283,40.1271896729577
A-Injury,Rear end,Clear,Daylight,Dry,Stop Sign/Flasher,Champaign,2009,0,2,1500,POINT (-88.2627089998404 40.1272311890865),POINT,-88.2627089998404,40.1272311890865
A-Injury,Turning,Clear,Daylight,Dry,Traffic signal,Urbana,1999,0,2,443,POINT (-88.1987421000729 40.1285049229397),POINT,-88.1987421000729,40.1285049229397
A-Injury,Pedalcyclist,Clear,Daylight,Dry,No Controls,Champaign,2006,0,1,977,POINT (-88.2322316285441 40.1102982396598),POINT,-88.2322316285441,40.1102982396598
A-Injury,Fixed object,Rain,Daylight,Wet,Lane Use Marking,Champaign,1999,0,1,444,POINT (-88.2509170369976 40.134708626308),POINT,-88.2509170369976,40.134708626308
A-Injury,Angle,Clear,Daylight,Dry,Stop sign / flasher,Urbana,2000,0,5,298,POINT (-88.162212379578 40.0859675712632),POINT,-88.162212379578,40.0859675712632
A-Injury,Rear end,Rain,Daylight,Wet,No Controls,Urbana,2009,0,1,1501,POINT (-88.2193608010496 40.1145087753203),POINT,-88.2193608010496,40.1145087753203
A-Injury,Rear end,Clear,Daylight,Dry,No Controls,Unincorporated,2009,0,1,1502,POINT (-88.2165372440557 40.0835317897119),POINT,-88.2165372440557,40.0835317897119
A-Injury,Angle,Clear,Daylight,Dry,Stop Sign/Flasher,Urbana,2009,0,2,1503,POINT (-88.207708318539 40.1257508665441),POINT,-88.207708318539,40.1257508665441
A-Injury,Rear end,Clear,Daylight,Dry,No Controls,Urbana,2009,0,2,1504,POINT (-88.1622970842456 40.0913984493648),POINT,-88.1622970842456,40.0913984493648
A-Injury,Pedalcyclist,Clear,Daylight,Dry,Stop Sign/Flasher,Urbana,2009,0,1,1505,POINT (-88.2073099058583 40.1092498606577),POINT,-88.2073099058583,40.1092498606577
A-Injury,Head on,Rain,Daylight,Wet,No Controls,Urbana,2009,0,3,1506,POINT (-88.2194848551495 40.1239708381432),POINT,-88.2194848551495,40.1239708381432
A-Injury,Turning,Clear,Daylight,Dry,Traffic Signal,Champaign,2009,0,1,1507,POINT (-88.2445883723397 40.0980934446604),POINT,-88.2445883723397,40.0980934446604
A-Injury,Turning,Clear,Dusk,Dry,Traffic Signal,Champaign,2009,0,3,1508,POINT (-88.2769884407887 40.1274102602036),POINT,-88.2769884407887,40.1274102602036
A-Injury,Rear end,Rain,"Darkness, lighted road",Wet,No Controls,Champaign,2009,0,2,1509,POINT (-88.276458934653 40.094978349042),POINT,-88.276458934653,40.094978349042