crash_severity,collision_type,weather,light,road_surface,traffic_control,city,year,fatality,injury,id,Geometry,point,x,y
A-Injury,Angle,Rain,Daylight,Wet,Stop Sign/Flasher,Tolono,2013,0,3,2269,POINT (-88.2616546971934 39.9900693639938),POINT,-88.2616546971934,39.9900693639938
A-Injury,Angle,Clear,Dusk,Dry,Stop Sign/Flasher,Mahomet,2013,0,1,2270,POINT (-88.4027483769395 40.1948544018706),POINT,-88.4027483769395,40.1948544018706
A-Injury,Angle,Clear,Daylight,Dry,Stop Sign/Flasher,Champaign,2013,0,1,2271,POINT (-88.2410788148226 40.1249299997195),POINT,-88.2410788148226,40.1249299997195
A-Injury,Fixed object,Snow,Darkness,Snow or Slush,Lane Use Marking,Unincorporated,2013,0,1,2272,POINT (-88.1611642256097 39.9689542635099),POINT,-88.1611642256097,39.9689542635099
A-Injury,Angle,Clear,Daylight,Other,No Controls,Unincorporated,2013,0,2,2274,POINT (-88.4631203881637 40.0986207658757),POINT,-88.4631203881637,40.0986207658757
A-Injury,Rear end,Sleet/Hail,Darkness,Ice,Lane Use Marking,Unincorporated,2013,0,1,2275,POINT (-88.0693837451992 40.1206460750321),POINT,-88.0693837451992,40.1206460750321
A-Injury,Overturned,Clear,Darkness,Dry,No Controls,Unincorporated,2013,0,1,2276,POINT (-88.3243800495085 40.0550836639975),POINT,-88.3243800495085,40.0550836639975
A-Injury,Fixed object,Rain,Darkness,Wet,Lane Use Marking,Unincorporated,2013,0,2,2277,POINT (-88.3856509173335 40.2796028795598),POINT,-88.3856509173335,40.2796028795598
A-Injury,Fixed object,Clear,Darkness,Wet,Other Warning Sign,Unincorporated,2013,0,1,2278,POINT (-87.9361240952311 40.3781825313307),POINT,-87.9361240952311,40.3781825313307
A-Injury,Fixed object,Snow,Dusk,Snow or Slush,Lane Use Marking,Unincorporated,2013,0,3,2279,POINT (-88.3027246784714 39.9263088673621),POINT,-88.3027246784714,39.9263088673621
A-Injury,Rear end,Snow,Darkness,Ice,Lane Use Marking,Unincorporated,2013,0,1,2280,POINT (-88.1831519345114 40.2373206632397),POINT,-88.1831519345114,40.2373206632397
A-Injury,Pedalcyclist,Rain,Darkness,Wet,No Controls,Champaign,2013,0,1,2281,POINT (-88.2963954343719 40.0839512504984),POINT,-88.2963954343719,40.0839512504984
A-Injury,Turning,Clear,Darkness,Dry,Traffic Signal,Champaign,2013,0,2,2282,POINT (-88.2437200004438 40.1379708480598),POINT,-88.2437200004438,40.1379708480598
A-Injury,Fixed object,Clear,"Darkness, lighted road",Wet,No Controls,Champaign,2013,0,1,2283,POINT (-88.2766358339762 40.1061491594801),POINT,-88.2766358339762,40.1061491594801
A-Injury,Turning,Fog/Smoke/Haze,Daylight,Dry,No Controls,Champaign,2013,0,1,2284,POINT (-88.2392700016365 40.1567299997201),POINT,-88.2392700016365,40.1567299997201
A-Injury,Angle,Clear,Daylight,Dry,Traffic Signal,Champaign,2013,0,3,2285,POINT (-88.2817001300733 40.1184776080803),POINT,-88.2817001300733,40.1184776080803
A-Injury,Rear end,Clear,Daylight,Dry,No Controls,Urbana,2013,0,1,2286,POINT (-88.1627414559238 40.1106489896772),POINT,-88.1627414559238,40.1106489896772
A-Injury,Angle,Clear,Darkness,Dry,Traffic Signal,Champaign,2013,0,2,2287,POINT (-88.2468100010723 40.1126099992334),POINT,-88.2468100010723,40.1126099992334
A-Injury,Rear end,Clear,Daylight,Dry,Traffic Signal,Champaign,2013,0,1,2288,POINT (-88.2689100431802 40.0982206922495),POINT,-88.2689100431802,40.0982206922495
A-Injury,Turning,Clear,Daylight,Dry,Traffic Signal,Champaign,2013,0,2,2289,POINT (-88.242639532962 40.1163711708574),POINT,-88.242639532962,40.1163711708574
A-Injury,Fixed object,Clear,Darkness,Dry,No Controls,Unincorporated,2013,0,1,2290,POINT (-88.1204930986132 40.1860245998263),POINT,-88.1204930986132,40.1860245998263
A-Injury,Fixed object,Clear,Darkness,Dry,Lane Use Marking,Unincorporated,2013,0,1,2291,POINT (-87.9686053316243 40.1123722599565),POINT,-87.9686053316243,40.1123722599565
A-Injury,Angle,Clear,Daylight,Dry,Stop Sign/Flasher,Urbana,2013,0,2,2292,POINT (-88.1955479064344 40.0983800450908),POINT,-88.1955479064344,40.0983800450908
A-Injury,Pedestrian,Clear,Darkness,Dry,Lane Use Marking,Champaign,2013,0,1,2293,POINT (-88.2725709900718 40.1128020697852),POINT,-88.2725709900718,40.1128020697852
A-Injury,Pedalcyclist,Clear,Daylight,Dry,Traffic Signal,Urbana,2013,0,2,2294,POINT (-88.1904499067453 40.0838081334924),POINT,-88.1904499067453,40.0838081334924
A-Injury,Pedestrian,Clear,Daylight,Dry,Traffic Signal,Urbana,2013,0,1,2295,POINT (-88.224020000866 40.1164000001846),POINT,-88.224020000866,40.1164000001846
A-Injury,Pedalcyclist,Clear,Daylight,Dry,No Controls,Urbana,2013,0,1,2296,POINT (-88.1945582724899 40.1056800005887),POINT,-88.1945582724899,40.1056800005887
A-Injury,Pedalcyclist,Rain,"Darkness, lighted road",Wet,No Controls,Champaign,2013,0,1,2297,POINT (-88.2654438017509 40.0981925834337),POINT,-88.2654438017509,40.0981925834337
A-Injury,Rear end,Clear,Darkness,Dry,Lane Use Marking,Unincorporated,2014,0,2,2298,POINT (-88.2484059824454 40.1783740243989),POINT,-88.2484059824454,40.1783740243989
A-Injury,Fixed object,Clear,Dusk,Dry,Lane Use Marking,Unincorporated,2014,0,1,2299,POINT (-87.9682582999066 40.3132000048084),POINT,-87.9682582999066,40.3132000048084
A-Injury,Fixed object,Clear,Dawn,Dry,No Controls,Unincorporated,2014,0,1,2300,POINT (-87.9498084133981 40.3306637775566),POINT,-87.9498084133981,40.3306637775566
A-Injury,Overturned,Clear,Dusk,Dry,Lane Use Marking,Unincorporated,2014,0,5,2301,POINT (-88.1821947744908 40.1971036536476),POINT,-88.1821947744908,40.1971036536476
A-Injury,Turning,Clear,Daylight,Dry,Traffic Signal,Unincorporated,2014,0,3,2302,POINT (-88.1832000195998 40.2388007074381),POINT,-88.1832000195998,40.2388007074381
A-Injury,Sideswipe Opposite Direction,Clear,Daylight,Dry,Lane Use Marking,Unincorporated,2014,0,3,2303,POINT (-88.0736571037462 40.3125513509105),POINT,-88.0736571037462,40.3125513509105
A-Injury,Fixed object,Clear,Daylight,Wet,No Controls,Unincorporated,2014,0,1,2304,POINT (-88.4250800056408 39.8860176758882),POINT,-88.4250800056408,39.8860176758882
A-Injury,Fixed object,Clear,Darkness,Ice,No Controls,Unincorporated,2014,0,2,2306,POINT (-88.3466564521131 40.2952697651738),POINT,-88.3466564521131,40.2952697651738
A-Injury,Angle,Clear,Daylight,Dry,No Controls,Unincorporated,2002,0,3,149,POINT (-88.3332847957248 40.1133087720451),POINT,-88.3332847957248,40.1133087720451
A-Injury,Rear end,Clear,Daylight,Dry,Lane Use Marking,Unincorporated,2014,0,1,2307,POINT (-88.4076600012214 40.1567100001834),POINT,-88.4076600012214,40.1567100001834
A-Injury,Rear end,Clear,Daylight,Dry,No Controls,Unincorporated,2014,0,1,2308,POINT (-88.365320001583 40.1964855241457),POINT,-88.365320001583,40.1964855241457
A-Injury,Head on,Rain,Darkness,Wet,Lane Use Marking,Unincorporated,2014,0,1,2309,POINT (-88.4075499931614 40.1348901907327),POINT,-88.4075499931614,40.1348901907327
A-Injury,Rear end,Clear,Daylight,Dry,Lane Use Marking,Mahomet,2014,0,2,2310,POINT (-88.3454975337205 40.1806195293124),POINT,-88.3454975337205,40.1806195293124
A-Injury,Rear end,Rain,Daylight,Wet,Lane Use Marking,Unincorporated,2014,0,1,2311,POINT (-88.394829019642 40.12055900891),POINT,-88.394829019642,40.12055900891
A-Injury,Fixed object,Clear,Daylight,Dry,No Controls,Unincorporated,2014,0,2,2312,POINT (-88.3653400048421 40.2094404034448),POINT,-88.3653400048421,40.2094404034448
A-Injury,Rear end,Clear,Darkness,Dry,Lane Use Marking,Unincorporated,2014,0,1,2313,POINT (-88.3983373339049 40.1205504363559),POINT,-88.3983373339049,40.1205504363559
A-Injury,Head on,Clear,Darkness,Dry,No Controls,Unincorporated,2014,0,2,2314,POINT (-88.3466247599823 40.2782876657311),POINT,-88.3466247599823,40.2782876657311
A-Injury,Rear end,Clear,Darkness,Dry,No Controls,Mahomet,2014,0,1,2315,POINT (-88.3968600012807 40.1998299996558),POINT,-88.3968600012807,40.1998299996558
A-Injury,Other Object,Clear,Darkness,Wet,No Controls,Champaign,2014,0,1,2316,POINT (-88.2543895140893 40.0981200006134),POINT,-88.2543895140893,40.0981200006134
A-Injury,Angle,Clear,Daylight,Ice,Traffic Signal,Champaign,2014,0,1,2317,POINT (-88.2817000355781 40.1184720656669),POINT,-88.2817000355781,40.1184720656669
A-Injury,Angle,Clear,Daylight,Dry,Traffic Signal,Champaign,2014,0,2,2318,POINT (-88.276810000017 40.1164623832761),POINT,-88.276810000017,40.1164623832761
A-Injury,Rear end,Clear,Daylight,Dry,No Controls,Champaign,2014,0,1,2319,POINT (-88.2467064322788 40.0848789935594),POINT,-88.2467064322788,40.0848789935594
A-Injury,Parked Motor Vehicle,Clear,Daylight,Dry,No Controls,Champaign,2014,0,1,2320,POINT (-88.2630975055913 40.1163500037343),POINT,-88.2630975055913,40.1163500037343
A-Injury,Parked Motor Vehicle,Clear,Darkness,Dry,No Controls,Champaign,2014,0,1,2322,POINT (-88.2387371610022 40.1170272385878),POINT,-88.2387371610022,40.1170272385878
A-Injury,Pedestrian,Clear,Daylight,Dry,Stop Sign/Flasher,Champaign,2014,0,1,2323,POINT (-88.2817423097205 40.0983400228863),POINT,-88.2817423097205,40.0983400228863
A-Injury,Head on,Clear,Darkness,Dry,Other Warning Sign,Champaign,2014,0,2,2324,POINT (-88.2977180365101 40.1338360380242),POINT,-88.2977180365101,40.1338360380242
A-Injury,Turning,Clear,Daylight,Dry,No Controls,Champaign,2014,0,3,2325,POINT (-88.2454341487765 40.0930259595468),POINT,-88.2454341487765,40.0930259595468
A-Injury,Overturned,Clear,"Darkness, lighted road",Wet,No Controls,Champaign,2014,0,1,2326,POINT (-88.2317432101095 40.1163521380717),POINT,-88.2317432101095,40.1163521380717
A-Injury,Sideswipe Same Direction,Clear,Daylight,Dry,No Controls,Urbana,2014,0,2,2327,POINT (-88.2195500011928 40.1284423933127),POINT,-88.2195500011928,40.1284423933127
A-Injury,Pedestrian,Clear,Daylight,Dry,Lane Use Marking,Champaign,2014,0,1,2328,POINT (-88.2364062266332 40.1274013257951),POINT,-88.2364062266332,40.1274013257951
A-Injury,Fixed object,Rain,"Darkness, lighted road",Wet,Stop Sign/Flasher,Champaign,2014,0,1,2329,POINT (-88.2398695348516 40.1210574310982),POINT,-88.2398695348516,40.1210574310982
A-Injury,Turning,Clear,Daylight,Dry,No Controls,Champaign,2014,0,2,2330,POINT (-88.2581332151795 40.1322375187771),POINT,-88.2581332151795,40.1322375187771
A-Injury,Rear end,Snow,"Darkness, lighted road",Snow or Slush,No Controls,Champaign,2014,0,1,2331,POINT (-88.2766323831681 40.1274074456395),POINT,-88.2766323831681,40.1274074456395
A-Injury,Angle,Clear,Daylight,Snow or Slush,Traffic Signal,Champaign,2014,0,1,2332,POINT (-88.2445877380963 40.0980943599453),POINT,-88.2445877380963,40.0980943599453
A-Injury,Parked Motor Vehicle,Snow,Daylight,Snow or Slush,Lane Use Marking,Champaign,2014,0,1,2333,POINT (-88.2289369578559 40.1142845401456),POINT,-88.2289369578559,40.1142845401456
A-Injury,Other Object,Clear,Daylight,Wet,No Controls,Champaign,2014,0,1,2334,POINT (-88.2579800008157 40.1310759737121),POINT,-88.2579800008157,40.1310759737121
A-Injury,Fixed object,Clear,Daylight,Dry,Lane Use Marking,Champaign,2014,0,1,2335,POINT (-88.2870469884152 40.127521792807),POINT,-88.2870469884152,40.127521792807
A-Injury,Pedestrian,Clear,Daylight,Dry,No Controls,Champaign,2014,0,1,2336,POINT (-88.2810781305 40.1032142712093),POINT,-88.2810781305,40.1032142712093
A-Injury,Rear end,Clear,Daylight,Dry,Stop Sign/Flasher,Urbana,2014,0,1,2337,POINT (-88.2255807981723 40.1105590784355),POINT,-88.2255807981723,40.1105590784355
A-Injury,Angle,Clear,Daylight,Dry,Traffic Signal,Champaign,2014,0,1,2338,POINT (-88.2578900011902 40.1407499996309),POINT,-88.2578900011902,40.1407499996309
A-Injury,Pedestrian,Clear,Daylight,Dry,No Controls,Champaign,2014,0,1,2339,POINT (-88.2665041629917 40.1272840491356),POINT,-88.2665041629917,40.1272840491356
A-Injury,Pedestrian,Clear,"Darkness, lighted road",Wet,Lane Use Marking,Champaign,2014,0,1,2340,POINT (-88.2723295936388 40.0982399951714),POINT,-88.2723295936388,40.0982399951714
A-Injury,Angle,Clear,Daylight,Dry,Stop Sign/Flasher,Champaign,2014,0,1,2341,POINT (-88.2527501250677 40.1425288256459),POINT,-88.2527501250677,40.1425288256459
A-Injury,Angle,Clear,Daylight,Dry,Traffic Signal,Champaign,2014,0,2,2342,POINT (-88.2772300596124 40.1392317964868),POINT,-88.2772300596124,40.1392317964868
A-Injury,Turning,Clear,Daylight,Dry,No Controls,Champaign,2014,0,1,2343,POINT (-88.243450000772 40.1090099994554),POINT,-88.243450000772,40.1090099994554
A-Injury,Fixed object,Clear,"Darkness, lighted road",Dry,No Controls,Champaign,2014,0,1,2344,POINT (-88.2412757736131 40.1272064269165),POINT,-88.2412757736131,40.1272064269165
A-Injury,Pedalcyclist,Clear,Daylight,Dry,Traffic Signal,Champaign,2014,0,1,2345,POINT (-88.2579800152708 40.1271708248376),POINT,-88.2579800152708,40.1271708248376
A-Injury,Pedalcyclist,Clear,Daylight,Dry,Traffic Signal,Champaign,2014,0,1,2346,POINT (-88.2772300013583 40.139230000616),POINT,-88.2772300013583,40.139230000616
A-Injury,Pedestrian,Clear,Daylight,Dry,No Controls,Champaign,2014,0,1,2347,POINT (-88.2591100298971 40.1380791567567),POINT,-88.2591100298971,40.1380791567567
A-Injury,Turning,Clear,"Darkness, lighted road",Dry,Traffic Signal,Champaign,2014,0,1,2348,POINT (-88.2765102407828 40.0982600034427),POINT,-88.2765102407828,40.0982600034427
A-Injury,Pedalcyclist,Clear,Daylight,Dry,Stop Sign/Flasher,Unincorporated,2014,0,1,2349,POINT (-88.2981100000837 40.0985200000883),POINT,-88.2981100000837,40.0985200000883
A-Injury,Rear end,Clear,Daylight,Dry,Lane Use Marking,Champaign,2014,0,1,2350,POINT (-88.2580130094288 40.1358594569295),POINT,-88.2580130094288,40.1358594569295
A-Injury,Other Object,Clear,Daylight,Dry,Lane Use Marking,Champaign,2014,0,2,2351,POINT (-88.2966603710809 40.1572141875403),POINT,-88.2966603710809,40.1572141875403
A-Injury,Fixed object,Clear,Daylight,Dry,Lane Use Marking,Champaign,2014,0,1,2352,POINT (-88.2804795691339 40.143517232781),POINT,-88.2804795691339,40.143517232781
A-Injury,Fixed object,Clear,Darkness,Dry,Lane Use Marking,Urbana,2014,0,1,2353,POINT (-88.2241184538674 40.1349278808158),POINT,-88.2241184538674,40.1349278808158
A-Injury,Other Non-Collision,Clear,Daylight,Dry,No Controls,Champaign,2014,0,1,2354,POINT (-88.276352940595 40.085948522484),POINT,-88.276352940595,40.085948522484
A-Injury,Turning,Clear,Daylight,Dry,No Controls,Champaign,2014,0,1,2355,POINT (-88.258606811888 40.1324462245642),POINT,-88.258606811888,40.1324462245642
A-Injury,Pedestrian,Clear,Daylight,Dry,Traffic Signal,Champaign,2014,0,1,2356,POINT (-88.2468700014912 40.1271923425195),POINT,-88.2468700014912,40.1271923425195
A-Injury,Angle,Rain,Daylight,Wet,Stop Sign/Flasher,Champaign,2014,0,1,2357,POINT (-88.2387204200333 40.1143700070849),POINT,-88.2387204200333,40.1143700070849
A-Injury,Parked Motor Vehicle,Rain,Daylight,Unknown,Stop Sign/Flasher,Champaign,2014,0,1,2358,POINT (-88.2303709363587 40.1005874155287),POINT,-88.2303709363587,40.1005874155287
A-Injury,Overturned,Clear,Daylight,Dry,No Controls,Champaign,2014,0,1,2359,POINT (-88.2860600004075 40.11290999907),POINT,-88.2860600004075,40.11290999907
A-Injury,Rear end,Clear,"Darkness, lighted road",Wet,Traffic Signal,Champaign,2014,0,1,2360,POINT (-88.2435317259487 40.1211186645263),POINT,-88.2435317259487,40.1211186645263
A-Injury,Turning,Clear,Daylight,Dry,Traffic Signal,Champaign,2014,0,1,2361,POINT (-88.2464997090524 40.0862418343213),POINT,-88.2464997090524,40.0862418343213
A-Injury,Angle,Clear,Daylight,Dry,Stop Sign/Flasher,Champaign,2014,0,1,2362,POINT (-88.2627100009444 40.1272299999694),POINT,-88.2627100009444,40.1272299999694
A-Injury,Fixed object,Clear,Darkness,Dry,No Controls,Champaign,2014,0,1,2363,POINT (-88.2955200466705 40.1060154567915),POINT,-88.2955200466705,40.1060154567915
A-Injury,Pedestrian,Clear,Daylight,Dry,No Controls,Unincorporated,2014,0,1,2364,POINT (-88.2747173122704 40.1416162683971),POINT,-88.2747173122704,40.1416162683971
A-Injury,Pedalcyclist,Clear,Daylight,Dry,No Controls,Urbana,2014,0,1,2365,POINT (-88.2214592818402 40.1090807738953),POINT,-88.2214592818402,40.1090807738953
A-Injury,Other non collision,Clear,Darkness,Dry,No Controls,Unincorporated,1999,0,2,458,GEOMETRYCOLLECTION EMPTY,GEOMETRYCOLLECTION,EMPTY,
A-Injury,Rear end,Clear,Dusk,Ice,Police / flagman,Unincorporated,1999,0,4,459,POINT (-88.2617900169682 40.1654278506449),POINT,-88.2617900169682,40.1654278506449
A-Injury,Turning,Rain,Daylight,Wet,No Controls,Unincorporated,2014,0,2,2366,POINT (-88.219948779817 40.1435347799496),POINT,-88.219948779817,40.1435347799496
A-Injury,Overturned,Clear,Darkness,Wet,Lane Use Marking,Champaign,2014,0,1,2367,POINT (-88.3077003069218 40.1209211632301),POINT,-88.3077003069218,40.1209211632301
A-Injury,Rear end,Clear,Daylight,Dry,Traffic Signal,Champaign,2014,0,3,2368,POINT (-88.2464357983659 40.0866446799853),POINT,-88.2464357983659,40.0866446799853
A-Injury,Pedestrian,Rain,"Darkness, lighted road",Wet,Traffic Signal,Unincorporated,2014,0,1,2369,POINT (-88.2384395116347 40.0833209774493),POINT,-88.2384395116347,40.0833209774493
A-Injury,Head on,Clear,Daylight,Dry,No Controls,Urbana,2014,0,3,2370,POINT (-88.2236599955926 40.1164044736659),POINT,-88.2236599955926,40.1164044736659
A-Injury,Turning,Clear,"Darkness, lighted road",Dry,Traffic Signal,Urbana,2014,0,3,2371,POINT (-88.2195399278096 40.1273684391752),POINT,-88.2195399278096,40.1273684391752
A-Injury,Turning,Clear,"Darkness, lighted road",Dry,Traffic Signal,Champaign,2014,0,2,2372,POINT (-88.2689102381468 40.0982239417524),POINT,-88.2689102381468,40.0982239417524
A-Injury,Pedestrian,Clear,Daylight,Dry,Traffic Signal,Champaign,2014,0,1,2373,POINT (-88.2385191270673 40.0980400081864),POINT,-88.2385191270673,40.0980400081864
A-Injury,Fixed object,Clear,Daylight,Dry,No Controls,Champaign,2014,0,1,2374,POINT (-88.243052917949 40.0834795217726),POINT,-88.243052917949,40.0834795217726
A-Injury,Turning,Rain,"Darkness, lighted road",Wet,No Controls,Champaign,2000,0,2,318,POINT (-88.2579195445405 40.1239572177179),POINT,-88.2579195445405,40.1239572177179
A-Injury,Angle,Clear,Daylight,Wet,Stop sign / flasher,Champaign,2000,0,1,319,POINT (-88.3145129624667 40.1132597945671),POINT,-88.3145129624667,40.1132597945671
A-Injury,Angle,Clear,Daylight,Dry,Stop Sign/Flasher,Champaign,2014,0,1,2375,POINT (-88.262740000814 40.1310000003261),POINT,-88.262740000814,40.1310000003261
A-Injury,Turning,Clear,Daylight,Dry,Stop Sign/Flasher,Champaign,2014,0,1,2376,POINT (-88.2767100013924 40.1103300001003),POINT,-88.2767100013924,40.1103300001003
A-Injury,Rear end,Clear,"Darkness, lighted road",Dry,Stop Sign/Flasher,Champaign,2014,0,1,2377,POINT (-88.2812059717767 40.0983312962357),POINT,-88.2812059717767,40.0983312962357
A-Injury,Angle,Clear,Daylight,Dry,No Controls,Urbana,2014,0,2,2378,POINT (-88.2209183000759 40.1164289329268),POINT,-88.2209183000759,40.1164289329268
A-Injury,Rear end,Clear,Daylight,Dry,No Controls,Champaign,2014,0,1,2379,POINT (-88.2336844188804 40.0980900001149),POINT,-88.2336844188804,40.0980900001149
A-Injury,Fixed object,Clear,"Darkness, lighted road",Dry,No Controls,Champaign,2014,0,1,2380,POINT (-88.2579403064317 40.1253752764308),POINT,-88.2579403064317,40.1253752764308
A-Injury,Fixed object,Clear,Darkness,Ice,Lane Use Marking,Unincorporated,2014,0,1,2381,POINT (-88.1232096456928 40.1206397982467),POINT,-88.1232096456928,40.1206397982467
A-Injury,Fixed object,Clear,Darkness,Dry,No Controls,Urbana,2014,0,2,2382,POINT (-88.1989733586936 40.134001038768),POINT,-88.1989733586936,40.134001038768
A-Injury,Pedestrian,Clear,Daylight,Dry,Other,Urbana,2014,0,1,2383,POINT (-88.2192200017682 40.1046400001537),POINT,-88.2192200017682,40.1046400001537
A-Injury,Parked Motor Vehicle,Clear,Daylight,Snow or Slush,No Controls,Urbana,2014,0,1,2384,POINT (-88.2000705943395 40.0985034304056),POINT,-88.2000705943395,40.0985034304056
A-Injury,Rear end,Fog/Smoke/Haze,Daylight,Dry,Stop Sign/Flasher,Urbana,2014,0,1,2385,POINT (-88.2049610798982 40.1107993793602),POINT,-88.2049610798982,40.1107993793602
A-Injury,Overturned,Clear,Darkness,Ice,No Controls,Unincorporated,2014,0,3,2386,POINT (-88.1438871799962 40.1383397936252),POINT,-88.1438871799962,40.1383397936252
A-Injury,Rear end,Clear,Daylight,Dry,Traffic Signal,Urbana,2014,0,1,2387,POINT (-88.2049700013527 40.1163199993893),POINT,-88.2049700013527,40.1163199993893
A-Injury,Rear end,Clear,Daylight,Dry,Traffic Signal,Unincorporated,2014,0,1,2388,POINT (-88.218850055919 40.0835227298157),POINT,-88.218850055919,40.0835227298157
A-Injury,Turning,Clear,Daylight,Dry,Stop Sign/Flasher,Unincorporated,2014,0,1,2389,POINT (-88.1822700014631 40.1565999996202),POINT,-88.1822700014631,40.1565999996202
A-Injury,Fixed object,Clear,Daylight,Dry,Lane Use Marking,Unincorporated,2014,0,1,2390,POINT (-88.2073939139442 40.1351000006758),POINT,-88.2073939139442,40.1351000006758
A-Injury,Rear end,Clear,Daylight,Dry,No Controls,Unincorporated,2014,0,2,2391,POINT (-88.1817853324329 40.1148162569237),POINT,-88.1817853324329,40.1148162569237
A-Injury,Fixed object,Clear,Daylight,Dry,Lane Use Marking,Urbana,2014,0,1,2392,POINT (-88.2031738984697 40.1350579136637),POINT,-88.2031738984697,40.1350579136637
A-Injury,Pedalcyclist,Rain,Daylight,Wet,Stop Sign/Flasher,Urbana,2014,0,1,2393,POINT (-88.190670447744 40.094759997129),POINT,-88.190670447744,40.094759997129
A-Injury,Turning,Clear,Daylight,Dry,Traffic Signal,Urbana,2014,0,2,2394,POINT (-88.1994265182755 40.1273900455828),POINT,-88.1994265182755,40.1273900455828
A-Injury,Sideswipe Same Direction,Clear,Daylight,Dry,Lane Use Marking,Urbana,2014,0,1,2395,POINT (-88.2012390151713 40.1348568676421),POINT,-88.2012390151713,40.1348568676421
A-Injury,Pedestrian,Clear,Darkness,Wet,No Controls,Urbana,2014,0,1,2396,POINT (-88.1673017196158 40.1112616747752),POINT,-88.1673017196158,40.1112616747752
A-Injury,Fixed object,Clear,"Darkness, lighted road",Dry,No Controls,Urbana,2014,0,1,2397,POINT (-88.2049252153731 40.1164468898098),POINT,-88.2049252153731,40.1164468898098
A-Injury,Rear end,Clear,Daylight,Dry,Stop Sign/Flasher,Urbana,2014,0,1,2398,POINT (-88.195770001313 40.1129700001017),POINT,-88.195770001313,40.1129700001017
A-Injury,Fixed object,Clear,Daylight,Dry,Traffic Signal,Urbana,2014,0,2,2399,POINT (-88.2049995595309 40.112450032918),POINT,-88.2049995595309,40.112450032918
A-Injury,Rear end,Clear,Daylight,Dry,No Controls,Urbana,2014,0,1,2400,POINT (-88.219484578119 40.1239722771288),POINT,-88.219484578119,40.1239722771288
A-Injury,Pedestrian,Clear,Daylight,Dry,No Controls,Urbana,2014,0,1,2401,POINT (-88.2004125221565 40.1254302061287),POINT,-88.2004125221565,40.1254302061287
A-Injury,Turning,Clear,Daylight,Dry,Traffic Signal,Urbana,2014,0,1,2402,POINT (-88.2074118253317 40.1124599754806),POINT,-88.2074118253317,40.1124599754806
A-Injury,Fixed object,Clear,Daylight,Dry,Lane Use Marking,Urbana,2014,0,1,2403,POINT (-88.2154760074291 40.1351452622375),POINT,-88.2154760074291,40.1351452622375
A-Injury,Fixed object,Clear,Daylight,Dry,No Controls,Urbana,2014,0,1,2404,POINT (-88.2076200014225 40.1204896527549),POINT,-88.2076200014225,40.1204896527549
A-Injury,Fixed object,Clear,"Darkness, lighted road",Dry,No Controls,Urbana,2014,0,1,2405,POINT (-88.2099196118563 40.1174399948),POINT,-88.2099196118563,40.1174399948
A-Injury,Pedestrian,Clear,Daylight,Dry,Traffic Signal,Urbana,2014,0,1,2406,POINT (-88.2128186612493 40.116489818325),POINT,-88.2128186612493,40.116489818325
A-Injury,Rear end,Clear,Dusk,Dry,Stop Sign/Flasher,Urbana,2014,0,1,2407,POINT (-88.2008493839571 40.1419009755302),POINT,-88.2008493839571,40.1419009755302
A-Injury,Rear end,Clear,Daylight,Dry,Traffic Signal,Urbana,2014,0,2,2408,POINT (-88.1994300018366 40.1273899999242),POINT,-88.1994300018366,40.1273899999242
A-Injury,Turning,Clear,Daylight,Dry,Traffic Signal,Urbana,2014,0,2,2409,POINT (-88.1836223916961 40.1159460824428),POINT,-88.1836223916961,40.1159460824428
A-Injury,Rear end,Clear,"Darkness, lighted road",Dry,Traffic Signal,Urbana,2014,0,2,2410,POINT (-88.2049700013527 40.1163199993893),POINT,-88.2049700013527,40.1163199993893
A-Injury,Rear end,Clear,Daylight,Dry,No Controls,Urbana,2014,0,2,2411,POINT (-88.2194705259475 40.1232335794616),POINT,-88.2194705259475,40.1232335794616
A-Injury,Pedestrian,Clear,Daylight,Dry,Traffic Signal,Urbana,2014,0,1,2412,POINT (-88.2156798712409 40.1164539514851),POINT,-88.2156798712409,40.1164539514851
A-Injury,Angle,Cloudy/Overcast,Daylight,Wet,Stop Sign/Flasher,Urbana,2014,0,2,2413,POINT (-88.2143801495868 40.1006802188066),POINT,-88.2143801495868,40.1006802188066
A-Injury,Turning,Rain,Daylight,Wet,Traffic Signal,Rantoul,2014,0,1,2414,POINT (-88.1559797877983 40.308185361749),POINT,-88.1559797877983,40.308185361749
A-Injury,Fixed object,Clear,Daylight,Ice,Lane Use Marking,Unincorporated,2014,0,1,2415,POINT (-88.1778520093886 40.2653141977164),POINT,-88.1778520093886,40.2653141977164
A-Injury,Overturned,Clear,Darkness,Ice,Lane Use Marking,Unincorporated,2014,0,2,2416,POINT (-88.1645429311743 40.3423636179193),POINT,-88.1645429311743,40.3423636179193
A-Injury,Overturned,Clear,Darkness,Ice,Lane Use Marking,Unincorporated,2014,0,1,2417,POINT (-88.1292388768335 40.3991230270633),POINT,-88.1292388768335,40.3991230270633
A-Injury,Pedestrian,Clear,Daylight,Ice,Lane Use Marking,Unincorporated,2014,0,2,2418,POINT (-88.1394980734616 40.379045388431),POINT,-88.1394980734616,40.379045388431