crash_severity,collision_type,weather,light,road_surface,traffic_control,city,year,fatality,injury,id,Geometry,point,x,y
A-Injury,Fixed object,Clear,Darkness,Dry,No Controls,Unincorporated,2014,0,1,2419,POINT (-88.193840000979 40.2936213816649),POINT,-88.193840000979,40.2936213816649
A-Injury,Angle,Clear,Daylight,Dry,Stop sign / flasher,Unincorporated,2000,0,4,320,POINT (-88.3848728197184 40.3546270023103),POINT,-88.3848728197184,40.3546270023103
A-Injury,Angle,Clear,"Darkness, lighted road",Dry,Traffic signal,Champaign,2003,0,1,83,POINT (-88.2771912125584 40.1392387502071),POINT,-88.2771912125584,40.1392387502071
A-Injury,Angle,Clear,Daylight,Dry,Stop Sign/Flasher,Unincorporated,2014,0,1,2420,POINT (-88.2902400013498 40.355089999318),POINT,-88.2902400013498,40.355089999318
A-Injury,Overturned,Clear,Darkness,Dry,Lane Use Marking,Unincorporated,2014,0,1,2421,POINT (-88.1479497075098 40.36334710908),POINT,-88.1479497075098,40.36334710908
A-Injury,Angle,Clear,Daylight,Dry,Stop Sign/Flasher,Unincorporated,2014,0,2,2422,POINT (-88.1051799933334 40.164093321674),POINT,-88.1051799933334,40.164093321674
A-Injury,Fixed object,Clear,Darkness,Dry,No Controls,Unincorporated,2014,0,1,2423,POINT (-87.9604242492612 40.1843479928915),POINT,-87.9604242492612,40.1843479928915
A-Injury,Fixed object,Clear,Dusk,Dry,Lane Use Marking,Unincorporated,2014,0,1,2424,POINT (-87.9585252277827 40.0787590391618),POINT,-87.9585252277827,40.0787590391618
A-Injury,Turning,Clear,Daylight,Dry,Stop Sign/Flasher,Unincorporated,2014,0,2,2425,POINT (-87.9585200007596 40.0762199988664),POINT,-87.9585200007596,40.0762199988664
A-Injury,Fixed object,Clear,Darkness,Dry,Other Warning Sign,Unincorporated,2014,0,1,2426,POINT (-88.0781250399792 40.2394802744712),POINT,-88.0781250399792,40.2394802744712
A-Injury,Sideswipe Same Direction,Clear,Darkness,Dry,Lane Use Marking,St Joseph,2014,0,2,2427,POINT (-88.0421665292913 40.1202349391647),POINT,-88.0421665292913,40.1202349391647
A-Injury,Angle,Clear,Daylight,Dry,No Controls,Unincorporated,2014,0,4,2428,POINT (-88.0289200013772 40.2009499997723),POINT,-88.0289200013772,40.2009499997723
A-Injury,Pedestrian,Fog/Smoke/Haze,Darkness,Ice,Other Warning Sign,Unincorporated,2014,0,1,2429,POINT (-88.033639058355 40.2395730369882),POINT,-88.033639058355,40.2395730369882
A-Injury,Angle,Clear,Daylight,Ice,Stop Sign/Flasher,Unincorporated,2014,0,3,2430,POINT (-88.2950310905289 40.067822550572),POINT,-88.2950310905289,40.067822550572
A-Injury,Turning,Clear,Daylight,Dry,Stop Sign/Flasher,Champaign,2014,0,1,2431,POINT (-88.2809447459526 40.0692304182604),POINT,-88.2809447459526,40.0692304182604
A-Injury,Fixed object,Snow,Daylight,Ice,No Controls,Sidney,2014,0,1,2432,POINT (-88.0808552426972 40.0259093412799),POINT,-88.0808552426972,40.0259093412799
A-Injury,Head on,Clear,Dawn,Ice,No Controls,Unincorporated,2014,0,1,2433,POINT (-88.2186218907548 40.0690988319415),POINT,-88.2186218907548,40.0690988319415
A-Injury,Fixed object,Clear,Daylight,Dry,No Controls,Unincorporated,2014,0,1,2434,POINT (-88.0968864406618 40.0113176835224),POINT,-88.0968864406618,40.0113176835224
A-Injury,Angle,Clear,"Darkness, lighted road",Dry,Stop Sign/Flasher,Unincorporated,2014,0,2,2435,POINT (-88.1615500016007 40.0255400000525),POINT,-88.1615500016007,40.0255400000525
A-Injury,Rear end,Clear,Daylight,Dry,Lane Use Marking,Unincorporated,2014,0,2,2436,POINT (-88.3037249784628 40.0718951175229),POINT,-88.3037249784628,40.0718951175229
A-Injury,Overturned,Rain,Daylight,Wet,Lane Use Marking,Unincorporated,2014,0,2,2437,POINT (-88.1619873319855 40.0750754690455),POINT,-88.1619873319855,40.0750754690455
A-Injury,Angle,Clear,Daylight,Wet,Stop Sign/Flasher,Unincorporated,2014,0,2,2438,POINT (-88.1615499954012 40.0255391973616),POINT,-88.1615499954012,40.0255391973616
A-Injury,Turning,Clear,Daylight,Dry,Lane Use Marking,Unincorporated,2014,0,5,2439,POINT (-88.2583197201796 40.0103015177155),POINT,-88.2583197201796,40.0103015177155
A-Injury,Turning,Clear,Daylight,Dry,Stop Sign/Flasher,Unincorporated,2014,0,2,2440,POINT (-88.2366700012777 39.9082899997267),POINT,-88.2366700012777,39.9082899997267
A-Injury,Pedalcyclist,Clear,Daylight,Dry,Traffic Signal,Savoy,2014,0,1,2441,POINT (-88.2514200002071 40.054489999205),POINT,-88.2514200002071,40.054489999205
A-Injury,Turning,Clear,Daylight,Dry,Traffic Signal,Savoy,2014,0,1,2442,POINT (-88.2539799991713 40.0394300005311),POINT,-88.2539799991713,40.0394300005311
A-Injury,Overturned,Clear,Darkness,Dry,No Controls,Unincorporated,2014,0,1,2443,POINT (-88.1949920593456 40.0692157904665),POINT,-88.1949920593456,40.0692157904665
A-Injury,Angle,Clear,Daylight,Dry,No Controls,Unincorporated,2014,0,1,2444,POINT (-88.1233087263167 39.982139952418),POINT,-88.1233087263167,39.982139952418
A-Injury,Angle,Clear,Daylight,Dry,Traffic Signal,Savoy,2014,0,2,2445,POINT (-88.2514198857516 40.0544907150559),POINT,-88.2514198857516,40.0544907150559
A-Injury,Overturned,Clear,Daylight,Dry,Other,Unincorporated,2000,0,1,295,POINT (-88.4077944624347 40.1132348838806),POINT,-88.4077944624347,40.1132348838806
A-Injury,Rear end,Clear,Daylight,Dry,No Controls,Tolono,2014,0,3,2447,POINT (-88.2489090814714 39.9812040829735),POINT,-88.2489090814714,39.9812040829735
A-Injury,Fixed object,Snow,Darkness,Ice,Lane Use Marking,Pesotum,2014,0,1,2448,POINT (-88.2797732150876 39.9054709416765),POINT,-88.2797732150876,39.9054709416765
A-Injury,Fixed object,Rain,Darkness,Wet,Lane Use Marking,Unincorporated,2014,0,2,2449,POINT (-88.3036065620698 40.0609448236338),POINT,-88.3036065620698,40.0609448236338
A-Injury,Rear end,Clear,Darkness,Dry,No Controls,Unincorporated,2014,0,2,2450,POINT (-88.142648531612 40.0257500160354),POINT,-88.142648531612,40.0257500160354
A-Injury,Angle,Clear,Daylight,Dry,Stop Sign/Flasher,Unincorporated,2014,0,2,2451,POINT (-88.1804399980767 40.0109096777426),POINT,-88.1804399980767,40.0109096777426
A-Injury,Fixed Object,Sleet/Hail,Darkness,Ice,Lane Use Marking,Unincorporated,2015,0,2,2452,POINT (-88.297681164553 39.9192637414928),POINT,-88.297681164553,39.9192637414928
A-Injury,Fixed Object,Clear,Dawn,Dry,Lane Use Marking,Unincorporated,2015,0,1,2453,POINT (-87.9568824914302 39.9090419118576),POINT,-87.9568824914302,39.9090419118576
A-Injury,Turning,Clear,Darkness,Dry,Lane Use Marking,Unincorporated,2015,0,1,2454,POINT (-88.2583491317776 40.0096189876922),POINT,-88.2583491317776,40.0096189876922
A-Injury,Fixed Object,Snow,Darkness,Ice,No Controls,Unincorporated,2015,0,1,2456,POINT (-88.1606113665321 39.9087738599462),POINT,-88.1606113665321,39.9087738599462
A-Injury,Overturned,Clear,Darkness,Dry,No Controls,Unincorporated,2015,0,1,2457,POINT (-88.29438000061 40.0106899998736),POINT,-88.29438000061,40.0106899998736
A-Injury,Fixed Object,Clear,Daylight,Dry,No Controls,Unincorporated,2015,0,1,2458,POINT (-88.208859309795 40.0106808701736),POINT,-88.208859309795,40.0106808701736
A-Injury,Overturned,Clear,Daylight,Dry,No Controls,Sadorus,2015,0,1,2459,POINT (-88.3508747688054 39.9656224200952),POINT,-88.3508747688054,39.9656224200952
A-Injury,Angle,Clear,Daylight,Dry,Stop Sign/Flasher,Ogden,2015,0,1,2460,POINT (-87.9587944133886 40.1166611882077),POINT,-87.9587944133886,40.1166611882077
A-Injury,Fixed Object,Clear,Daylight,Dry,Lane Use Marking,Unincorporated,2015,0,1,2461,POINT (-87.9850328889879 40.1198176461514),POINT,-87.9850328889879,40.1198176461514
A-Injury,Fixed Object,Clear,Darkness,Dry,Lane Use Marking,Unincorporated,2015,0,1,2462,POINT (-87.9477740503853 40.1199715091988),POINT,-87.9477740503853,40.1199715091988
A-Injury,Overturned,Snow,Daylight,Ice,Lane Use Marking,Unincorporated,2015,0,1,2463,POINT (-88.1978666280031 40.2373257632756),POINT,-88.1978666280031,40.2373257632756
A-Injury,Fixed Object,Snow,Daylight,Ice,Lane Use Marking,Unincorporated,2015,0,2,2464,POINT (-88.1975529085048 40.2372967389875),POINT,-88.1975529085048,40.2372967389875
A-Injury,Turning,Clear,Daylight,Dry,Lane Use Marking,Unincorporated,2000,0,6,321,POINT (-88.4265190137861 40.1106163446657),POINT,-88.4265190137861,40.1106163446657
A-Injury,Head on,Clear,Darkness,Dry,Lane Use Marking,St. Joseph,2000,0,4,322,POINT (-88.0512302448308 40.1204289350598),POINT,-88.0512302448308,40.1204289350598
A-Injury,Head on,Clear,Darkness,Dry,No Controls,Savoy,2000,0,2,323,POINT (-88.2512377828237 40.0554081679694),POINT,-88.2512377828237,40.0554081679694
A-Injury,Head On,Snow,Daylight,Snow or Slush,Lane Use Marking,Urbana,2015,0,2,2465,POINT (-88.2030540489858 40.1350660117234),POINT,-88.2030540489858,40.1350660117234
A-Injury,Angle,Clear,Daylight,Dry,Traffic Signal,Urbana,2015,0,1,2467,POINT (-88.1836223076393 40.1159452821355),POINT,-88.1836223076393,40.1159452821355
A-Injury,Fixed Object,Clear,Darkness,Dry,Lane Use Marking,St Joseph,2015,0,2,2468,POINT (-88.0206524791896 40.1202624233349),POINT,-88.0206524791896,40.1202624233349
A-Injury,Parked Motor Vehicle,Clear,Darkness,Dry,No Controls,Urbana,2015,0,1,2469,POINT (-88.1852269301903 40.0812890522068),POINT,-88.1852269301903,40.0812890522068
A-Injury,Turning,Clear,Daylight,Dry,Traffic Signal,Urbana,2015,0,2,2470,POINT (-88.1954902355846 40.1338496993026),POINT,-88.1954902355846,40.1338496993026
A-Injury,Fixed Object,Clear,Daylight,Dry,No Controls,Urbana,2015,0,1,2471,POINT (-88.1748600757299 40.112889363551),POINT,-88.1748600757299,40.112889363551
A-Injury,Turning,Clear,Daylight,Dry,Stop Sign/Flasher,Urbana,2015,0,1,2472,POINT (-88.2011402525405 40.1237994343313),POINT,-88.2011402525405,40.1237994343313
A-Injury,Overturned,Clear,Daylight,Dry,Lane Use Marking,Unincorporated,2015,0,1,2473,POINT (-88.1823438126097 40.2087265375553),POINT,-88.1823438126097,40.2087265375553
A-Injury,Overturned,Clear,Daylight,Dry,Lane Use Marking,St Joseph,2015,0,2,2474,POINT (-88.0502063757515 40.1203233553511),POINT,-88.0502063757515,40.1203233553511
A-Injury,Parked Motor Vehicle,Clear,"Darkness, Lighted Road",Dry,No Controls,Urbana,2015,0,1,2475,POINT (-88.2163136027533 40.1006663352),POINT,-88.2163136027533,40.1006663352
A-Injury,Angle,Clear,Daylight,Dry,Stop Sign/Flasher,Urbana,2015,0,1,2476,POINT (-88.2257587008478 40.1231349263898),POINT,-88.2257587008478,40.1231349263898
A-Injury,Angle,Clear,Daylight,Dry,Stop Sign/Flasher,Thomasboro,2015,0,3,2477,POINT (-88.1830100010503 40.2387999996248),POINT,-88.1830100010503,40.2387999996248
A-Injury,Turning,Rain,Daylight,Wet,Stop Sign/Flasher,Urbana,2015,0,2,2478,POINT (-88.2195500007415 40.1298999995318),POINT,-88.2195500007415,40.1298999995318
A-Injury,Turning,Clear,Daylight,Dry,Lane Use Marking,Unincorporated,2015,0,1,2479,POINT (-88.1436300012948 40.1133599996458),POINT,-88.1436300012948,40.1133599996458
A-Injury,Angle,Clear,Daylight,Dry,Stop Sign/Flasher,Urbana,2015,0,2,2480,POINT (-88.2095910266712 40.0982999818842),POINT,-88.2095910266712,40.0982999818842
A-Injury,Overturned,Clear,"Darkness, Lighted Road",Dry,Traffic Signal,Urbana,2015,0,2,2481,POINT (-88.2195407540892 40.1273700335189),POINT,-88.2195407540892,40.1273700335189
A-Injury,Angle,Clear,Daylight,Dry,Traffic Signal,Urbana,2015,0,1,2482,POINT (-88.2193800011326 40.1164299996097),POINT,-88.2193800011326,40.1164299996097
A-Injury,Turning,Clear,Darkness,Dry,Traffic Signal,Unincorporated,2015,0,2,2483,POINT (-88.2188497779149 40.0835201472038),POINT,-88.2188497779149,40.0835201472038
A-Injury,Rear End,Clear,Daylight,Dry,No Controls,Urbana,2015,0,2,2484,POINT (-88.2050004236337 40.1124951420546),POINT,-88.2050004236337,40.1124951420546
A-Injury,Sideswipe Same Direction,Clear,Daylight,Dry,Lane Use Marking,Unincorporated,2015,0,1,2485,POINT (-88.1527042315163 40.1204973915955),POINT,-88.1527042315163,40.1204973915955
A-Injury,Fixed Object,Clear,Darkness,Dry,Lane Use Marking,Unincorporated,2015,0,1,2486,POINT (-88.1820490188484 40.185733980503),POINT,-88.1820490188484,40.185733980503
A-Injury,Rear End,Clear,Daylight,Dry,Other,Urbana,2015,0,1,2487,POINT (-88.2205606799246 40.1105400061373),POINT,-88.2205606799246,40.1105400061373
A-Injury,Turning,Clear,Daylight,Dry,No Controls,Urbana,2015,0,1,2488,POINT (-88.1944930833819 40.1393944135853),POINT,-88.1944930833819,40.1393944135853
A-Injury,Rear End,Clear,Daylight,Dry,No Controls,Urbana,2015,0,1,2489,POINT (-88.201712038639 40.1163138963372),POINT,-88.201712038639,40.1163138963372
A-Injury,Other Non-Collision,Rain,Darkness,Wet,No Controls,Urbana,2015,0,1,2490,POINT (-88.2158532860225 40.1272237968729),POINT,-88.2158532860225,40.1272237968729
A-Injury,Sideswipe Opposite Direction,Clear,Daylight,Dry,No Controls,Urbana,2015,0,4,2491,POINT (-88.2209881227759 40.1164285153406),POINT,-88.2209881227759,40.1164285153406
A-Injury,Pedestrian,Clear,Daylight,Dry,Stop Sign/Flasher,Urbana,2015,0,2,2492,POINT (-88.2191981155866 40.1037001924017),POINT,-88.2191981155866,40.1037001924017
A-Injury,Angle,Clear,Daylight,Dry,Stop Sign/Flasher,Unincorporated,2015,0,3,2493,POINT (-88.1550505300426 40.2390399926133),POINT,-88.1550505300426,40.2390399926133
A-Injury,Overturned,Rain,Daylight,Wet,No Controls,Unincorporated,2015,0,3,2494,POINT (-88.162712265129 40.1223582948252),POINT,-88.162712265129,40.1223582948252
A-Injury,Angle,Clear,Dawn,Dry,Stop Sign/Flasher,Unincorporated,2015,0,3,2495,POINT (-88.1820900135871 40.1892909083694),POINT,-88.1820900135871,40.1892909083694
A-Injury,Turning,Clear,Daylight,Dry,Traffic signal,Champaign,1999,0,1,393,POINT (-88.2457633367735 40.0909263625193),POINT,-88.2457633367735,40.0909263625193
A-Injury,Rear End,Clear,Daylight,Dry,No Controls,Urbana,2015,0,2,2496,POINT (-88.2192196660787 40.1046400039407),POINT,-88.2192196660787,40.1046400039407
A-Injury,Angle,Clear,"Darkness, Lighted Road",Dry,No Controls,Urbana,2015,0,2,2497,POINT (-88.2181070002561 40.1144378144913),POINT,-88.2181070002561,40.1144378144913
A-Injury,Angle,Clear,Daylight,Dry,Stop Sign/Flasher,Unincorporated,2015,0,5,2498,POINT (-88.1822901050451 40.1892899999213),POINT,-88.1822901050451,40.1892899999213
A-Injury,Sideswipe Opposite Direction,Clear,Daylight,Dry,No Controls,Urbana,2015,0,2,2499,POINT (-88.2015902654928 40.1227854931986),POINT,-88.2015902654928,40.1227854931986
A-Injury,Pedalcyclist,Clear,Daylight,Dry,Other Warning Sign,Urbana,2015,0,1,2500,POINT (-88.2238781868021 40.1078989868156),POINT,-88.2238781868021,40.1078989868156
A-Injury,Turning,Clear,Daylight,Dry,Lane Use Marking,Unincorporated,2015,0,2,2501,POINT (-88.0478550880386 40.1862402501934),POINT,-88.0478550880386,40.1862402501934
A-Injury,Overturned,Clear,Daylight,Dry,No Controls,Unincorporated,2015,0,5,2502,POINT (-88.119367097756 40.2245888537201),POINT,-88.119367097756,40.2245888537201
A-Injury,Fixed Object,Clear,Daylight,Dry,No Passing,Urbana,2015,0,1,2503,POINT (-88.2024936289604 40.1351956759979),POINT,-88.2024936289604,40.1351956759979
A-Injury,Pedestrian,Clear,Daylight,Dry,No Controls,Urbana,2015,0,1,2504,POINT (-88.224260894264 40.1273999824244),POINT,-88.224260894264,40.1273999824244
A-Injury,Turning,Clear,Daylight,Dry,Other reg. sign,Unincorporated,1999,0,1,460,POINT (-88.0966924404351 40.1207217409045),POINT,-88.0966924404351,40.1207217409045
A-Injury,Overturned,Clear,Dawn,Ice,Lane Use Marking,Unincorporated,1999,0,1,461,POINT (-88.1614939485197 40.02022741541),POINT,-88.1614939485197,40.02022741541
A-Injury,Pedalcyclist,Clear,Daylight,Dry,Stop Sign/Flasher,Urbana,2015,0,1,2505,POINT (-88.2159898117218 40.1055501082369),POINT,-88.2159898117218,40.1055501082369
A-Injury,Pedestrian,Clear,Daylight,Dry,No Controls,Urbana,2015,0,1,2506,POINT (-88.2230394116088 40.1350852322437),POINT,-88.2230394116088,40.1350852322437
A-Injury,Pedalcyclist,Rain,Daylight,Dry,No Controls,Urbana,2015,0,2,2507,POINT (-88.2255807766883 40.1105586460607),POINT,-88.2255807766883,40.1105586460607
A-Injury,Pedestrian,Clear,"Darkness, Lighted Road",Dry,Traffic Signal,Champaign,2015,0,1,2508,POINT (-88.2302882304196 40.1041700176493),POINT,-88.2302882304196,40.1041700176493
A-Injury,Turning,Snow,"Darkness, lighted road",Snow or slush,Traffic signal,Champaign,2000,0,1,324,POINT (-88.2435184667744 40.1126019034444),POINT,-88.2435184667744,40.1126019034444
A-Injury,Turning,Clear,Daylight,Dry,Traffic signal,Urbana,2000,0,2,325,POINT (-88.1994081291613 40.127391570635),POINT,-88.1994081291613,40.127391570635
A-Injury,Fixed Object,Fog/Smoke/Haze,Darkness,Dry,Stop Sign/Flasher,Unincorporated,2015,0,2,2509,POINT (-88.1820501082052 40.1711099998853),POINT,-88.1820501082052,40.1711099998853
A-Injury,Pedalcyclist,Clear,Daylight,Dry,No Controls,Champaign,2015,0,1,2510,POINT (-88.2296420935003 40.1273273049038),POINT,-88.2296420935003,40.1273273049038
A-Injury,Rear End,Clear,"Darkness, Lighted Road",Dry,Traffic Signal,Champaign,2015,0,1,2511,POINT (-88.2570917373749 40.1126513516726),POINT,-88.2570917373749,40.1126513516726
A-Injury,Rear End,Rain,Dusk,Wet,No Controls,Champaign,2015,0,1,2512,POINT (-88.249648607456 40.0835563879771),POINT,-88.249648607456,40.0835563879771
A-Injury,Pedestrian,Clear,Daylight,Dry,No Controls,Champaign,2015,0,2,2513,POINT (-88.2517106451795 40.1135560700215),POINT,-88.2517106451795,40.1135560700215
A-Injury,Pedestrian,Clear,Daylight,Dry,No Controls,Champaign,2015,0,1,2514,POINT (-88.2424889495578 40.1232922458676),POINT,-88.2424889495578,40.1232922458676
A-Injury,Turning,Clear,Daylight,Dry,Traffic Signal,Champaign,2015,0,1,2515,POINT (-88.2335645376299 40.1163551111492),POINT,-88.2335645376299,40.1163551111492
A-Injury,Rear End,Clear,Daylight,Dry,Traffic Signal,Champaign,2015,0,3,2516,POINT (-88.254570000581 40.130700000165),POINT,-88.254570000581,40.130700000165
A-Injury,Other Object,Clear,Daylight,Dry,No Controls,Champaign,2015,0,1,2517,POINT (-88.2435348764971 40.1223352802765),POINT,-88.2435348764971,40.1223352802765
A-Injury,Turning,Clear,Daylight,Dry,Traffic Signal,Champaign,2015,0,1,2518,POINT (-88.2435601642816 40.1271999991724),POINT,-88.2435601642816,40.1271999991724
A-Injury,Angle,Clear,Daylight,Dry,Stop Sign/Flasher,Champaign,2015,0,1,2519,POINT (-88.2436139812692 40.1297199662297),POINT,-88.2436139812692,40.1297199662297
A-Injury,Pedestrian,Clear,Daylight,Dry,Stop Sign/Flasher,Champaign,2015,0,1,2520,POINT (-88.2430802527852 40.1153193932154),POINT,-88.2430802527852,40.1153193932154
A-Injury,Turning,Clear,Daylight,Dry,Stop Sign/Flasher,Champaign,2015,0,2,2521,POINT (-88.2321018588619 40.1163500059344),POINT,-88.2321018588619,40.1163500059344
A-Injury,Turning,Clear,Daylight,Dry,Traffic Signal,Champaign,2015,0,3,2522,POINT (-88.2467898582353 40.1101777639288),POINT,-88.2467898582353,40.1101777639288
A-Injury,Rear End,Clear,Daylight,Dry,Traffic Signal,Champaign,2015,0,1,2523,POINT (-88.2577901424023 40.110160173769),POINT,-88.2577901424023,40.110160173769
A-Injury,Angle,Clear,Daylight,Dry,Traffic Signal,Champaign,2015,0,3,2524,POINT (-88.245140001463 40.1102099993335),POINT,-88.245140001463,40.1102099993335
A-Injury,Angle,Clear,Daylight,Dry,Traffic Signal,Champaign,2015,0,1,2525,POINT (-88.2579100015375 40.1426299994974),POINT,-88.2579100015375,40.1426299994974
A-Injury,Turning,Clear,Daylight,Dry,Lane Use Marking,Champaign,2015,0,1,2526,POINT (-88.2354200009638 40.1163399994054),POINT,-88.2354200009638,40.1163399994054
A-Injury,Rear End,Clear,Daylight,Dry,Traffic Signal,Champaign,2015,0,2,2527,POINT (-88.2580612490862 40.1319311363886),POINT,-88.2580612490862,40.1319311363886
A-Injury,Parked Motor Vehicle,Clear,"Darkness, Lighted Road",Dry,No Controls,Champaign,2015,0,1,2528,POINT (-88.2451399094743 40.1091482191929),POINT,-88.2451399094743,40.1091482191929
A-Injury,Sideswipe Same Direction,Clear,"Darkness, Lighted Road",Dry,Traffic Signal,Champaign,2015,0,1,2529,POINT (-88.2579166998228 40.1321427664517),POINT,-88.2579166998228,40.1321427664517
A-Injury,Pedestrian,Clear,"Darkness, Lighted Road",Dry,No Controls,Champaign,2015,0,1,2530,POINT (-88.2516999976742 40.1126296959937),POINT,-88.2516999976742,40.1126296959937
A-Injury,Angle,Snow,Daylight,Wet,Stop Sign/Flasher,Champaign,2015,0,2,2531,POINT (-88.2385283876291 40.0945291885092),POINT,-88.2385283876291,40.0945291885092
A-Injury,Rear End,Clear,Daylight,Dry,Lane Use Marking,Unincorporated,2015,0,2,2532,POINT (-88.237376355516 40.1888720240319),POINT,-88.237376355516,40.1888720240319
A-Injury,Angle,Clear,Daylight,Dry,Stop Sign/Flasher,Champaign,2015,0,3,2533,POINT (-88.2337699522703 40.1183500971209),POINT,-88.2337699522703,40.1183500971209
A-Injury,Angle,Clear,Daylight,Dry,Traffic Signal,Champaign,2015,0,1,2534,POINT (-88.2468597044514 40.1183101993871),POINT,-88.2468597044514,40.1183101993871
A-Injury,Angle,Clear,Daylight,Dry,Traffic Signal,Champaign,2015,0,3,2535,POINT (-88.2335642033152 40.1163551138809),POINT,-88.2335642033152,40.1163551138809
A-Injury,Turning,Clear,Daylight,Dry,Traffic Signal,Champaign,2015,0,2,2536,POINT (-88.2451800008766 40.0944799992359),POINT,-88.2451800008766,40.0944799992359
A-Injury,Fixed Object,Clear,"Darkness, Lighted Road",Dry,Stop Sign/Flasher,Champaign,2015,0,1,2537,POINT (-88.2576891343561 40.1034099853881),POINT,-88.2576891343561,40.1034099853881
A-Injury,Pedalcyclist,Clear,Daylight,Dry,Stop Sign/Flasher,Champaign,2015,0,1,2538,POINT (-88.2575500004971 40.0896899994802),POINT,-88.2575500004971,40.0896899994802
A-Injury,Other Non-Collision,Cloudy/Overcast,"Darkness, Lighted Road",Wet,No Controls,Savoy,2015,0,1,2539,POINT (-88.2483264439016 40.0744225889692),POINT,-88.2483264439016,40.0744225889692
A-Injury,Turning,Clear,Daylight,Dry,Traffic Signal,Champaign,2015,0,2,2540,POINT (-88.2579093109588 40.1182702476831),POINT,-88.2579093109588,40.1182702476831
A-Injury,Rear End,Clear,Daylight,Dry,Traffic Signal,Champaign,2015,0,1,2541,POINT (-88.243560001211 40.1272000001441),POINT,-88.243560001211,40.1272000001441
A-Injury,Pedestrian,Rain,Darkness,Wet,Stop Sign/Flasher,Champaign,2015,0,1,2543,POINT (-88.2385300018245 40.0945335614308),POINT,-88.2385300018245,40.0945335614308
A-Injury,Angle,Clear,Darkness,Dry,Other warning sign,Mahomet,1999,0,1,394,POINT (-88.3589311799491 40.1852056871092),POINT,-88.3589311799491,40.1852056871092
A-Injury,Turning,Clear,Daylight,Dry,Traffic Signal,Savoy,2015,0,2,2544,POINT (-88.2539887359239 40.0394298596487),POINT,-88.2539887359239,40.0394298596487
A-Injury,Turning,Clear,Daylight,Dry,No Controls,Savoy,2015,0,1,2545,POINT (-88.2383880208816 40.0681140736727),POINT,-88.2383880208816,40.0681140736727
A-Injury,Rear End,Clear,Darkness,Dry,Traffic Signal,Champaign,2015,0,1,2546,POINT (-88.2337355444519 40.0834729027846),POINT,-88.2337355444519,40.0834729027846
A-Injury,Turning,Clear,Daylight,Dry,Traffic Signal,Savoy,2015,0,4,2547,POINT (-88.2514191978727 40.0544899994613),POINT,-88.2514191978727,40.0544899994613
A-Injury,Turning,Rain,Daylight,Wet,Traffic signal,Champaign,1999,0,1,462,POINT (-88.2444172147139 40.099341526201),POINT,-88.2444172147139,40.099341526201
A-Injury,Turning,Rain,Daylight,Wet,Lane Use Marking,Unincorporated,1999,0,3,463,POINT (-88.096863792472 40.31239607198),POINT,-88.096863792472,40.31239607198
A-Injury,Pedalcyclist,Clear,"Darkness, Lighted Road",Dry,No Controls,Champaign,2015,0,1,2548,POINT (-88.2499931481112 40.1126099997837),POINT,-88.2499931481112,40.1126099997837
A-Injury,Fixed Object,Clear,Daylight,Dry,No Controls,Champaign,2015,0,1,2550,POINT (-88.2986620601606 40.1218080021233),POINT,-88.2986620601606,40.1218080021233
A-Injury,Head On,Clear,Daylight,Dry,No Controls,Champaign,2015,0,1,2551,POINT (-88.2743242914501 40.1396823660108),POINT,-88.2743242914501,40.1396823660108
A-Injury,Turning,Clear,Daylight,Dry,No Controls,Champaign,2015,0,1,2552,POINT (-88.2769992178709 40.1290848053608),POINT,-88.2769992178709,40.1290848053608
A-Injury,Fixed Object,Clear,Daylight,Ice,Lane Use Marking,Champaign,2015,0,1,2553,POINT (-88.3048837634271 40.1202963703107),POINT,-88.3048837634271,40.1202963703107
A-Injury,Fixed Object,Clear,Darkness,Snow or Slush,Lane Use Marking,Mahomet,2015,0,1,2554,POINT (-88.363689838971 40.1866147511622),POINT,-88.363689838971,40.1866147511622
A-Injury,Turning,Clear,Daylight,Dry,No Controls,Champaign,2000,0,2,326,POINT (-88.2578626440464 40.1202396340934),POINT,-88.2578626440464,40.1202396340934
A-Injury,Turning,Clear,Daylight,Wet,Stop Sign/Flasher,Champaign,2015,0,1,2555,POINT (-88.2767310996898 40.1119103208639),POINT,-88.2767310996898,40.1119103208639
A-Injury,Angle,Clear,Darkness,Dry,Traffic Signal,Champaign,2015,0,1,2556,POINT (-88.2767700008154 40.1128499995107),POINT,-88.2767700008154,40.1128499995107
A-Injury,Angle,Clear,Daylight,Dry,Traffic Signal,Champaign,2015,0,1,2557,POINT (-88.2828299064023 40.112889999384),POINT,-88.2828299064023,40.112889999384
A-Injury,Fixed Object,Clear,"Darkness, Lighted Road",Snow or Slush,Stop Sign/Flasher,Champaign,2015,0,1,2558,POINT (-88.262530001265 40.1144399993985),POINT,-88.262530001265,40.1144399993985
A-Injury,Fixed Object,Clear,Daylight,Dry,No Controls,Champaign,2015,0,1,2559,POINT (-88.2745457147161 40.0939088685836),POINT,-88.2745457147161,40.0939088685836
A-Injury,Turning,Clear,Daylight,Wet,No Controls,Champaign,2015,0,1,2560,POINT (-88.2603894016005 40.1332297370957),POINT,-88.2603894016005,40.1332297370957
A-Injury,Turning,Clear,Daylight,Dry,Traffic Signal,Unincorporated,2015,0,2,2561,POINT (-88.2951181050268 40.0693327787508),POINT,-88.2951181050268,40.0693327787508