crash_severity,collision_type,weather,light,road_surface,traffic_control,city,year,fatality,injury,id,Geometry,point,x,y
A-Injury,Overturned,Clear,Daylight,Dry,Lane Use Marking,Unincorporated,2000,0,1,356,POINT (-88.2580735977242 40.16868743215),POINT,-88.2580735977242,40.16868743215
A-Injury,Pedestrian,Clear,"Darkness, lighted road",Dry,No Controls,Champaign,2012,0,1,3566,POINT (-88.2467002287022 40.1221500013215),POINT,-88.2467002287022,40.1221500013215
A-Injury,Turning,Clear,Daylight,Dry,No Controls,Champaign,2003,0,1,45,POINT (-88.2578328618776 40.1163193710851),POINT,-88.2578328618776,40.1163193710851
A-Injury,Pedestrian,Clear,Daylight,Dry,No Controls,Champaign,2012,0,1,3573,POINT (-88.2611211617437 40.1490807114509),POINT,-88.2611211617437,40.1490807114509
A-Injury,Pedestrian,Clear,Darkness,Dry,No Controls,Champaign,2012,0,1,3578,POINT (-88.2759080652741 40.1293906950236),POINT,-88.2759080652741,40.1293906950236
A-Injury,Pedestrian,Clear,Daylight,Dry,Stop Sign/Flasher,Champaign,2012,0,1,3585,POINT (-88.2386306632774 40.1026998943827),POINT,-88.2386306632774,40.1026998943827
A-Injury,Pedestrian,Clear,Daylight,Wet,No Controls,Champaign,2013,0,1,3587,POINT (-88.2763309331188 40.0982563461419),POINT,-88.2763309331188,40.0982563461419
A-Injury,Pedestrian,Rain,Darkness,Wet,Traffic Signal,Champaign,2013,0,1,3588,POINT (-88.2426396190591 40.1163709565319),POINT,-88.2426396190591,40.1163709565319
A-Injury,Pedestrian,Rain,"Darkness, lighted road",Wet,Traffic Signal,Champaign,2013,0,1,3593,POINT (-88.2420810256713 40.117780249258),POINT,-88.2420810256713,40.117780249258
A-Injury,Pedestrian,Clear,Daylight,Dry,No Controls,Urbana,2013,0,1,3594,POINT (-88.2094589963622 40.1045189611262),POINT,-88.2094589963622,40.1045189611262
A-Injury,Pedestrian,Clear,Daylight,Snow or Slush,Lane Use Marking,Unincorporated,2013,0,1,3595,POINT (-88.138874016939 40.3803089178262),POINT,-88.138874016939,40.3803089178262
A-Injury,Pedestrian,Clear,Darkness,Dry,No Controls,Champaign,2013,0,1,3596,POINT (-88.2754900015208 40.1100463883892),POINT,-88.2754900015208,40.1100463883892
A-Injury,Pedestrian,Clear,Daylight,Dry,No Controls,Champaign,2013,0,1,3605,POINT (-88.2574098269763 40.0981499995507),POINT,-88.2574098269763,40.0981499995507
A-Injury,Angle,Clear,Daylight,Wet,Stop sign / flasher,Unincorporated,2000,0,2,357,POINT (-88.3065265325992 40.0254024320214),POINT,-88.3065265325992,40.0254024320214
A-Injury,Pedestrian,Clear,"Darkness, lighted road",Dry,No passing,Rantoul,2000,0,1,358,POINT (-88.1557692938791 40.3075933272871),POINT,-88.1557692938791,40.3075933272871
A-Injury,Pedestrian,Clear,Daylight,Dry,Traffic Signal,Champaign,2013,0,1,3607,POINT (-88.2304004486867 40.1091401141153),POINT,-88.2304004486867,40.1091401141153
A-Injury,Rear end,Clear,Daylight,Dry,No Controls,Unincorporated,2003,0,2,46,POINT (-88.3035283944078 40.0397403103942),POINT,-88.3035283944078,40.0397403103942
A-Injury,Pedestrian,Clear,Darkness,Dry,Lane Use Marking,Champaign,2013,0,1,3620,POINT (-88.2725709900718 40.1128020697852),POINT,-88.2725709900718,40.1128020697852
A-Injury,Pedestrian,Clear,Daylight,Dry,Traffic Signal,Urbana,2013,0,1,3624,POINT (-88.224020000866 40.1164000001846),POINT,-88.224020000866,40.1164000001846
A-Injury,Pedestrian,Clear,Daylight,Dry,Stop Sign/Flasher,Champaign,2014,0,1,3635,POINT (-88.2817423097205 40.0983400228863),POINT,-88.2817423097205,40.0983400228863
A-Injury,Pedestrian,Clear,Daylight,Dry,Lane Use Marking,Champaign,2014,0,1,3638,POINT (-88.2364062266332 40.1274013257951),POINT,-88.2364062266332,40.1274013257951
A-Injury,Pedestrian,Clear,Daylight,Dry,No Controls,Champaign,2014,0,1,3639,POINT (-88.2810781305 40.1032142712093),POINT,-88.2810781305,40.1032142712093
A-Injury,Pedestrian,Clear,Daylight,Dry,No Controls,Champaign,2014,0,1,3642,POINT (-88.2665041629917 40.1272840491356),POINT,-88.2665041629917,40.1272840491356
A-Injury,Pedestrian,Clear,"Darkness, lighted road",Wet,Lane Use Marking,Champaign,2014,0,1,3643,POINT (-88.2723295936388 40.0982399951714),POINT,-88.2723295936388,40.0982399951714
A-Injury,Pedestrian,Clear,Daylight,Dry,No Controls,Champaign,2014,0,1,3644,POINT (-88.2591100298971 40.1380791567567),POINT,-88.2591100298971,40.1380791567567
A-Injury,Pedestrian,Clear,Daylight,Dry,Traffic Signal,Champaign,2014,0,1,3646,POINT (-88.2468700014912 40.1271923425195),POINT,-88.2468700014912,40.1271923425195
A-Injury,Angle,Clear,Darkness,Dry,No Controls,Champaign,2000,0,1,359,POINT (-88.2769584873616 40.1277172488567),POINT,-88.2769584873616,40.1277172488567
A-Injury,Overturned,Clear,Darkness,Dry,No Controls,Unincorporated,2000,0,1,360,GEOMETRYCOLLECTION EMPTY,GEOMETRYCOLLECTION,EMPTY,
A-Injury,Pedestrian,Clear,Daylight,Dry,No Controls,Unincorporated,2014,0,1,3650,POINT (-88.2747173122704 40.1416162683971),POINT,-88.2747173122704,40.1416162683971
A-Injury,Pedestrian,Rain,"Darkness, lighted road",Wet,Traffic Signal,Unincorporated,2014,0,1,3651,POINT (-88.2384395116347 40.0833209774493),POINT,-88.2384395116347,40.0833209774493
A-Injury,Pedestrian,Clear,Daylight,Dry,Traffic Signal,Champaign,2014,0,1,3653,POINT (-88.2385191270673 40.0980400081864),POINT,-88.2385191270673,40.0980400081864
A-Injury,Pedestrian,Clear,Daylight,Dry,Other,Urbana,2014,0,1,3658,POINT (-88.2192200017682 40.1046400001537),POINT,-88.2192200017682,40.1046400001537
A-Injury,Pedestrian,Clear,Darkness,Wet,No Controls,Urbana,2014,0,1,3659,POINT (-88.1673017196158 40.1112616747752),POINT,-88.1673017196158,40.1112616747752
A-Injury,Turning,Clear,Dawn,Dry,No Controls,Unincorporated,2004,0,2,497,POINT (-88.4258329562566 40.195340440625),POINT,-88.4258329562566,40.195340440625
A-Injury,Pedalcyclist,Clear,Daylight,Dry,Stop Sign/Flasher,Mahomet,2004,0,1,498,POINT (-88.4066175099537 40.1919068426359),POINT,-88.4066175099537,40.1919068426359
A-Injury,Fixed object,Clear,Darkness,Dry,Stop Sign/Flasher,Unincorporated,2004,0,2,499,POINT (-88.3339329642852 40.1694230522497),POINT,-88.3339329642852,40.1694230522497
A-Injury,Pedestrian,Clear,Daylight,Dry,No Controls,Urbana,2014,0,1,3662,POINT (-88.2004125221565 40.1254302061287),POINT,-88.2004125221565,40.1254302061287
A-Injury,Overturned,Clear,Daylight,Dry,Lane Use Marking,Unincorporated,2003,0,1,47,POINT (-88.1064878216408 40.1206652480529),POINT,-88.1064878216408,40.1206652480529
A-Injury,Pedestrian,Clear,Daylight,Dry,Traffic Signal,Urbana,2014,0,1,3666,POINT (-88.2128186612493 40.116489818325),POINT,-88.2128186612493,40.116489818325
A-Injury,Pedestrian,Clear,Daylight,Dry,Traffic Signal,Urbana,2014,0,1,3667,POINT (-88.2156798712409 40.1164539514851),POINT,-88.2156798712409,40.1164539514851
A-Injury,Pedestrian,Clear,Daylight,Ice,Lane Use Marking,Unincorporated,2014,0,2,3670,POINT (-88.1394980734616 40.379045388431),POINT,-88.1394980734616,40.379045388431
A-Injury,Pedestrian,Fog/Smoke/Haze,Darkness,Ice,Other Warning Sign,Unincorporated,2014,0,1,3672,POINT (-88.033639058355 40.2395730369882),POINT,-88.033639058355,40.2395730369882
A-Injury,Pedestrian,Clear,Daylight,Dry,Lane Use Marking,Champaign,2005,0,1,3676,POINT (-88.2469754516474 40.1347511311834),POINT,-88.2469754516474,40.1347511311834
A-Injury,Pedestrian,Clear,"Darkness, lighted road",Dry,No Controls,Champaign,2005,0,1,3678,POINT (-88.2388061320679 40.1241423297854),POINT,-88.2388061320679,40.1241423297854
A-Injury,Pedestrian,Clear,Daylight,Dry,No Controls,Champaign,2005,0,1,3682,POINT (-88.2387058559046 40.1109134033882),POINT,-88.2387058559046,40.1109134033882
A-Injury,Pedestrian,Clear,Daylight,Dry,Traffic Signal,Urbana,2005,0,1,3694,POINT (-88.2239613691299 40.1127749752943),POINT,-88.2239613691299,40.1127749752943
A-Injury,Turning,Clear,Daylight,Dry,Stop sign / flasher,St. Joseph,2000,0,2,361,POINT (-88.0431137523001 40.119307737179),POINT,-88.0431137523001,40.119307737179
A-Injury,Rear end,Clear,Daylight,Dry,No Controls,Champaign,2000,0,1,362,POINT (-88.2534556006848 40.1126410684527),POINT,-88.2534556006848,40.1126410684527
A-Injury,Pedestrian,Rain,Daylight,Wet,No Controls,Urbana,2005,0,1,3696,POINT (-88.2076181225184 40.1124807618199),POINT,-88.2076181225184,40.1124807618199
A-Injury,Rear end,Clear,Daylight,Dry,No Controls,Champaign,2000,0,1,271,POINT (-88.2446131461347 40.0982302725513),POINT,-88.2446131461347,40.0982302725513
A-Injury,Other object,Clear,Darkness,Dry,Lane Use Marking,Unincorporated,2000,0,1,272,POINT (-88.1051763954933 40.1206705902442),POINT,-88.1051763954933,40.1206705902442
A-Injury,Pedestrian,Clear,Daylight,Dry,No Controls,Urbana,2005,0,1,3701,POINT (-88.1678601547572 40.1133309599387),POINT,-88.1678601547572,40.1133309599387
A-Injury,Pedestrian,Clear,Daylight,Dry,Traffic Signal,Urbana,2005,0,1,3703,POINT (-88.20902056614 40.116525243238),POINT,-88.20902056614,40.116525243238
A-Injury,Pedestrian,Clear,Daylight,Dry,No Controls,Champaign,2005,0,1,3705,POINT (-88.2518038041985 40.1255399767328),POINT,-88.2518038041985,40.1255399767328
A-Injury,Turning,Clear,Daylight,Unknown,Traffic signal,Unincorporated,2003,0,2,48,POINT (-88.2954350365736 40.1130326373836),POINT,-88.2954350365736,40.1130326373836
A-Injury,Pedestrian,Clear,Daylight,Dry,Other,Urbana,2005,0,1,3721,POINT (-88.2221028814759 40.0981494859246),POINT,-88.2221028814759,40.0981494859246
A-Injury,Pedestrian,Clear,Daylight,Dry,No Controls,Champaign,2005,0,1,3722,POINT (-88.2534293823804 40.0940785258179),POINT,-88.2534293823804,40.0940785258179
A-Injury,Pedestrian,Fog/Smoke/Haze,Darkness,Ice,Unknown,Champaign,2007,0,1,3726,POINT (-88.2320601041925 40.1079798715944),POINT,-88.2320601041925,40.1079798715944
A-Injury,Pedestrian,Clear,Daylight,Dry,Unknown,Urbana,2007,0,1,3728,POINT (-88.20192908635 40.1220232148876),POINT,-88.20192908635,40.1220232148876
A-Injury,Pedestrian,Clear,Daylight,Dry,Unknown,Urbana,2007,0,1,3729,POINT (-88.2049952037702 40.1162792649482),POINT,-88.2049952037702,40.1162792649482
A-Injury,Pedestrian,Clear,Daylight,Dry,Unknown,Champaign,2007,0,1,3731,POINT (-88.2689011771719 40.1273122038326),POINT,-88.2689011771719,40.1273122038326
A-Injury,Pedestrian,Clear,Darkness,Dry,Unknown,Champaign,2007,0,1,3735,POINT (-88.2625590073809 40.1163505727532),POINT,-88.2625590073809,40.1163505727532
A-Injury,Pedestrian,Clear,Daylight,Dry,Unknown,Urbana,2007,0,1,3739,POINT (-88.2089190150263 40.1124915473748),POINT,-88.2089190150263,40.1124915473748
A-Injury,Overturned,Rain,Daylight,Wet,No Controls,Champaign,2000,0,1,363,POINT (-88.3041807320783 40.0805651713848),POINT,-88.3041807320783,40.0805651713848
A-Injury,Fixed object,Severe cross wind,Daylight,Ice,No Controls,Unincorporated,2000,0,2,364,POINT (-88.3034989982409 39.9746998540861),POINT,-88.3034989982409,39.9746998540861
A-Injury,Pedestrian,Clear,Daylight,Dry,Unknown,Urbana,2007,0,1,3744,POINT (-88.2194976560578 40.1206386616805),POINT,-88.2194976560578,40.1206386616805
A-Injury,Pedestrian,Clear,Daylight,Dry,Unknown,Urbana,2007,0,1,3745,POINT (-88.2192508406763 40.1059790852007),POINT,-88.2192508406763,40.1059790852007
A-Injury,Turning,Clear,Daylight,Dry,Stop Sign/Flasher,Champaign,2004,0,6,500,POINT (-88.2627419354162 40.1342505295401),POINT,-88.2627419354162,40.1342505295401
A-Injury,Pedestrian,Clear,Daylight,Dry,Traffic Signal,Champaign,2004,0,1,501,POINT (-88.2579296297565 40.1321592484929),POINT,-88.2579296297565,40.1321592484929
A-Injury,Fixed object,Clear,Daylight,Dry,No Controls,Urbana,1999,0,1,395,POINT (-88.20129892268 40.1234313451369),POINT,-88.20129892268,40.1234313451369
A-Injury,Pedestrian,Clear,Daylight,Unknown,Unknown,Urbana,2007,0,1,3757,POINT (-88.2217103711647 40.1090800166519),POINT,-88.2217103711647,40.1090800166519
A-Injury,Pedestrian,Clear,Daylight,Dry,Traffic Signal,Champaign,2008,0,1,3776,POINT (-88.2579034539181 40.1182694417485),POINT,-88.2579034539181,40.1182694417485
A-Injury,Pedestrian,Clear,Daylight,Dry,No Controls,Champaign,2008,0,1,3778,POINT (-88.2350448087219 40.1102729055467),POINT,-88.2350448087219,40.1102729055467
A-Injury,Pedestrian,Clear,Daylight,Ice,No Controls,Urbana,2008,0,1,3787,POINT (-88.2284266289458 40.1103735713161),POINT,-88.2284266289458,40.1103735713161
A-Injury,Pedestrian,Clear,Daylight,Dry,Stop Sign/Flasher,Champaign,2008,0,1,3791,POINT (-88.2468687766537 40.1202113312187),POINT,-88.2468687766537,40.1202113312187
A-Injury,Pedestrian,Clear,Daylight,Dry,Traffic Signal,Urbana,2008,0,1,3793,POINT (-88.2239889413726 40.1128111217479),POINT,-88.2239889413726,40.1128111217479
A-Injury,Pedestrian,Clear,Darkness,Dry,No Controls,Urbana,2008,0,1,3795,POINT (-88.2182456893914 40.110603905649),POINT,-88.2182456893914,40.110603905649
A-Injury,Rear end,Clear,Darkness,Dry,Traffic signal,Rantoul,2000,0,2,365,POINT (-88.1355440970237 40.3121331328579),POINT,-88.1355440970237,40.3121331328579
A-Injury,Turning,Clear,Daylight,Dry,Stop sign / flasher,Unincorporated,2000,0,1,366,POINT (-88.3149345750782 40.1605537267694),POINT,-88.3149345750782,40.1605537267694
A-Injury,Turning,Clear,Daylight,Dry,Lane Use Marking,Champaign,2000,0,2,367,POINT (-88.239012114526 40.1417687000452),POINT,-88.239012114526,40.1417687000452
A-Injury,Angle,Rain,Daylight,Wet,Traffic Signal,Champaign,2004,0,2,502,POINT (-88.2579296297565 40.1321592484929),POINT,-88.2579296297565,40.1321592484929
A-Injury,Rear end,Clear,Daylight,Dry,No Controls,Champaign,2004,0,2,503,POINT (-88.2579578754618 40.1308942995155),POINT,-88.2579578754618,40.1308942995155
A-Injury,Pedestrian,Clear,"Darkness, lighted road",Dry,No Controls,Champaign,2008,0,1,3804,POINT (-88.2320504653094 40.110299991431),POINT,-88.2320504653094,40.110299991431
A-Injury,Pedestrian,Clear,Daylight,Dry,Traffic Signal,Urbana,2008,0,1,3806,POINT (-88.2156192888248 40.1164501497193),POINT,-88.2156192888248,40.1164501497193
A-Injury,Pedestrian,Clear,Daylight,Wet,No Controls,Champaign,2008,0,1,3809,POINT (-88.2951587696771 40.088680234933),POINT,-88.2951587696771,40.088680234933
A-Injury,Pedestrian,Clear,Darkness,Dry,No Controls,Champaign,2009,0,1,3816,POINT (-88.2961372098039 40.1093545339774),POINT,-88.2961372098039,40.1093545339774
A-Injury,Pedestrian,Clear,Darkness,Dry,No Controls,Champaign,2009,0,1,3822,POINT (-88.2541137366633 40.1126498233272),POINT,-88.2541137366633,40.1126498233272
A-Injury,Pedestrian,Clear,Daylight,Dry,No Controls,Fisher,2009,0,1,3836,POINT (-88.3496486201198 40.3157155872327),POINT,-88.3496486201198,40.3157155872327
A-Injury,Pedestrian,Clear,Daylight,Dry,Stop Sign/Flasher,Champaign,2009,0,1,3838,POINT (-88.276599634314 40.1045673248563),POINT,-88.276599634314,40.1045673248563
A-Injury,Turning,Clear,Dawn,Dry,Traffic signal,Champaign,2000,0,2,368,POINT (-88.246877418792 40.0835447688794),POINT,-88.246877418792,40.0835447688794
A-Injury,Turning,Clear,Darkness,Dry,Lane Use Marking,Champaign,2004,0,1,504,POINT (-88.2579578754618 40.1308942995155),POINT,-88.2579578754618,40.1308942995155
A-Injury,Turning,Clear,Daylight,Dry,Other Regualtory Sign,Champaign,2004,0,1,505,POINT (-88.2579522249559 40.1294349316295),POINT,-88.2579522249559,40.1294349316295
A-Injury,Pedestrian,Rain,Daylight,Wet,No Controls,Urbana,2009,0,1,3848,POINT (-88.2045987190108 40.11248019111),POINT,-88.2045987190108,40.11248019111
A-Injury,Pedestrian,Clear,Daylight,Dry,Other Warning Sign,Champaign,2009,0,1,3849,POINT (-88.2386912386381 40.1079468779865),POINT,-88.2386912386381,40.1079468779865
A-Injury,Pedestrian,Rain,Darkness,Wet,Traffic Signal,Champaign,2009,0,1,3851,POINT (-88.2335626825195 40.1163554469249),POINT,-88.2335626825195,40.1163554469249
A-Injury,Turning,Clear,Daylight,Dry,Stop Sign/Flasher,Rantoul,2005,0,2,587,POINT (-88.1365136631982 40.3125273621717),POINT,-88.1365136631982,40.3125273621717
A-Injury,Pedestrian,Clear,"Darkness, lighted road",Dry,No Controls,Urbana,2009,0,2,3854,POINT (-88.2287612428903 40.1173598488223),POINT,-88.2287612428903,40.1173598488223
A-Injury,Pedestrian,Clear,Daylight,Dry,No Controls,Mahomet,2006,0,1,3860,POINT (-88.4009010478584 40.1943320051464),POINT,-88.4009010478584,40.1943320051464
A-Injury,Pedestrian,Clear,"Darkness, lighted road",Dry,No Controls,Champaign,2006,0,1,3876,POINT (-88.2436208197678 40.1284417108248),POINT,-88.2436208197678,40.1284417108248
A-Injury,Pedestrian,Clear,Daylight,Dry,No Controls,Champaign,2006,0,1,3877,POINT (-88.2435309210844 40.1212132168621),POINT,-88.2435309210844,40.1212132168621
A-Injury,Pedestrian,Clear,Darkness,Dry,No Controls,Champaign,2006,0,1,3878,POINT (-88.2484154609834 40.1437322537124),POINT,-88.2484154609834,40.1437322537124
A-Injury,Pedestrian,Rain,Daylight,Wet,Traffic Signal,Champaign,2006,0,1,3881,POINT (-88.2468468828576 40.1163417351464),POINT,-88.2468468828576,40.1163417351464
A-Injury,Pedestrian,Clear,Daylight,Dry,Stop Sign/Flasher,Urbana,2006,0,2,3882,POINT (-88.2192523166444 40.1059768134269),POINT,-88.2192523166444,40.1059768134269
A-Injury,Pedestrian,Clear,Dusk,Dry,No Controls,Champaign,2006,0,1,3886,POINT (-88.2724605431086 40.1200340923848),POINT,-88.2724605431086,40.1200340923848
A-Injury,Pedestrian,Clear,"Darkness, lighted road",Dry,No Controls,Urbana,2006,0,3,3888,POINT (-88.2160501768253 40.1127805312967),POINT,-88.2160501768253,40.1127805312967
A-Injury,Pedestrian,Clear,"Darkness, lighted road",Wet,No Controls,Champaign,2006,0,1,3890,POINT (-88.2368854626155 40.1193188022904),POINT,-88.2368854626155,40.1193188022904
A-Injury,Pedestrian,Clear,Daylight,Dry,No Controls,Champaign,2006,0,1,3893,POINT (-88.2652437285152 40.1273192121104),POINT,-88.2652437285152,40.1273192121104
A-Injury,Pedestrian,Clear,Daylight,Dry,No Controls,Champaign,2006,0,1,3894,POINT (-88.2370248123614 40.1303739513409),POINT,-88.2370248123614,40.1303739513409
A-Injury,Pedestrian,Clear,Daylight,Dry,No Controls,Urbana,2015,0,1,3920,POINT (-88.2230394116088 40.1350852322437),POINT,-88.2230394116088,40.1350852322437
A-Injury,Pedestrian,Clear,"Darkness, Lighted Road",Dry,Traffic Signal,Champaign,2015,0,1,3921,POINT (-88.2302882304196 40.1041700176493),POINT,-88.2302882304196,40.1041700176493
A-Injury,Pedestrian,Clear,Daylight,Dry,No Controls,Champaign,2015,0,2,3923,POINT (-88.2517106451795 40.1135560700215),POINT,-88.2517106451795,40.1135560700215
A-Injury,Pedestrian,Clear,Daylight,Dry,No Controls,Champaign,2015,0,1,3925,POINT (-88.2424889495578 40.1232922458676),POINT,-88.2424889495578,40.1232922458676
A-Injury,Rear end,Clear,Daylight,Dry,No Controls,Champaign,2004,0,3,506,POINT (-88.2579347161796 40.1258432388159),POINT,-88.2579347161796,40.1258432388159
A-Injury,Angle,Clear,Daylight,Dry,Stop Sign/Flasher,Champaign,2004,0,3,507,POINT (-88.2578881601207 40.1212447022993),POINT,-88.2578881601207,40.1212447022993
A-Injury,Pedestrian,Clear,"Darkness, Lighted Road",Dry,Traffic Signal,Champaign,2004,0,1,508,POINT (-88.2578465808394 40.1182575235972),POINT,-88.2578465808394,40.1182575235972
A-Injury,Pedestrian,Clear,Daylight,Dry,Stop Sign/Flasher,Champaign,2015,0,1,3926,POINT (-88.2430802527852 40.1153193932154),POINT,-88.2430802527852,40.1153193932154
A-Injury,Pedestrian,Clear,"Darkness, Lighted Road",Dry,No Controls,Champaign,2015,0,1,3929,POINT (-88.2516999976742 40.1126296959937),POINT,-88.2516999976742,40.1126296959937
A-Injury,Pedestrian,Rain,Darkness,Wet,Stop Sign/Flasher,Champaign,2015,0,1,3932,POINT (-88.2385300018245 40.0945335614308),POINT,-88.2385300018245,40.0945335614308
A-Injury,Pedestrian,Clear,Darkness,Dry,No Controls,Champaign,2015,0,1,3939,POINT (-88.278639788053 40.0950739496802),POINT,-88.278639788053,40.0950739496802
A-Injury,Rear end,Clear,Daylight,Dry,Police / flagman,Champaign,2003,0,3,50,POINT (-88.3050483745466 40.1240493796338),POINT,-88.3050483745466,40.1240493796338
A-Injury,Rear end,Clear,Daylight,Dry,No Controls,Champaign,2003,0,1,51,POINT (-88.2771476716101 40.1358500041829),POINT,-88.2771476716101,40.1358500041829
A-Injury,Rear end,Clear,Daylight,Dry,No Controls,Champaign,2005,0,2,684,POINT (-88.2457014880101 40.091332986292),POINT,-88.2457014880101,40.091332986292
A-Injury,Fixed object,Snow,Darkness,Snow or slush,No Controls,Ogden,2003,0,2,52,POINT (-87.9554752341689 40.1199606286742),POINT,-87.9554752341689,40.1199606286742
A-Injury,Rear end,Clear,Daylight,Wet,No Controls,Champaign,2003,0,1,54,POINT (-88.2767915047882 40.1128753059218),POINT,-88.2767915047882,40.1128753059218
A-Injury,Turning,Clear,Daylight,Dry,Other,Urbana,2010,0,4,1694,POINT (-88.1621603328049 40.0839895476106),POINT,-88.1621603328049,40.0839895476106
A-Injury,Overturned,Clear,Daylight,Dry,No Controls,Unincorporated,2003,0,2,55,POINT (-88.3147628644507 40.1384575212127),POINT,-88.3147628644507,40.1384575212127
A-Injury,Pedestrian,Clear,Daylight,Dry,Traffic signal,Urbana,2003,0,1,56,POINT (-88.2156940193367 40.1164623883943),POINT,-88.2156940193367,40.1164623883943
A-Injury,Fixed object,Clear,Daylight,Dry,No Controls,Unincorporated,2003,0,2,57,POINT (-88.1826246695633 40.2222115188391),POINT,-88.1826246695633,40.2222115188391
A-Injury,Pedestrian,Clear,Daylight,Dry,No Controls,Urbana,2006,0,1,877,POINT (-88.2049982390267 40.1135682050863),POINT,-88.2049982390267,40.1135682050863
A-Injury,Fixed object,Clear,"Darkness, lighted road",Dry,Lane Use Marking,Urbana,2003,0,6,58,POINT (-88.214254284422 40.1350789722816),POINT,-88.214254284422,40.1350789722816
A-Injury,Turning,Rain,Daylight,Wet,Traffic signal,Champaign,2003,0,6,59,POINT (-88.2767915047882 40.1128753059218),POINT,-88.2767915047882,40.1128753059218
A-Injury,Rear end,Clear,Daylight,Dry,Lane Use Marking,Mahomet,2003,0,2,60,POINT (-88.367547450232 40.1880463690074),POINT,-88.367547450232,40.1880463690074
A-Injury,Rear end,Clear,Daylight,Dry,No Controls,Champaign,2003,0,2,61,POINT (-88.2838388992904 40.1461407772809),POINT,-88.2838388992904,40.1461407772809
A-Injury,Fixed object,Rain,"Darkness, lighted road",Wet,Lane Use Marking,Rantoul,2003,0,2,62,POINT (-88.1574327935031 40.3037817356047),POINT,-88.1574327935031,40.3037817356047
A-Injury,Rear end,Clear,Daylight,Dry,Traffic signal,Champaign,2003,0,3,63,POINT (-88.2579447238729 40.1380089461832),POINT,-88.2579447238729,40.1380089461832
A-Injury,Turning,Rain,Daylight,Wet,Traffic signal,Champaign,2003,0,1,64,POINT (-88.2767915047882 40.1128753059218),POINT,-88.2767915047882,40.1128753059218
A-Injury,Rear end,Clear,"Darkness, lighted road",Dry,Traffic signal,Champaign,2003,0,3,65,POINT (-88.2451371508181 40.112631524087),POINT,-88.2451371508181,40.112631524087
A-Injury,Turning,Clear,Dusk,Dry,No Controls,Philo,2003,0,5,66,POINT (-88.1614198297287 40.0110299132795),POINT,-88.1614198297287,40.0110299132795
A-Injury,Pedalcyclist,Clear,Daylight,Dry,No Controls,Champaign,2006,0,1,878,POINT (-88.2354082155845 40.1160718717565),POINT,-88.2354082155845,40.1160718717565
A-Injury,Fixed object,Clear,Darkness,Dry,Stop sign / flasher,Unincorporated,2003,0,2,67,POINT (-88.0781449344722 40.3125229675484),POINT,-88.0781449344722,40.3125229675484
A-Injury,Pedestrian,Clear,Darkness,Wet,No Controls,Champaign,2006,0,1,879,POINT (-88.2335776551185 40.1090905058447),POINT,-88.2335776551185,40.1090905058447
A-Injury,Fixed object,Clear,Dawn,Dry,No Controls,Unincorporated,2003,0,1,68,POINT (-88.4236442667536 40.3109316209306),POINT,-88.4236442667536,40.3109316209306
A-Injury,Rear end,Clear,Daylight,Dry,Lane Use Marking,Unincorporated,2003,0,2,69,POINT (-88.4631955621515 40.1068905195069),POINT,-88.4631955621515,40.1068905195069
A-Injury,Fixed object,Clear,Daylight,Unknown,No passing,Unincorporated,2003,0,1,70,GEOMETRYCOLLECTION EMPTY,GEOMETRYCOLLECTION,EMPTY,
A-Injury,Overturned,Snow,Darkness,Ice,Lane Use Marking,Unincorporated,2003,0,3,71,POINT (-88.3037382091342 39.9980546994595),POINT,-88.3037382091342,39.9980546994595
A-Injury,Pedestrian,Clear,Darkness,Wet,No Controls,Rantoul,2003,0,2,84,POINT (-88.1557803855935 40.3041497240028),POINT,-88.1557803855935,40.3041497240028
A-Injury,Turning,Clear,Daylight,Dry,Traffic signal,Champaign,2003,0,1,72,POINT (-88.2768180410923 40.1164359331432),POINT,-88.2768180410923,40.1164359331432
A-Injury,Angle,Clear,"Darkness, lighted road",Dry,Stop sign / flasher,Rantoul,2003,0,1,73,POINT (-88.1564790934187 40.3082075105868),POINT,-88.1564790934187,40.3082075105868
A-Injury,Angle,Rain,Dawn,Wet,Lane Use Marking,Unincorporated,2003,0,2,74,POINT (-88.1848364409935 40.1520197492904),POINT,-88.1848364409935,40.1520197492904
A-Injury,Pedestrian,Snow,Dawn,Snow or slush,Traffic signal,Champaign,2003,0,1,75,POINT (-88.2828720970404 40.1129002853071),POINT,-88.2828720970404,40.1129002853071
A-Injury,Turning,Clear,Daylight,Dry,Stop sign / flasher,Tolono,2003,0,2,76,POINT (-88.2642800960898 39.9732210361247),POINT,-88.2642800960898,39.9732210361247
A-Injury,Rear end,Rain,Daylight,Wet,No Controls,Unincorporated,2003,0,1,77,POINT (-88.1822488063922 40.1936369467768),POINT,-88.1822488063922,40.1936369467768
A-Injury,Sideswipe - same dir,Clear,Daylight,Dry,Lane Use Marking,Champaign,2003,0,2,78,POINT (-88.2434646490604 40.1088481620834),POINT,-88.2434646490604,40.1088481620834
A-Injury,Rear end,Clear,Daylight,Dry,No Controls,Champaign,2004,0,1,509,POINT (-88.2575786983135 40.1126561745481),POINT,-88.2575786983135,40.1126561745481
A-Injury,Angle,Clear,Daylight,Dry,Traffic Signal,Champaign,2004,0,1,510,POINT (-88.2451371508181 40.112631524087),POINT,-88.2451371508181,40.112631524087
A-Injury,Rear end,Clear,Daylight,Dry,Lane Use Marking,Champaign,2003,0,1,79,POINT (-88.2389332417143 40.1348172359883),POINT,-88.2389332417143,40.1348172359883