crash_severity,collision_type,weather,light,road_surface,traffic_control,city,year,fatality,injury,id,Geometry,point,x,y
A-Injury,Pedestrian,Clear,Daylight,Dry,No Controls,Urbana,2006,0,1,3868,POINT (-88.2049982390267 40.1135682050863),POINT,-88.2049982390267,40.1135682050863
A-Injury,Pedestrian,Clear,Darkness,Wet,No Controls,Champaign,2006,0,1,3870,POINT (-88.2335776551185 40.1090905058447),POINT,-88.2335776551185,40.1090905058447
A-Injury,Pedestrian,Rain,Darkness,Wet,Other Warning Sign,Champaign,2006,0,1,3871,POINT (-88.233516993508 40.1054138733446),POINT,-88.233516993508,40.1054138733446
A-Injury,Turning,Clear,Daylight,Dry,Traffic signal,Champaign,2002,0,4,110,POINT (-88.2769570957819 40.1274234623449),POINT,-88.2769570957819,40.1274234623449
A-Injury,Overturned,Clear,Daylight,Dry,Lane Use Marking,Thomasboro,2002,0,1,111,POINT (-88.181955491296 40.2548252347284),POINT,-88.181955491296,40.2548252347284
A-Injury,Fixed object,Clear,Daylight,Dry,No Controls,Unincorporated,2002,0,1,112,POINT (-88.2036749025419 40.2233468986994),POINT,-88.2036749025419,40.2233468986994
A-Injury,Turning,Clear,Daylight,Dry,No Controls,Urbana,2002,0,1,113,POINT (-88.2210900052937 40.1164327065274),POINT,-88.2210900052937,40.1164327065274
A-Injury,Pedestrian,Clear,Daylight,Dry,No Controls,Champaign,2002,0,1,114,POINT (-88.2712736435792 40.1127988314314),POINT,-88.2712736435792,40.1127988314314
A-Injury,Pedestrian,Clear,Daylight,Dry,Lane Use Marking,Unincorporated,2002,0,1,115,POINT (-88.2991353182762 40.113071373164),POINT,-88.2991353182762,40.113071373164
A-Injury,Angle,Clear,Daylight,Dry,Stop sign / flasher,Champaign,2002,0,2,116,POINT (-88.276998901843 40.1309486468119),POINT,-88.276998901843,40.1309486468119
A-Injury,Fixed object,Clear,Daylight,Dry,Lane Use Marking,Unincorporated,2001,0,2,238,POINT (-88.3037083622921 39.9965819877878),POINT,-88.3037083622921,39.9965819877878
A-Injury,Overturned,Clear,Daylight,Dry,Lane Use Marking,Unincorporated,2001,0,1,239,POINT (-88.3036197560784 39.9864353841354),POINT,-88.3036197560784,39.9864353841354
A-Injury,Angle,Clear,Daylight,Dry,No Controls,Unincorporated,2001,0,1,240,POINT (-88.0959379234413 40.1207264306448),POINT,-88.0959379234413,40.1207264306448
A-Injury,Turning,Clear,Darkness,Dry,School zone,Champaign,2001,0,4,241,POINT (-88.2437174149009 40.1359892856108),POINT,-88.2437174149009,40.1359892856108
A-Injury,Angle,Clear,Daylight,Dry,Lane Use Marking,Pesotum,2000,0,1,369,POINT (-88.2826651163257 39.9036372133442),POINT,-88.2826651163257,39.9036372133442
A-Injury,Fixed object,Clear,Darkness,Dry,No Controls,Unincorporated,1999,0,1,439,GEOMETRYCOLLECTION EMPTY,GEOMETRYCOLLECTION,EMPTY,
A-Injury,Rear end,Clear,"Darkness, lighted road",Dry,No Controls,Champaign,1999,0,2,468,POINT (-88.2389254670918 40.1343236259909),POINT,-88.2389254670918,40.1343236259909
A-Injury,Turning,Clear,Daylight,Dry,Traffic Signal,Champaign,2004,0,1,516,POINT (-88.2860458398548 40.1129354097116),POINT,-88.2860458398548,40.1129354097116
A-Injury,Rear end,Clear,Daylight,Dry,No Controls,Champaign,2005,0,1,564,POINT (-88.2762267014576 40.0982483564733),POINT,-88.2762267014576,40.0982483564733
A-Injury,Turning,Clear,Dawn,Dry,Traffic Signal,Rantoul,2013,0,2,2246,POINT (-88.200617016421 40.3116096495647),POINT,-88.200617016421,40.3116096495647
A-Injury,Pedestrian,Clear,Daylight,Dry,Traffic Signal,Urbana,2005,0,1,712,POINT (-88.2239613691299 40.1127749752943),POINT,-88.2239613691299,40.1127749752943
A-Injury,Angle,Clear,Daylight,Dry,Stop Sign/Flasher,Champaign,2005,0,2,761,POINT (-88.2799591333026 40.1061469442633),POINT,-88.2799591333026,40.1061469442633
A-Injury,Overturned,Clear,Daylight,Dry,No Controls,Unincorporated,2006,0,1,809,POINT (-87.9605117301135 40.1891499076683),POINT,-87.9605117301135,40.1891499076683
A-Injury,Turning,Clear,Daylight,Dry,Traffic Signal,Urbana,2006,0,2,857,POINT (-88.1947507584393 40.1354612866267),POINT,-88.1947507584393,40.1354612866267
A-Injury,Rear end,Rain,"Darkness, lighted road",Wet,Traffic Signal,Champaign,2006,0,2,908,POINT (-88.2581109861752 40.1380122506909),POINT,-88.2581109861752,40.1380122506909
A-Injury,Pedestrian,Clear,Daylight,Ice,No Controls,Urbana,2008,0,1,1248,POINT (-88.2284266289458 40.1103735713161),POINT,-88.2284266289458,40.1103735713161
A-Injury,Angle,Clear,Darkness,Dry,Stop sign / flasher,Unincorporated,2002,0,2,166,POINT (-88.1605868373514 39.9090642836262),POINT,-88.1605868373514,39.9090642836262
A-Injury,Sideswipe - opp dir,Clear,Daylight,Dry,Lane Use Marking,Unincorporated,2002,0,2,167,POINT (-88.3938435123057 40.2307320127313),POINT,-88.3938435123057,40.2307320127313
A-Injury,Rear end,Clear,"Darkness, lighted road",Dry,No Controls,Champaign,2002,0,1,168,POINT (-88.2799323023457 40.1428151744784),POINT,-88.2799323023457,40.1428151744784
A-Injury,Overturned,Clear,Daylight,Dry,Lane Use Marking,Unincorporated,2002,0,2,169,POINT (-88.0959379234413 40.1207264306448),POINT,-88.0959379234413,40.1207264306448
A-Injury,Overturned,Clear,Darkness,Dry,Lane Use Marking,Unincorporated,2002,0,1,170,POINT (-88.3062706640381 40.1652651913746),POINT,-88.3062706640381,40.1652651913746
A-Injury,Angle,Clear,Daylight,Ice,Stop sign / flasher,Unincorporated,2002,0,2,171,POINT (-88.0588891577612 40.3126339380106),POINT,-88.0588891577612,40.3126339380106
A-Injury,Overturned,Clear,Dawn,Dry,Lane Use Marking,Unincorporated,2002,0,3,172,POINT (-88.3035368529167 39.9784667573287),POINT,-88.3035368529167,39.9784667573287
A-Injury,Overturned,Clear,Daylight,Dry,Lane Use Marking,Unincorporated,2002,0,2,173,POINT (-88.2111478022795 40.1351170369319),POINT,-88.2111478022795,40.1351170369319
A-Injury,Fixed object,Clear,Daylight,Dry,Lane Use Marking,Unincorporated,2002,0,1,105,POINT (-88.2895612440969 39.8989117627181),POINT,-88.2895612440969,39.8989117627181
A-Injury,Overturned,Severe cross wind,Dawn,Dry,No Controls,Unincorporated,2002,0,4,174,POINT (-88.237064775049 40.1894044138365),POINT,-88.237064775049,40.1894044138365
A-Injury,Rear end,Clear,Daylight,Dry,Traffic signal,Urbana,2002,0,4,176,POINT (-88.1970179461234 40.1314256587762),POINT,-88.1970179461234,40.1314256587762
A-Injury,Fixed object,Clear,Darkness,Unknown,No Controls,Champaign,2002,0,1,177,POINT (-88.257736334075 40.1349794005616),POINT,-88.257736334075,40.1349794005616
A-Injury,Angle,Clear,"Darkness, lighted road",Dry,Traffic signal,Urbana,2002,0,2,182,POINT (-88.2050046678331 40.1163119581311),POINT,-88.2050046678331,40.1163119581311
A-Injury,Fixed object,Clear,Daylight,Wet,No Controls,Champaign,2002,0,1,183,POINT (-88.2769675912498 40.1290392676712),POINT,-88.2769675912498,40.1290392676712
A-Injury,Rear end,Clear,Daylight,Dry,No Controls,Philo,2002,0,1,184,POINT (-88.1614115919341 40.0100150499497),POINT,-88.1614115919341,40.0100150499497
A-Injury,Overturned,Rain,Daylight,Wet,Lane Use Marking,Unincorporated,2002,0,2,185,POINT (-88.1695051292776 40.1204956010839),POINT,-88.1695051292776,40.1204956010839
A-Injury,Angle,Clear,Daylight,Dry,Stop sign / flasher,Urbana,2002,0,4,186,POINT (-88.1621494561884 40.0839948488388),POINT,-88.1621494561884,40.0839948488388
A-Injury,Turning,Clear,Daylight,Wet,Lane Use Marking,Thomasboro,2002,0,5,187,POINT (-88.1830986618121 40.2388001328631),POINT,-88.1830986618121,40.2388001328631
A-Injury,Rear end,Clear,"Darkness, lighted road",Wet,Traffic signal,Champaign,2002,0,2,189,POINT (-88.2387337511384 40.1126458498797),POINT,-88.2387337511384,40.1126458498797
A-Injury,Fixed object,Clear,Daylight,Dry,No Controls,Unincorporated,2002,0,1,190,POINT (-88.4406212364587 40.3109389501612),POINT,-88.4406212364587,40.3109389501612
A-Injury,Rear end,Clear,Daylight,Dry,No Controls,Rantoul,2001,0,2,191,POINT (-88.1546457027539 40.3082140327828),POINT,-88.1546457027539,40.3082140327828
A-Injury,Rear end,Clear,Daylight,Dry,No Controls,Rantoul,2001,0,1,192,POINT (-88.1558326292082 40.3123063167907),POINT,-88.1558326292082,40.3123063167907
A-Injury,Angle,Rain,"Darkness, lighted road",Wet,Stop sign / flasher,Champaign,2001,0,1,193,POINT (-88.251765150853 40.1126397725265),POINT,-88.251765150853,40.1126397725265
A-Injury,Angle,Clear,Daylight,Wet,Lane Use Marking,Unincorporated,2001,0,2,194,POINT (-88.1451717160361 40.340479901555),POINT,-88.1451717160361,40.340479901555
A-Injury,Fixed object,Clear,Darkness,Ice,No Controls,Champaign,2009,0,1,1407,POINT (-88.2699304360718 40.0966126180852),POINT,-88.2699304360718,40.0966126180852
A-Injury,Angle,Clear,Daylight,Dry,Traffic Signal,Champaign,2009,0,2,1453,POINT (-88.2435286786393 40.1211184252608),POINT,-88.2435286786393,40.1211184252608
A-Injury,Angle,Clear,Daylight,Dry,Traffic Signal,Champaign,2012,0,1,2123,POINT (-88.2466701746299 40.0980900009237),POINT,-88.2466701746299,40.0980900009237
A-Injury,Angle,Clear,Daylight,Dry,Stop Sign/Flasher,Champaign,2013,0,2,2217,POINT (-88.2539600007749 40.1090300000623),POINT,-88.2539600007749,40.1090300000623
A-Injury,Head On,Clear,Daylight,Dry,Traffic Signal,Philo,2015,0,4,2455,POINT (-88.1613820349877 39.9966866147422),POINT,-88.1613820349877,39.9966866147422
A-Injury,Head On,Clear,Daylight,Ice,No Controls,Champaign,2015,0,3,2549,POINT (-88.2769989238374 40.1289289438142),POINT,-88.2769989238374,40.1289289438142
A-Injury,Pedalcyclist,Rain,Daylight,Wet,Yield,Urbana,2006,0,1,2938,POINT (-88.2176793573504 40.1074309778382),POINT,-88.2176793573504,40.1074309778382
A-Injury,Pedestrian,Clear,Daylight,Dry,Unknown,Champaign,2007,0,1,3740,POINT (-88.2452332527128 40.118310888601),POINT,-88.2452332527128,40.118310888601
A-Injury,Turning,Clear,"Darkness, lighted road",Dry,Stop sign / flasher,Urbana,2003,0,1,1,POINT (-88.2024084682726 40.1163310736991),POINT,-88.2024084682726,40.1163310736991
A-Injury,Fixed object,Clear,Daylight,Snow or slush,Lane Use Marking,Rantoul,2003,0,4,2,POINT (-88.1838912734298 40.3004963154009),POINT,-88.1838912734298,40.3004963154009
A-Injury,Overturned,Snow,Daylight,Snow or slush,Lane Use Marking,Unincorporated,2003,0,1,3,POINT (-87.9864257764816 40.3130709541677),POINT,-87.9864257764816,40.3130709541677
A-Injury,Fixed object,Snow,Darkness,Snow or slush,No Controls,Champaign,2003,0,1,4,POINT (-88.3146325852331 40.1285288928853),POINT,-88.3146325852331,40.1285288928853
A-Injury,Pedalcyclist,Clear,"Darkness, lighted road",Dry,Traffic signal,Champaign,2003,0,1,5,POINT (-88.2768180410923 40.1164359331432),POINT,-88.2768180410923,40.1164359331432
A-Injury,Rear end,Clear,Daylight,Dry,No Controls,St. Joseph,2003,0,2,6,POINT (-88.0544999805344 40.1204474778668),POINT,-88.0544999805344,40.1204474778668
A-Injury,Pedestrian,Clear,Daylight,Dry,No Controls,Champaign,2015,0,1,3946,POINT (-88.2771801939068 40.1369617840347),POINT,-88.2771801939068,40.1369617840347
A-Injury,Pedestrian,Clear,Daylight,Dry,No Controls,Champaign,2015,0,1,3947,POINT (-88.2772405791414 40.1274145304489),POINT,-88.2772405791414,40.1274145304489
B-Injury,Pedalcyclist,Clear,"Darkness, Lighted Road",Dry,Stop Sign/Flasher,Urbana,2016,0,1,3950,POINT (-88.2024503686935 40.1163773807688),POINT,-88.2024503686935,40.1163773807688
B-Injury,Pedalcyclist,Clear,Darkness,Dry,No Controls,Unincorporated,2016,0,1,3952,POINT (-88.2378328805227 40.0067814226027),POINT,-88.2378328805227,40.0067814226027
C-Injury,Pedalcyclist,Clear,Daylight,Dry,Stop Sign/Flasher,Champaign,2016,0,1,3961,POINT (-88.2334290403349 40.1014595395309),POINT,-88.2334290403349,40.1014595395309
C-Injury,Pedalcyclist,Clear,Daylight,Dry,Other,Champaign,2016,0,1,3962,POINT (-88.2333988087431 40.1005400168767),POINT,-88.2333988087431,40.1005400168767
PD,Pedalcyclist,Clear,"Darkness, Lighted Road",Dry,Traffic Signal,Champaign,2016,0,0,3963,POINT (-88.2289300019827 40.1163999978895),POINT,-88.2289300019827,40.1163999978895
C-Injury,Pedalcyclist,Clear,"Darkness, Lighted Road",Dry,Stop Sign/Flasher,Urbana,2016,0,1,3966,POINT (-88.203729996469 40.111729745972),POINT,-88.203729996469,40.111729745972
B-Injury,Pedalcyclist,Clear,Dusk,Dry,Traffic Signal,Urbana,2016,0,1,3968,POINT (-88.2075099963015 40.116409793046),POINT,-88.2075099963015,40.116409793046
C-Injury,Pedalcyclist,Rain,Daylight,Wet,No Controls,Urbana,2016,0,1,3980,POINT (-88.2095914145807 40.0990999916665),POINT,-88.2095914145807,40.0990999916665
B-Injury,Pedalcyclist,Clear,Daylight,Dry,No Controls,Urbana,2016,0,1,3984,POINT (-88.2265040393546 40.1104496169048),POINT,-88.2265040393546,40.1104496169048
C-Injury,Pedalcyclist,Clear,Daylight,Dry,No Controls,Champaign,2016,0,1,3992,POINT (-88.2302989861688 40.1052694047835),POINT,-88.2302989861688,40.1052694047835
C-Injury,Pedalcyclist,Snow,"Darkness, Lighted Road",Snow or Slush,Traffic Signal,Champaign,2016,0,1,3998,POINT (-88.2302901891497 40.1041699964005),POINT,-88.2302901891497,40.1041699964005
C-Injury,Pedalcyclist,Clear,"Darkness, Lighted Road",Dry,No Controls,Champaign,2016,0,1,4003,POINT (-88.2320800022827 40.1126775452395),POINT,-88.2320800022827,40.1126775452395
B-Injury,Pedalcyclist,Clear,Daylight,Dry,Traffic Signal,Champaign,2016,0,1,4004,POINT (-88.2387331898101 40.116339896801),POINT,-88.2387331898101,40.116339896801
B-Injury,Pedalcyclist,Rain,Daylight,Wet,Stop Sign/Flasher,Urbana,2016,0,1,4007,POINT (-88.2175800025128 40.1006599982785),POINT,-88.2175800025128,40.1006599982785
Fatal,Pedalcyclist,Cloudy/Overcast,Darkness,Wet,Lane Use Marking,Champaign,2016,1,0,4010,POINT (-88.2410654197096 40.1567492158148),POINT,-88.2410654197096,40.1567492158148
B-Injury,Pedalcyclist,Clear,Daylight,Dry,Traffic Signal,Unincorporated,2016,0,1,4011,POINT (-88.2289600019186 40.1103399975754),POINT,-88.2289600019186,40.1103399975754
B-Injury,Pedalcyclist,Rain,Daylight,Wet,No Controls,Urbana,2016,0,1,4018,POINT (-88.2204365028409 40.1164299991411),POINT,-88.2204365028409,40.1164299991411
B-Injury,Pedalcyclist,Clear,Daylight,Dry,Traffic Signal,Urbana,2016,0,1,4032,POINT (-88.2127468006345 40.1164903592039),POINT,-88.2127468006345,40.1164903592039
B-Injury,Pedalcyclist,Cloudy/Overcast,Daylight,Dry,No Controls,Rantoul,2016,0,1,4064,POINT (-88.1440200014305 40.3099899989714),POINT,-88.1440200014305,40.3099899989714
B-Injury,Pedalcyclist,Clear,"Darkness, Lighted Road",Dry,No Controls,Rantoul,2016,0,1,4065,POINT (-88.1284190014134 40.3081799986824),POINT,-88.1284190014134,40.3081799986824
PD,Pedalcyclist,Clear,Daylight,Dry,Traffic Signal,Champaign,2016,0,0,4082,POINT (-88.2772135546489 40.139231240087),POINT,-88.2772135546489,40.139231240087
B-Injury,Pedalcyclist,Clear,Daylight,Dry,Stop Sign/Flasher,Champaign,2016,0,1,4085,POINT (-88.2817400025199 40.0983399978839),POINT,-88.2817400025199,40.0983399978839
B-Injury,Pedalcyclist,Clear,Daylight,Dry,Traffic Signal,Rantoul,2016,0,1,4091,POINT (-88.1365200024162 40.3121199979756),POINT,-88.1365200024162,40.3121199979756
B-Injury,Pedalcyclist,Clear,Daylight,Dry,No Controls,Unincorporated,2016,0,1,4100,POINT (-88.3082095139606 40.2339328821723),POINT,-88.3082095139606,40.2339328821723
C-Injury,Pedalcyclist,Clear,Daylight,Dry,No Controls,Unincorporated,2016,0,1,4108,POINT (-88.2949125173056 40.0551095639588),POINT,-88.2949125173056,40.0551095639588
B-Injury,Pedalcyclist,Clear,Daylight,Dry,No Controls,Champaign,2016,0,1,4116,POINT (-88.2740030899939 40.1273886270874),POINT,-88.2740030899939,40.1273886270874
B-Injury,Pedalcyclist,Clear,Darkness,Dry,Traffic Signal,Unincorporated,2016,0,1,4130,POINT (-88.2954508450981 40.1131193446294),POINT,-88.2954508450981,40.1131193446294
C-Injury,Pedalcyclist,Clear,Daylight,Dry,Traffic Signal,Champaign,2016,0,1,4135,POINT (-88.2768854735559 40.1196579647379),POINT,-88.2768854735559,40.1196579647379
B-Injury,Pedalcyclist,Clear,Darkness,Dry,Stop Sign/Flasher,Tolono,2016,0,1,4142,POINT (-88.2557799424365 39.9861227313075),POINT,-88.2557799424365,39.9861227313075
B-Injury,Pedalcyclist,Clear,Daylight,Dry,No Controls,Champaign,2016,0,1,4144,POINT (-88.2603735928306 40.1126636818119),POINT,-88.2603735928306,40.1126636818119
C-Injury,Pedalcyclist,Cloudy/Overcast,Daylight,Dry,Traffic Signal,Champaign,2016,0,1,4146,POINT (-88.2466700022763 40.0980899980044),POINT,-88.2466700022763,40.0980899980044
PD,Pedalcyclist,Clear,Daylight,Dry,Traffic Signal,Champaign,2016,0,0,4148,POINT (-88.2435595375961 40.1271999986936),POINT,-88.2435595375961,40.1271999986936
B-Injury,Pedalcyclist,Clear,Daylight,Dry,No Controls,Champaign,2016,0,1,4150,POINT (-88.2501409994595 40.1126108649269),POINT,-88.2501409994595,40.1126108649269
PD,Pedalcyclist,Clear,"Darkness, Lighted Road",Dry,Stop Sign/Flasher,Champaign,2016,0,0,4151,POINT (-88.2577385899044 40.132066789215),POINT,-88.2577385899044,40.132066789215
B-Injury,Pedalcyclist,Clear,Daylight,Dry,Stop Sign/Flasher,Champaign,2016,0,1,4184,POINT (-88.2488600018586 40.0981033980304),POINT,-88.2488600018586,40.0981033980304
C-Injury,Pedalcyclist,Clear,Daylight,Dry,No Controls,Savoy,2016,0,1,4187,POINT (-88.2495560387494 40.069007093878),POINT,-88.2495560387494,40.069007093878
B-Injury,Pedalcyclist,Clear,Daylight,Dry,Traffic Signal,Champaign,2016,0,1,4196,POINT (-88.2437287305277 40.1359700748984),POINT,-88.2437287305277,40.1359700748984
C-Injury,Pedalcyclist,Clear,Daylight,Dry,Traffic Signal,Urbana,2016,0,1,4201,POINT (-88.2240200018755 40.1163996397898),POINT,-88.2240200018755,40.1163996397898
B-Injury,Pedalcyclist,Clear,Daylight,Dry,Traffic Signal,Urbana,2016,0,1,4202,POINT (-88.2193000019309 40.1090899981755),POINT,-88.2193000019309,40.1090899981755
PD,Pedalcyclist,Clear,Daylight,Dry,No Controls,Champaign,2016,0,0,4204,POINT (-88.2291389631984 40.1079911916239),POINT,-88.2291389631984,40.1079911916239
C-Injury,Pedalcyclist,Clear,Daylight,Dry,No Controls,Urbana,2016,0,1,4205,POINT (-88.2159898084544 40.1058215263117),POINT,-88.2159898084544,40.1058215263117
B-Injury,Pedalcyclist,Clear,Daylight,Dry,Traffic Signal,Urbana,2016,0,1,4206,POINT (-88.2239900023151 40.1128099977867),POINT,-88.2239900023151,40.1128099977867
B-Injury,Pedalcyclist,Clear,Daylight,Dry,Stop Sign/Flasher,Urbana,2016,0,1,4210,POINT (-88.2238698502563 40.1070110588245),POINT,-88.2238698502563,40.1070110588245
C-Injury,Pedalcyclist,Clear,Daylight,Dry,Stop Sign/Flasher,Urbana,2016,0,1,4211,POINT (-88.2192600017488 40.1073899977532),POINT,-88.2192600017488,40.1073899977532
B-Injury,Pedalcyclist,Clear,Daylight,Dry,Traffic Signal,Urbana,2016,0,1,4212,POINT (-88.2094000021063 40.0837299977943),POINT,-88.2094000021063,40.0837299977943
B-Injury,Pedalcyclist,Clear,Daylight,Wet,No Controls,Unincorporated,2013,0,1,2602,POINT (-88.3651527082481 40.2011400010816),POINT,-88.3651527082481,40.2011400010816
B-Injury,Pedalcyclist,Rain,Daylight,Wet,Stop Sign/Flasher,Urbana,2013,0,1,2603,POINT (-88.1905702617457 40.0906899795286),POINT,-88.1905702617457,40.0906899795286
B-Injury,Pedalcyclist,Clear,Daylight,Dry,No Controls,Urbana,2013,0,1,2604,POINT (-88.2182720013475 40.110603167003),POINT,-88.2182720013475,40.110603167003
B-Injury,Pedalcyclist,Clear,Daylight,Dry,No Controls,Champaign,2013,0,1,2605,POINT (-88.2879867151725 40.1093210851764),POINT,-88.2879867151725,40.1093210851764
B-Injury,Pedalcyclist,Clear,Daylight,Dry,No Controls,Rantoul,2013,0,1,2606,POINT (-88.157351538385 40.3083406294106),POINT,-88.157351538385,40.3083406294106
C-Injury,Pedalcyclist,Clear,Daylight,Dry,Traffic Signal,Champaign,2013,0,1,2607,POINT (-88.2770402533457 40.1322199964001),POINT,-88.2770402533457,40.1322199964001
Property Damage,Pedalcyclist,Clear,Daylight,Dry,Stop Sign/Flasher,Urbana,2013,0,0,2608,POINT (-88.2193700481743 40.1155043477924),POINT,-88.2193700481743,40.1155043477924
C-Injury,Pedalcyclist,Clear,Daylight,Dry,No Controls,Champaign,2013,0,1,2609,POINT (-88.2418400006839 40.116339999128),POINT,-88.2418400006839,40.116339999128
B-Injury,Pedalcyclist,Clear,Daylight,Dry,Stop Sign/Flasher,Champaign,2013,0,1,2611,POINT (-88.2847700003983 40.0983699996288),POINT,-88.2847700003983,40.0983699996288
B-Injury,Pedalcyclist,Clear,Daylight,Dry,Traffic Signal,Urbana,2013,0,1,2612,POINT (-88.1994294046144 40.127390007469),POINT,-88.1994294046144,40.127390007469
B-Injury,Pedalcyclist,Clear,Dawn,Dry,Stop Sign/Flasher,Unincorporated,2013,0,1,2613,POINT (-88.2091900011313 40.0691199999758),POINT,-88.2091900011313,40.0691199999758
B-Injury,Pedalcyclist,Clear,"Darkness, lighted road",Dry,Stop Sign/Flasher,Urbana,2013,0,1,2614,POINT (-88.220739768023 40.1164299997457),POINT,-88.220739768023,40.1164299997457
B-Injury,Pedalcyclist,Clear,Daylight,Dry,Stop Sign/Flasher,Urbana,2013,0,1,2615,POINT (-88.2088699997781 40.1092199997006),POINT,-88.2088699997781,40.1092199997006
B-Injury,Pedalcyclist,Clear,Daylight,Dry,Stop Sign/Flasher,Urbana,2013,0,1,2617,POINT (-88.2089200020434 40.1115899988419),POINT,-88.2089200020434,40.1115899988419
B-Injury,Pedalcyclist,Fog/Smoke/Haze,Daylight,Dry,Stop Sign/Flasher,Champaign,2013,0,1,2618,POINT (-88.2767300009141 40.111909999698),POINT,-88.2767300009141,40.111909999698
C-Injury,Pedalcyclist,Clear,Daylight,Dry,No Controls,Champaign,2013,0,1,2619,POINT (-88.2355795562068 40.1102689280388),POINT,-88.2355795562068,40.1102689280388
B-Injury,Pedalcyclist,Clear,"Darkness, lighted road",Dry,Stop Sign/Flasher,Champaign,2013,0,1,2620,POINT (-88.2370400199707 40.1090312055187),POINT,-88.2370400199707,40.1090312055187
C-Injury,Pedalcyclist,Clear,Daylight,Dry,No Controls,Urbana,2013,0,1,2621,POINT (-88.2173869475873 40.1106240155123),POINT,-88.2173869475873,40.1106240155123
B-Injury,Pedalcyclist,Clear,Daylight,Dry,No Controls,Unincorporated,2013,0,1,2622,POINT (-88.3107922107709 40.1132187740745),POINT,-88.3107922107709,40.1132187740745
B-Injury,Pedalcyclist,Clear,Daylight,Dry,Stop Sign/Flasher,Champaign,2013,0,1,2623,POINT (-88.2578100010974 40.114402069297),POINT,-88.2578100010974,40.114402069297
B-Injury,Pedalcyclist,Clear,Daylight,Dry,No Controls,Unincorporated,2013,0,1,2624,POINT (-88.3313508068796 40.127869810029),POINT,-88.3313508068796,40.127869810029
C-Injury,Pedalcyclist,Clear,Daylight,Dry,Traffic Signal,Urbana,2013,0,2,2625,POINT (-88.2156220946917 40.1164542062709),POINT,-88.2156220946917,40.1164542062709
C-Injury,Pedalcyclist,Clear,Daylight,Dry,No Controls,Champaign,2013,0,1,2626,POINT (-88.2542100012711 40.1126499992084),POINT,-88.2542100012711,40.1126499992084
C-Injury,Pedalcyclist,Clear,Daylight,Dry,No Controls,Urbana,2013,0,1,2627,POINT (-88.2206536645797 40.1129774099554),POINT,-88.2206536645797,40.1129774099554
B-Injury,Pedalcyclist,Clear,Daylight,Dry,Stop Sign/Flasher,Champaign,2013,0,1,2628,POINT (-88.2578100418272 40.115331353362),POINT,-88.2578100418272,40.115331353362
B-Injury,Pedalcyclist,Clear,Daylight,Dry,Stop Sign/Flasher,Champaign,2013,0,1,2629,POINT (-88.2817427400956 40.0983400274701),POINT,-88.2817427400956,40.0983400274701
B-Injury,Pedalcyclist,Clear,Daylight,Dry,Traffic Signal,Champaign,2013,0,1,2631,POINT (-88.2765100005749 40.0982599997562),POINT,-88.2765100005749,40.0982599997562
B-Injury,Pedalcyclist,Clear,"Darkness, lighted road",Dry,Traffic Signal,Tolono,2013,0,1,2632,POINT (-88.2625391032234 39.9863850076119),POINT,-88.2625391032234,39.9863850076119
C-Injury,Pedalcyclist,,"Darkness, lighted road",,Stop Sign/Flasher,Urbana,2013,0,1,2633,POINT (-88.2214700006356 40.1059900002646),POINT,-88.2214700006356,40.1059900002646
C-Injury,Pedalcyclist,Clear,"Darkness, lighted road",Dry,Stop Sign/Flasher,Champaign,2013,0,1,2634,POINT (-88.2768100010656 40.1168735353814),POINT,-88.2768100010656,40.1168735353814
C-Injury,Pedalcyclist,Clear,Daylight,Dry,Stop Sign/Flasher,Champaign,2013,0,1,2635,POINT (-88.2385960477227 40.1014700177572),POINT,-88.2385960477227,40.1014700177572
Property Damage,Pedalcyclist,Clear,"Darkness, lighted road",Dry,No Controls,Champaign,2013,0,0,2636,POINT (-88.2387121923846 40.1103663599539),POINT,-88.2387121923846,40.1103663599539
Property Damage,Pedalcyclist,Rain,Daylight,Wet,Stop Sign/Flasher,Champaign,2013,0,0,2637,POINT (-88.2579000015259 40.1212852560447),POINT,-88.2579000015259,40.1212852560447
B-Injury,Pedalcyclist,Clear,Daylight,Dry,Traffic Signal,Urbana,2013,0,1,2638,POINT (-88.2089300014907 40.1124400002636),POINT,-88.2089300014907,40.1124400002636
B-Injury,Pedalcyclist,Clear,"Darkness, lighted road",Dry,No Controls,Champaign,2013,0,1,2639,POINT (-88.2367440002443 40.1163478819405),POINT,-88.2367440002443,40.1163478819405
B-Injury,Pedalcyclist,Clear,Daylight,Dry,Other,Champaign,2013,0,1,2640,POINT (-88.238714593245 40.1123490711517),POINT,-88.238714593245,40.1123490711517
B-Injury,Pedalcyclist,Clear,Daylight,Dry,Stop Sign/Flasher,Champaign,2013,0,1,2641,POINT (-88.2576900019534 40.1034099996803),POINT,-88.2576900019534,40.1034099996803
C-Injury,Pedalcyclist,Clear,Daylight,Other,Stop Sign/Flasher,Unincorporated,2013,0,1,2642,POINT (-88.2981017055725 40.097050014578),POINT,-88.2981017055725,40.097050014578
B-Injury,Pedalcyclist,Clear,Daylight,Dry,No Controls,Unincorporated,2013,0,1,2644,POINT (-88.0789400011198 40.3855100005483),POINT,-88.0789400011198,40.3855100005483
B-Injury,Pedalcyclist,Clear,Daylight,Dry,No Controls,Champaign,2013,0,1,2645,POINT (-88.2435300388443 40.1199293513807),POINT,-88.2435300388443,40.1199293513807
B-Injury,Pedalcyclist,Cloudy/Overcast,Dusk,Dry,No Controls,Urbana,2013,0,1,2646,POINT (-88.2279030163774 40.1104080534837),POINT,-88.2279030163774,40.1104080534837