crash_severity,collision_type,weather,light,road_surface,traffic_control,city,year,fatality,injury,id,Geometry,point,x,y
C-Injury,Pedalcyclist,Clear,Darkness,Dry,No Controls,Unincorporated,2013,0,1,2647,POINT (-88.1834092042661 40.1301866615128),POINT,-88.1834092042661,40.1301866615128
C-Injury,Pedalcyclist,Clear,Daylight,Dry,Stop Sign/Flasher,Champaign,2013,0,1,2649,POINT (-88.2626899928629 40.1254193078248),POINT,-88.2626899928629,40.1254193078248
C-Injury,Pedalcyclist,Clear,Daylight,Dry,Stop Sign/Flasher,Champaign,2013,0,1,2650,POINT (-88.257910079326 40.1221714237813),POINT,-88.257910079326,40.1221714237813
B-Injury,Pedalcyclist,Clear,Daylight,Dry,Traffic Signal,Champaign,2013,0,1,2651,POINT (-88.2387099883208 40.1102334547257),POINT,-88.2387099883208,40.1102334547257
B-Injury,Pedalcyclist,Clear,Darkness,Dry,No Controls,Champaign,2013,0,1,2652,POINT (-88.2759700256145 40.1321109148627),POINT,-88.2759700256145,40.1321109148627
B-Injury,Pedalcyclist,Clear,Daylight,Dry,Stop Sign/Flasher,Champaign,2013,0,1,2653,POINT (-88.2767100013924 40.1103300001003),POINT,-88.2767100013924,40.1103300001003
C-Injury,Pedalcyclist,Clear,Daylight,Dry,Traffic Signal,Champaign,2013,0,1,2654,POINT (-88.2689100558356 40.0982209181796),POINT,-88.2689100558356,40.0982209181796
B-Injury,Pedalcyclist,Clear,Daylight,Dry,No Controls,Champaign,2013,0,1,2655,POINT (-88.2435300146987 40.119929766422),POINT,-88.2435300146987,40.119929766422
C-Injury,Pedalcyclist,Clear,Daylight,Wet,No Controls,Champaign,2014,0,1,2657,POINT (-88.2769880858015 40.1272433646411),POINT,-88.2769880858015,40.1272433646411
B-Injury,Pedalcyclist,Clear,Daylight,Dry,No Controls,Champaign,2014,0,1,2658,POINT (-88.2466698418606 40.0978169475064),POINT,-88.2466698418606,40.0978169475064
C-Injury,Pedalcyclist,Clear,Daylight,Dry,Stop Sign/Flasher,Champaign,2014,0,1,2659,POINT (-88.2367996531494 40.129519999539),POINT,-88.2367996531494,40.129519999539
B-Injury,Pedalcyclist,Clear,Daylight,Dry,Traffic Signal,Champaign,2014,0,1,2660,POINT (-88.2765114897224 40.0982600210751),POINT,-88.2765114897224,40.0982600210751
B-Injury,Pedalcyclist,Clear,Daylight,Dry,Stop Sign/Flasher,Champaign,2014,0,1,2661,POINT (-88.2767093889645 40.1103299954087),POINT,-88.2767093889645,40.1103299954087
B-Injury,Pedalcyclist,Clear,Daylight,Dry,Traffic Signal,Champaign,2014,0,1,2662,POINT (-88.2768895778109 40.1196898405421),POINT,-88.2768895778109,40.1196898405421
B-Injury,Pedalcyclist,Clear,Daylight,Dry,No Controls,Champaign,2014,0,1,2663,POINT (-88.2620000004639 40.1464800002951),POINT,-88.2620000004639,40.1464800002951
B-Injury,Pedalcyclist,Clear,Daylight,Dry,No Controls,Champaign,2014,0,2,2664,POINT (-88.2699535526395 40.1306806079626),POINT,-88.2699535526395,40.1306806079626
C-Injury,Pedalcyclist,Clear,"Darkness, lighted road",Dry,Traffic Signal,Champaign,2014,0,1,2667,POINT (-88.2579800011622 40.1271699999251),POINT,-88.2579800011622,40.1271699999251
B-Injury,Pedalcyclist,Clear,Daylight,Dry,No Controls,Champaign,2014,0,1,2668,POINT (-88.2688998904981 40.1273281079676),POINT,-88.2688998904981,40.1273281079676
C-Injury,Pedalcyclist,Clear,Daylight,Dry,Traffic Signal,Champaign,2014,0,1,2669,POINT (-88.2304501116662 40.1103199005694),POINT,-88.2304501116662,40.1103199005694
B-Injury,Pedalcyclist,Clear,Daylight,Dry,Lane Use Marking,Unincorporated,2014,0,1,2671,POINT (-88.3099014507924 40.1132106880814),POINT,-88.3099014507924,40.1132106880814
B-Injury,Pedalcyclist,Clear,Daylight,Dry,No Controls,Champaign,2014,0,1,2672,POINT (-88.2452300013243 40.1191049633898),POINT,-88.2452300013243,40.1191049633898
B-Injury,Pedalcyclist,Clear,Daylight,Dry,Traffic Signal,Urbana,2014,0,1,2673,POINT (-88.2239101363046 40.1105706389955),POINT,-88.2239101363046,40.1105706389955
Property Damage,Pedalcyclist,Clear,Daylight,Dry,Stop Sign/Flasher,Champaign,2014,0,0,2674,POINT (-88.2320504581696 40.1102999842875),POINT,-88.2320504581696,40.1102999842875
B-Injury,Pedalcyclist,Rain,Darkness,Wet,Traffic Signal,Champaign,2014,0,1,2676,POINT (-88.2335703994323 40.1102785519533),POINT,-88.2335703994323,40.1102785519533
B-Injury,Pedalcyclist,Clear,Daylight,Dry,Traffic Signal,Champaign,2014,0,1,2677,POINT (-88.2411691856378 40.1163417962186),POINT,-88.2411691856378,40.1163417962186
C-Injury,Pedalcyclist,Clear,Unknown,Dry,No Controls,Urbana,2014,0,1,2678,POINT (-88.2228399566932 40.0992384241729),POINT,-88.2228399566932,40.0992384241729
B-Injury,Pedalcyclist,Clear,Daylight,Dry,Stop Sign/Flasher,Champaign,2014,0,1,2679,POINT (-88.2333299999426 40.0980899991059),POINT,-88.2333299999426,40.0980899991059
B-Injury,Pedalcyclist,Clear,Daylight,Dry,Traffic Signal,Urbana,2014,0,1,2680,POINT (-88.2239900011094 40.1128099997242),POINT,-88.2239900011094,40.1128099997242
B-Injury,Pedalcyclist,Clear,Daylight,Dry,Traffic Signal,Champaign,2014,0,2,2681,POINT (-88.2578400540231 40.1163213110743),POINT,-88.2578400540231,40.1163213110743
C-Injury,Pedalcyclist,Clear,Daylight,Dry,Stop Sign/Flasher,Champaign,2014,0,1,2682,POINT (-88.2414985360635 40.1027001278036),POINT,-88.2414985360635,40.1027001278036
B-Injury,Pedalcyclist,Clear,Daylight,Dry,No Controls,Urbana,2014,0,1,2683,POINT (-88.1955488308168 40.0983800461904),POINT,-88.1955488308168,40.0983800461904
B-Injury,Pedalcyclist,Clear,Daylight,Dry,Stop Sign/Flasher,Urbana,2014,0,1,2684,POINT (-88.1768001308093 40.1057399575865),POINT,-88.1768001308093,40.1057399575865
B-Injury,Pedalcyclist,Clear,Daylight,Dry,No Controls,Urbana,2014,0,1,2686,POINT (-88.1768000402951 40.1057390513029),POINT,-88.1768000402951,40.1057390513029
C-Injury,Pedalcyclist,Clear,Daylight,Dry,No Controls,Urbana,2014,0,1,2687,POINT (-88.2001002383499 40.1016102780461),POINT,-88.2001002383499,40.1016102780461
C-Injury,Pedalcyclist,Clear,Daylight,Dry,Stop Sign/Flasher,Urbana,2014,0,1,2688,POINT (-88.1945467304972 40.1109502051377),POINT,-88.1945467304972,40.1109502051377
B-Injury,Pedalcyclist,Clear,Daylight,Dry,No Controls,Urbana,2014,0,1,2689,POINT (-88.20187906489 40.1128271695602),POINT,-88.20187906489,40.1128271695602
C-Injury,Pedalcyclist,Clear,Daylight,Dry,Stop Sign/Flasher,Urbana,2014,0,1,2690,POINT (-88.2193699862805 40.1154985873974),POINT,-88.2193699862805,40.1154985873974
Property Damage,Pedalcyclist,Clear,Dusk,Wet,No Controls,Urbana,2014,0,0,2691,POINT (-88.1906523960545 40.0938600356814),POINT,-88.1906523960545,40.0938600356814
B-Injury,Pedalcyclist,Clear,Daylight,Dry,Stop Sign/Flasher,Rantoul,2014,0,1,2692,POINT (-88.1364999963322 40.3160598354011),POINT,-88.1364999963322,40.3160598354011
B-Injury,Pedalcyclist,Clear,Daylight,Dry,No Controls,Rantoul,2014,0,1,2693,POINT (-88.1611867615321 40.2879947964574),POINT,-88.1611867615321,40.2879947964574
C-Injury,Pedalcyclist,Clear,Daylight,Dry,No Controls,Rantoul,2014,0,2,2694,POINT (-88.1506380260902 40.309564337334),POINT,-88.1506380260902,40.309564337334
B-Injury,Pedalcyclist,Clear,Daylight,Dry,No Controls,St Joseph,2014,0,1,2695,POINT (-88.031308853649 40.1138928630157),POINT,-88.031308853649,40.1138928630157
B-Injury,Pedalcyclist,Clear,Dusk,Dry,Traffic Signal,Savoy,2014,0,1,2697,POINT (-88.2480596548735 40.0760921843796),POINT,-88.2480596548735,40.0760921843796
B-Injury,Pedalcyclist,Clear,Darkness,Dry,Other Regualtory Sig,Rantoul,2012,0,1,2698,POINT (-88.1557400011812 40.3036099999333),POINT,-88.1557400011812,40.3036099999333
B-Injury,Pedalcyclist,Clear,Daylight,Dry,No Controls,Urbana,2012,0,1,2699,POINT (-88.2001571478328 40.1419630142613),POINT,-88.2001571478328,40.1419630142613
C-Injury,Pedalcyclist,Clear,Daylight,Dry,No Controls,Urbana,2012,0,1,2701,POINT (-88.2192600012576 40.1070799991612),POINT,-88.2192600012576,40.1070799991612
B-Injury,Pedalcyclist,Clear,Daylight,Dry,Stop Sign/Flasher,Rantoul,2012,0,1,2702,POINT (-88.1472089867743 40.3106600008055),POINT,-88.1472089867743,40.3106600008055
B-Injury,Pedalcyclist,Clear,Daylight,Dry,Lane Use Marking,Champaign,2012,0,1,2703,POINT (-88.2401100009623 40.1145999996138),POINT,-88.2401100009623,40.1145999996138
B-Injury,Pedalcyclist,Clear,"Darkness, lighted road",Wet,No Controls,Urbana,2012,0,1,2704,POINT (-88.2194699924307 40.1231913507263),POINT,-88.2194699924307,40.1231913507263
C-Injury,Pedalcyclist,Clear,Daylight,Dry,Traffic Signal,Champaign,2012,0,1,2705,POINT (-88.2289290633882 40.11639999916),POINT,-88.2289290633882,40.11639999916
C-Injury,Pedalcyclist,Rain,"Darkness, lighted road",Wet,Lane Use Marking,Champaign,2012,0,1,2706,POINT (-88.2486664568641 40.1418331972631),POINT,-88.2486664568641,40.1418331972631
C-Injury,Pedalcyclist,Snow,Daylight,Wet,No Controls,Urbana,2012,0,1,2707,POINT (-88.2238359304847 40.1045871874872),POINT,-88.2238359304847,40.1045871874872
B-Injury,Pedalcyclist,Clear,Daylight,Dry,Stop Sign/Flasher,Champaign,2012,0,1,2709,POINT (-88.250090001164 40.1182700002636),POINT,-88.250090001164,40.1182700002636
C-Injury,Pedalcyclist,Clear,Daylight,Dry,Stop Sign/Flasher,Tolono,2012,0,1,2710,POINT (-88.2616327687697 39.9902088719418),POINT,-88.2616327687697,39.9902088719418
B-Injury,Pedalcyclist,Clear,Daylight,Wet,No Controls,Unincorporated,2012,0,1,2712,POINT (-88.1771875757766 40.1343999996072),POINT,-88.1771875757766,40.1343999996072
B-Injury,Pedalcyclist,Clear,Daylight,Dry,No Controls,Champaign,2012,0,1,2713,POINT (-88.230372440783 40.1231100006877),POINT,-88.230372440783,40.1231100006877
B-Injury,Pedalcyclist,Clear,Daylight,Dry,Stop Sign/Flasher,Unincorporated,2012,0,1,2715,POINT (-88.2732299660131 40.1416030836141),POINT,-88.2732299660131,40.1416030836141
B-Injury,Pedalcyclist,Clear,Daylight,Dry,Traffic Signal,Urbana,2012,0,1,2717,POINT (-88.212820016904 40.1164907322092),POINT,-88.212820016904,40.1164907322092
B-Injury,Pedalcyclist,Clear,Daylight,Dry,Stop Sign/Flasher,Urbana,2012,0,1,2718,POINT (-88.203600000262 40.118899999048),POINT,-88.203600000262,40.118899999048
B-Injury,Pedalcyclist,Clear,Daylight,Dry,Stop Sign/Flasher,Champaign,2012,0,1,2719,POINT (-88.2813208961514 40.1092600112363),POINT,-88.2813208961514,40.1092600112363
B-Injury,Pedalcyclist,Clear,"Darkness, lighted road",Dry,Traffic Signal,Champaign,2012,0,1,2720,POINT (-88.2445877629711 40.0980941980025),POINT,-88.2445877629711,40.0980941980025
Fatal,Pedalcyclist,Clear,"Darkness, lighted road",Dry,No Controls,Champaign,2012,1,0,2721,POINT (-88.2828291545506 40.1128159897989),POINT,-88.2828291545506,40.1128159897989
C-Injury,Pedalcyclist,Clear,Daylight,Dry,Traffic Signal,Champaign,2012,0,1,2722,POINT (-88.243560001211 40.1272000001441),POINT,-88.243560001211,40.1272000001441
C-Injury,Pedalcyclist,Clear,Daylight,Dry,Traffic Signal,Champaign,2012,0,1,2723,POINT (-88.2335703878845 40.1102800935974),POINT,-88.2335703878845,40.1102800935974
B-Injury,Pedalcyclist,Rain,Daylight,Wet,Traffic Signal,Champaign,2012,0,1,2724,POINT (-88.2302900003686 40.1041699994591),POINT,-88.2302900003686,40.1041699994591
Property Damage,Pedalcyclist,Clear,Daylight,Dry,No Controls,Mahomet,2012,0,0,2725,POINT (-88.4078276903185 40.1880096704169),POINT,-88.4078276903185,40.1880096704169
B-Injury,Pedalcyclist,Clear,Darkness,Dry,No Controls,Champaign,2012,0,1,2726,POINT (-88.238940034532 40.1380118988571),POINT,-88.238940034532,40.1380118988571
B-Injury,Pedalcyclist,Clear,Daylight,Dry,No Controls,Urbana,2012,0,1,2727,POINT (-88.20666926695 40.11247346864),POINT,-88.20666926695,40.11247346864
B-Injury,Pedalcyclist,Clear,Daylight,Dry,Traffic Signal,Urbana,2012,0,1,2730,POINT (-88.212820016904 40.1164907322092),POINT,-88.212820016904,40.1164907322092
B-Injury,Pedalcyclist,Clear,Darkness,Dry,Stop Sign/Flasher,Urbana,2012,0,1,2731,POINT (-88.2176301012774 40.1046602259416),POINT,-88.2176301012774,40.1046602259416
C-Injury,Pedalcyclist,Clear,Daylight,Dry,No Controls,Champaign,2012,0,1,2732,POINT (-88.2558480473334 40.0981258067158),POINT,-88.2558480473334,40.0981258067158
C-Injury,Pedalcyclist,Clear,Daylight,Dry,Traffic Signal,Urbana,2012,0,1,2733,POINT (-88.2193000242912 40.109091722821),POINT,-88.2193000242912,40.109091722821
B-Injury,Pedalcyclist,Clear,"Darkness, lighted road",Dry,Traffic Signal,Champaign,2012,0,1,2734,POINT (-88.2435601671057 40.1272030174149),POINT,-88.2435601671057,40.1272030174149
B-Injury,Pedalcyclist,Rain,"Darkness, lighted road",Wet,Traffic Signal,Urbana,2012,0,1,2735,POINT (-88.2019300004382 40.1220199997604),POINT,-88.2019300004382,40.1220199997604
C-Injury,Pedalcyclist,Rain,Daylight,Wet,No Controls,Champaign,2012,0,1,2736,POINT (-88.2375286237845 40.1014750881869),POINT,-88.2375286237845,40.1014750881869
C-Injury,Pedalcyclist,Clear,"Darkness, lighted road",Wet,No Controls,Champaign,2011,0,1,2737,POINT (-88.2420231149755 40.1179099637252),POINT,-88.2420231149755,40.1179099637252
Fatal,Pedalcyclist,Clear,Daylight,Dry,No Controls,Unincorporated,2011,1,1,2740,POINT (-88.3698391356001 40.1477644951671),POINT,-88.3698391356001,40.1477644951671
C-Injury,Pedalcyclist,Clear,Daylight,Dry,No Controls,Champaign,2011,0,1,2743,POINT (-88.2813090549498 40.108429350229),POINT,-88.2813090549498,40.108429350229
B-Injury,Pedalcyclist,Clear,Daylight,Dry,Stop Sign/Flasher,Champaign,2011,0,1,2744,POINT (-88.2485019425828 40.1221491150599),POINT,-88.2485019425828,40.1221491150599
B-Injury,Pedalcyclist,Clear,Daylight,Dry,No Controls,Unincorporated,2011,0,1,2745,POINT (-88.2944877471019 40.0548360766153),POINT,-88.2944877471019,40.0548360766153
B-Injury,Pedalcyclist,Clear,Daylight,Dry,No Controls,Urbana,2011,0,1,2746,POINT (-88.2237126808465 40.109079003542),POINT,-88.2237126808465,40.109079003542
B-Injury,Pedalcyclist,Clear,Daylight,Dry,Traffic Signal,Champaign,2011,0,1,2747,POINT (-88.2333293245917 40.0980898346394),POINT,-88.2333293245917,40.0980898346394
C-Injury,Pedalcyclist,Clear,Daylight,Dry,Stop Sign/Flasher,Champaign,2011,0,1,2748,POINT (-88.2402887647171 40.1102013331694),POINT,-88.2402887647171,40.1102013331694
C-Injury,Pedalcyclist,Clear,Daylight,Dry,Traffic Signal,Champaign,2011,0,1,2749,POINT (-88.2763515477156 40.0836994746131),POINT,-88.2763515477156,40.0836994746131
B-Injury,Pedalcyclist,Clear,"Darkness, lighted road",Dry,No Controls,Champaign,2011,0,1,2750,POINT (-88.2769375481417 40.1222511605),POINT,-88.2769375481417,40.1222511605
B-Injury,Pedalcyclist,Clear,Daylight,Dry,No Controls,Unincorporated,2011,0,1,2752,POINT (-88.270456659633 40.141583073666),POINT,-88.270456659633,40.141583073666
B-Injury,Pedalcyclist,Clear,Daylight,Dry,No Controls,Champaign,2011,0,1,2753,POINT (-88.2768415000781 40.1184291454859),POINT,-88.2768415000781,40.1184291454859
B-Injury,Pedalcyclist,Clear,Daylight,Dry,Traffic Signal,Champaign,2011,0,1,2755,POINT (-88.2434693608159 40.1125810085619),POINT,-88.2434693608159,40.1125810085619
B-Injury,Pedalcyclist,Clear,Daylight,Dry,Traffic Signal,Urbana,2011,0,1,2756,POINT (-88.2049686952829 40.1163195845287),POINT,-88.2049686952829,40.1163195845287
B-Injury,Pedalcyclist,Clear,Daylight,Dry,Stop Sign/Flasher,Champaign,2011,0,1,2758,POINT (-88.2386321630873 40.1026992480365),POINT,-88.2386321630873,40.1026992480365
C-Injury,Pedalcyclist,Clear,"Darkness, lighted road",Dry,Traffic Signal,Champaign,2011,0,1,2759,POINT (-88.2333293259122 40.0980899093077),POINT,-88.2333293259122,40.0980899093077
B-Injury,Pedalcyclist,Clear,Daylight,Dry,Stop Sign/Flasher,Champaign,2011,0,1,2760,POINT (-88.2322600497075 40.1273000646645),POINT,-88.2322600497075,40.1273000646645
B-Injury,Pedalcyclist,Clear,Daylight,Dry,Traffic Signal,Urbana,2011,0,1,2761,POINT (-88.212820007025 40.1164902520797),POINT,-88.212820007025,40.1164902520797
B-Injury,Pedalcyclist,Clear,Daylight,Dry,Stop Sign/Flasher,Champaign,2011,0,1,2762,POINT (-88.2854658330229 40.0692894907608),POINT,-88.2854658330229,40.0692894907608
B-Injury,Pedalcyclist,Clear,Dawn,Wet,Stop Sign/Flasher,Champaign,2011,0,1,2763,POINT (-88.2504896022705 40.1023148050956),POINT,-88.2504896022705,40.1023148050956
B-Injury,Pedalcyclist,Clear,Daylight,Dry,No Controls,Champaign,2011,0,1,2764,POINT (-88.27668651083 40.0982683638359),POINT,-88.27668651083,40.0982683638359
B-Injury,Pedalcyclist,Clear,Daylight,Dry,Traffic Signal,Champaign,2011,0,1,2765,POINT (-88.2335492036491 40.1126691988351),POINT,-88.2335492036491,40.1126691988351
Property Damage,Pedalcyclist,Clear,Daylight,Dry,No Controls,Champaign,2011,0,0,2766,POINT (-88.2320788799469 40.1126803353451),POINT,-88.2320788799469,40.1126803353451
C-Injury,Pedalcyclist,,Daylight,Dry,Stop Sign/Flasher,Champaign,2011,0,1,2767,POINT (-88.2381891461246 40.0872488201599),POINT,-88.2381891461246,40.0872488201599
B-Injury,Pedalcyclist,Clear,Daylight,Dry,Stop Sign/Flasher,Champaign,2011,0,1,2768,POINT (-88.2859106259705 40.1023990610225),POINT,-88.2859106259705,40.1023990610225
Fatal,Pedalcyclist,Clear,Darkness,Dry,Stop Sign/Flasher,Champaign,2011,1,0,2769,POINT (-88.2389207435103 40.1352585336411),POINT,-88.2389207435103,40.1352585336411
Property Damage,Pedalcyclist,Clear,Dawn,Wet,Stop Sign/Flasher,Champaign,2011,0,0,2770,POINT (-88.2504872686089 40.1023086529975),POINT,-88.2504872686089,40.1023086529975
B-Injury,Pedalcyclist,Rain,Daylight,Wet,Stop Sign/Flasher,Urbana,2011,0,1,2771,POINT (-88.2238300737954 40.104202076347),POINT,-88.2238300737954,40.104202076347
B-Injury,Pedalcyclist,Clear,Daylight,Dry,Stop Sign/Flasher,Champaign,2011,0,1,2773,POINT (-88.2558093318651 40.1090421592176),POINT,-88.2558093318651,40.1090421592176
B-Injury,Pedalcyclist,Clear,Daylight,Dry,Traffic Signal,Champaign,2011,0,1,2775,POINT (-88.257974745177 40.1271698729756),POINT,-88.257974745177,40.1271698729756
B-Injury,Pedalcyclist,Clear,Daylight,Dry,Traffic Signal,Champaign,2011,0,1,2777,POINT (-88.2772307654633 40.1392311607897),POINT,-88.2772307654633,40.1392311607897
B-Injury,Pedalcyclist,Clear,Daylight,Dry,No Controls,Champaign,2011,0,1,2778,POINT (-88.2583376836432 40.1271743217515),POINT,-88.2583376836432,40.1271743217515
C-Injury,Pedalcyclist,Clear,Daylight,Dry,Stop Sign/Flasher,Rantoul,2011,0,1,2779,POINT (-88.1541015194244 40.3036788156807),POINT,-88.1541015194244,40.3036788156807
B-Injury,Pedalcyclist,Clear,Daylight,Dry,Stop Sign/Flasher,Champaign,2011,0,1,2780,POINT (-88.2355401114839 40.1272697460614),POINT,-88.2355401114839,40.1272697460614
Property Damage,Pedalcyclist,Clear,Daylight,Dry,No Controls,Champaign,2011,0,0,2781,POINT (-88.2768114463501 40.1174487105356),POINT,-88.2768114463501,40.1174487105356
B-Injury,Pedalcyclist,Rain,Daylight,Wet,Other Regualtory Sig,Champaign,2011,0,1,2782,POINT (-88.2334746401103 40.1034844765586),POINT,-88.2334746401103,40.1034844765586
B-Injury,Pedalcyclist,Rain,Daylight,Wet,No Controls,Champaign,2011,0,1,2783,POINT (-88.2775287975569 40.1274200017734),POINT,-88.2775287975569,40.1274200017734
B-Injury,Pedalcyclist,Clear,Daylight,Dry,Stop Sign/Flasher,Champaign,2011,0,1,2784,POINT (-88.2353912846054 40.1126505224321),POINT,-88.2353912846054,40.1126505224321
B-Injury,Pedalcyclist,Clear,Daylight,Dry,No Controls,Champaign,2011,0,1,2785,POINT (-88.2451298638109 40.1084699972061),POINT,-88.2451298638109,40.1084699972061
B-Injury,Pedalcyclist,Clear,"Darkness, lighted road",Dry,Lane Use Marking,Urbana,2011,0,1,2786,POINT (-88.2274372878953 40.1041997392328),POINT,-88.2274372878953,40.1041997392328
Property Damage,Pedalcyclist,Clear,Daylight,Dry,No Controls,Mahomet,2011,0,0,2788,POINT (-88.4077701201898 40.1922989155287),POINT,-88.4077701201898,40.1922989155287
B-Injury,Pedalcyclist,Snow,Daylight,Wet,No Controls,Champaign,2011,0,1,2789,POINT (-88.2765975389406 40.1128482914263),POINT,-88.2765975389406,40.1128482914263
B-Injury,Pedalcyclist,Clear,Daylight,Dry,No Controls,Champaign,2011,0,1,2790,POINT (-88.2421324672409 40.1210992181735),POINT,-88.2421324672409,40.1210992181735
B-Injury,Pedalcyclist,Rain,"Darkness, lighted road",Wet,Traffic Signal,Rantoul,2011,0,1,2791,POINT (-88.1365218068296 40.3121193046817),POINT,-88.1365218068296,40.3121193046817
B-Injury,Pedalcyclist,Fog/Smoke/Haze,Darkness,Wet,No Controls,Urbana,2010,0,1,2792,POINT (-88.2238716539837 40.1070091109749),POINT,-88.2238716539837,40.1070091109749
C-Injury,Pedalcyclist,Rain,"Darkness, lighted road",Wet,Stop Sign/Flasher,Champaign,2010,0,1,2793,POINT (-88.246880834317 40.1211802785248),POINT,-88.246880834317,40.1211802785248
C-Injury,Pedalcyclist,Clear,Daylight,Dry,Stop Sign/Flasher,Champaign,2010,0,1,2795,POINT (-88.2443010592385 40.0999195520227),POINT,-88.2443010592385,40.0999195520227
Property Damage,Pedalcyclist,Clear,Dawn,Dry,Stop Sign/Flasher,Champaign,2010,0,0,2796,POINT (-88.3070907063154 40.0840607036957),POINT,-88.3070907063154,40.0840607036957
B-Injury,Pedalcyclist,Clear,Daylight,Dry,No Controls,Urbana,2010,0,1,2797,POINT (-88.2239323404314 40.1111294551185),POINT,-88.2239323404314,40.1111294551185
B-Injury,Pedalcyclist,,"Darkness, lighted road",Dry,Stop Sign/Flasher,Champaign,2010,0,1,2798,POINT (-88.2335514793695 40.1068911526372),POINT,-88.2335514793695,40.1068911526372
B-Injury,Pedalcyclist,Clear,"Darkness, lighted road",Dry,No Controls,Champaign,2010,0,1,2799,POINT (-88.2517384878314 40.1182692163714),POINT,-88.2517384878314,40.1182692163714
Property Damage,Pedalcyclist,Clear,Daylight,Dry,No Controls,Urbana,2010,0,0,2800,POINT (-88.2241628126953 40.1070077329356),POINT,-88.2241628126953,40.1070077329356
C-Injury,Pedalcyclist,Snow,Daylight,Dry,Traffic Signal,Champaign,2010,0,1,2801,POINT (-88.2333293259122 40.0980899093077),POINT,-88.2333293259122,40.0980899093077
C-Injury,Pedalcyclist,Clear,Daylight,Dry,Lane Use Marking,Urbana,2010,0,1,2802,POINT (-88.2255784421369 40.1105595132652),POINT,-88.2255784421369,40.1105595132652
B-Injury,Pedalcyclist,Clear,Darkness,Dry,Stop Sign/Flasher,Urbana,2010,0,1,2804,POINT (-88.220648973634 40.1128401241373),POINT,-88.220648973634,40.1128401241373
B-Injury,Pedalcyclist,Clear,Darkness,Dry,No Controls,Champaign,2010,0,1,2805,POINT (-88.2488594867079 40.0981014970707),POINT,-88.2488594867079,40.0981014970707
B-Injury,Pedalcyclist,Clear,Daylight,Dry,Traffic Signal,Champaign,2010,0,1,2806,POINT (-88.2335492036491 40.1126691988351),POINT,-88.2335492036491,40.1126691988351
B-Injury,Pedalcyclist,Clear,Daylight,Dry,No Controls,Unincorporated,2010,0,2,2807,POINT (-88.423585428203 40.040196981665),POINT,-88.423585428203,40.040196981665
B-Injury,Pedalcyclist,Clear,Daylight,Dry,Stop Sign/Flasher,Champaign,2010,0,1,2808,POINT (-88.2750369173955 40.1354155567111),POINT,-88.2750369173955,40.1354155567111
B-Injury,Pedalcyclist,Clear,"Darkness, lighted road",Dry,Stop Sign/Flasher,Urbana,2010,0,1,2809,POINT (-88.1957493804543 40.1109501430664),POINT,-88.1957493804543,40.1109501430664
C-Injury,Pedalcyclist,Clear,"Darkness, lighted road",Dry,Stop Sign/Flasher,Champaign,2010,0,1,2810,POINT (-88.2402900575361 40.110201311698),POINT,-88.2402900575361,40.110201311698
B-Injury,Pedalcyclist,Clear,Daylight,Dry,Traffic Signal,Champaign,2010,0,1,2811,POINT (-88.2574894074614 40.0835994364498),POINT,-88.2574894074614,40.0835994364498
B-Injury,Pedalcyclist,Clear,Daylight,Dry,No Controls,Champaign,2010,0,1,2812,POINT (-88.2402899835312 40.1102013105405),POINT,-88.2402899835312,40.1102013105405
B-Injury,Pedalcyclist,Clear,Daylight,Dry,Other,Champaign,2010,0,1,2813,POINT (-88.2816982407808 40.1187932912495),POINT,-88.2816982407808,40.1187932912495
C-Injury,Pedalcyclist,Clear,Dusk,Dry,Traffic Signal,Champaign,2010,0,1,2814,POINT (-88.2579798328102 40.1271692784025),POINT,-88.2579798328102,40.1271692784025
B-Injury,Pedalcyclist,Clear,Daylight,Dry,Traffic Signal,Urbana,2010,0,1,2815,POINT (-88.2239132988055 40.110569828607),POINT,-88.2239132988055,40.110569828607
B-Injury,Pedalcyclist,Clear,"Darkness, lighted road",Dry,Traffic Signal,Champaign,2010,0,1,2816,POINT (-88.2289311531276 40.1164012665383),POINT,-88.2289311531276,40.1164012665383
B-Injury,Pedalcyclist,Clear,"Darkness, lighted road",Dry,,Champaign,2010,0,1,2817,POINT (-88.2452295346321 40.1183096222001),POINT,-88.2452295346321,40.1183096222001
B-Injury,Pedalcyclist,Clear,Daylight,Dry,No Controls,Champaign,2010,0,1,2818,POINT (-88.2877129280474 40.0838412205775),POINT,-88.2877129280474,40.0838412205775
B-Injury,Pedalcyclist,Clear,Daylight,Dry,Stop Sign/Flasher,Champaign,2010,0,1,2819,POINT (-88.2531108282894 40.1221512715086),POINT,-88.2531108282894,40.1221512715086
C-Injury,Pedalcyclist,Clear,Daylight,Dry,Traffic Signal,Champaign,2010,0,1,2820,POINT (-88.2578894483318 40.1407502199765),POINT,-88.2578894483318,40.1407502199765
B-Injury,Pedalcyclist,Clear,Daylight,Dry,Traffic Signal,Urbana,2010,0,1,2824,POINT (-88.2193194650557 40.1105696712672),POINT,-88.2193194650557,40.1105696712672
B-Injury,Pedalcyclist,Clear,Daylight,Dry,No Controls,Urbana,2010,0,1,2825,POINT (-88.2049250852805 40.1094738520919),POINT,-88.2049250852805,40.1094738520919
C-Injury,Pedalcyclist,Clear,Daylight,Dry,Lane Use Marking,Urbana,2010,0,1,2826,POINT (-88.2266493570216 40.1104894902643),POINT,-88.2266493570216,40.1104894902643
C-Injury,Pedalcyclist,Clear,Daylight,Dry,No Controls,Champaign,2010,0,1,2827,POINT (-88.2962000021287 40.0839500002026),POINT,-88.2962000021287,40.0839500002026
C-Injury,Pedalcyclist,Clear,Daylight,Dry,Stop Sign/Flasher,Urbana,2010,0,1,2828,POINT (-88.2049100886999 40.0983310739398),POINT,-88.2049100886999,40.0983310739398
C-Injury,Pedalcyclist,Clear,Daylight,Dry,Traffic Signal,Champaign,2010,0,1,2829,POINT (-88.2387094344258 40.1126207405397),POINT,-88.2387094344258,40.1126207405397