crash_severity,collision_type,weather,light,road_surface,traffic_control,city,year,fatality,injury,id,Geometry,point,x,y
C-Injury,Pedalcyclist,Clear,Daylight,Dry,Stop Sign/Flasher,Urbana,2010,0,1,2830,POINT (-88.1906696577784 40.0947593252494),POINT,-88.1906696577784,40.0947593252494
B-Injury,Pedalcyclist,Clear,Daylight,Dry,No Controls,Champaign,2010,0,1,2831,POINT (-88.2765633931357 40.1025083809037),POINT,-88.2765633931357,40.1025083809037
B-Injury,Pedalcyclist,Clear,Daylight,Dry,Traffic Signal,Champaign,2010,0,1,2833,POINT (-88.244587325001 40.0980934391913),POINT,-88.244587325001,40.0980934391913
B-Injury,Pedalcyclist,Clear,Daylight,Dry,No Controls,Urbana,2010,0,1,2835,POINT (-88.2050034479456 40.1127165894957),POINT,-88.2050034479456,40.1127165894957
B-Injury,Pedalcyclist,,Darkness,,Stop Sign/Flasher,Champaign,2010,0,1,2836,POINT (-88.232059000465 40.107980663143),POINT,-88.232059000465,40.107980663143
C-Injury,Pedalcyclist,Clear,Dusk,Dry,No Controls,Urbana,2010,0,1,2838,POINT (-88.1763160301714 40.1039134344801),POINT,-88.1763160301714,40.1039134344801
Property Damage,Pedalcyclist,Clear,Daylight,Dry,No Controls,Urbana,2010,0,0,2839,POINT (-88.2013172070143 40.1233983761479),POINT,-88.2013172070143,40.1233983761479
Property Damage,Pedalcyclist,Rain,"Darkness, lighted road",Wet,No Controls,Urbana,2010,0,0,2840,POINT (-88.2129958633545 40.1164874026829),POINT,-88.2129958633545,40.1164874026829
C-Injury,Pedalcyclist,Clear,Dusk,Dry,No Controls,Champaign,2010,0,1,2842,POINT (-88.2289407656534 40.1115408520182),POINT,-88.2289407656534,40.1115408520182
B-Injury,Pedalcyclist,Clear,Daylight,Dry,No Controls,Champaign,2010,0,1,2843,POINT (-88.2305635867562 40.1014981101747),POINT,-88.2305635867562,40.1014981101747
B-Injury,Pedalcyclist,Clear,Daylight,Dry,No Controls,Unincorporated,2005,0,1,2844,POINT (-88.4076016502466 40.1494425784445),POINT,-88.4076016502466,40.1494425784445
C-Injury,Pedalcyclist,Clear,Daylight,Dry,No Controls,Urbana,2005,0,1,2846,POINT (-88.2255099696115 40.1059660652504),POINT,-88.2255099696115,40.1059660652504
C-Injury,Pedalcyclist,Clear,Daylight,Dry,Yield,Champaign,2005,0,1,2847,POINT (-88.2334792705186 40.1054186557579),POINT,-88.2334792705186,40.1054186557579
B-Injury,Pedalcyclist,Clear,Dawn,Unknown,No Controls,Thomasboro,2005,0,1,2848,POINT (-88.1903078388056 40.2387914072745),POINT,-88.1903078388056,40.2387914072745
C-Injury,Pedalcyclist,Clear,Daylight,Dry,No Controls,Rantoul,2005,0,1,2849,POINT (-88.1364851714829 40.3189669941749),POINT,-88.1364851714829,40.3189669941749
C-Injury,Pedalcyclist,Clear,Daylight,Dry,Traffic Signal,Champaign,2005,0,1,2850,POINT (-88.2579581466968 40.1358384865631),POINT,-88.2579581466968,40.1358384865631
B-Injury,Pedalcyclist,Clear,Daylight,Dry,No Controls,Champaign,2005,0,1,2851,POINT (-88.2399271172527 40.1102203396634),POINT,-88.2399271172527,40.1102203396634
B-Injury,Pedalcyclist,Clear,Daylight,Dry,Yield,Champaign,2005,0,1,2852,POINT (-88.2817374927142 40.0983280748165),POINT,-88.2817374927142,40.0983280748165
B-Injury,Pedalcyclist,Clear,Daylight,Dry,Stop Sign/Flasher,Rantoul,2005,0,1,2853,POINT (-88.158879005872 40.3036081465493),POINT,-88.158879005872,40.3036081465493
B-Injury,Pedalcyclist,Rain,Daylight,Wet,Traffic Signal,Rantoul,2005,0,1,2854,POINT (-88.1533438558287 40.3082176082557),POINT,-88.1533438558287,40.3082176082557
B-Injury,Pedalcyclist,Clear,Daylight,Dry,No Controls,Rantoul,2005,0,1,2855,POINT (-88.1434566641898 40.3050229147889),POINT,-88.1434566641898,40.3050229147889
B-Injury,Pedalcyclist,Clear,Dusk,Dry,No Controls,Unincorporated,2005,0,1,2857,POINT (-88.1536799866207 40.1859214104549),POINT,-88.1536799866207,40.1859214104549
B-Injury,Pedalcyclist,Clear,Daylight,Dry,No Controls,Champaign,2005,0,1,2859,POINT (-88.2418785499684 40.1163574404194),POINT,-88.2418785499684,40.1163574404194
B-Injury,Pedalcyclist,Clear,Daylight,Ice,Traffic Signal,Urbana,2005,0,1,2860,POINT (-88.2019300070184 40.122021411026),POINT,-88.2019300070184,40.122021411026
B-Injury,Pedalcyclist,Clear,Daylight,Dry,Stop Sign/Flasher,Champaign,2005,0,1,2861,POINT (-88.281465682926 40.1024083526773),POINT,-88.281465682926,40.1024083526773
C-Injury,Pedalcyclist,Clear,Daylight,Dry,No Controls,Champaign,2005,0,1,2862,POINT (-88.2413725066234 40.1038483531503),POINT,-88.2413725066234,40.1038483531503
B-Injury,Pedalcyclist,Rain,Darkness,Dry,No Controls,Champaign,2005,0,1,2864,POINT (-88.238675717834 40.109027792163),POINT,-88.238675717834,40.109027792163
C-Injury,Pedalcyclist,Clear,Daylight,Dry,No Controls,Champaign,2005,0,1,2865,POINT (-88.2386607698389 40.1063154061101),POINT,-88.2386607698389,40.1063154061101
B-Injury,Pedalcyclist,Clear,Daylight,Dry,Traffic Signal,Unincorporated,2005,0,3,2866,POINT (-88.238385419215 40.0833340589336),POINT,-88.238385419215,40.0833340589336
C-Injury,Pedalcyclist,Clear,"Darkness, lighted road",Dry,No Controls,Champaign,2005,0,1,2867,POINT (-88.2386491654897 40.105389642528),POINT,-88.2386491654897,40.105389642528
B-Injury,Pedalcyclist,Clear,Daylight,Dry,Stop Sign/Flasher,Urbana,2005,0,1,2868,POINT (-88.204940341452 40.1020072537487),POINT,-88.204940341452,40.1020072537487
B-Injury,Pedalcyclist,Clear,Daylight,Dry,Traffic Signal,Champaign,2005,0,1,2869,POINT (-88.2435603436002 40.1272276081802),POINT,-88.2435603436002,40.1272276081802
B-Injury,Pedalcyclist,Clear,Daylight,Dry,No Controls,Champaign,2005,0,1,2870,POINT (-88.2452017847364 40.094607848824),POINT,-88.2452017847364,40.094607848824
C-Injury,Pedalcyclist,Clear,Daylight,Dry,Stop Sign/Flasher,Urbana,2005,0,1,2871,POINT (-88.2095261861744 40.0909155171137),POINT,-88.2095261861744,40.0909155171137
B-Injury,Pedalcyclist,Snow,Daylight,Dry,Yield,Champaign,2005,0,1,2874,POINT (-88.2508399296572 40.1372380728598),POINT,-88.2508399296572,40.1372380728598
B-Injury,Pedalcyclist,Clear,Darkness,Dry,Stop Sign/Flasher,Urbana,2005,0,1,2875,POINT (-88.2131668675867 40.1106915165713),POINT,-88.2131668675867,40.1106915165713
B-Injury,Pedalcyclist,Clear,Daylight,Dry,Traffic Signal,Urbana,2005,0,1,2876,POINT (-88.2156904460654 40.1164623282156),POINT,-88.2156904460654,40.1164623282156
Property Damage,Pedalcyclist,Clear,Daylight,Dry,Traffic Signal,Urbana,2005,0,0,2878,POINT (-88.2193700773236 40.1164391840334),POINT,-88.2193700773236,40.1164391840334
C-Injury,Pedalcyclist,Clear,Daylight,Dry,Traffic Signal,Urbana,2005,0,1,2879,POINT (-88.2191277277582 40.1006242984507),POINT,-88.2191277277582,40.1006242984507
B-Injury,Pedalcyclist,Clear,Daylight,Dry,No Controls,Urbana,2005,0,1,2880,POINT (-88.2191763627947 40.103759969965),POINT,-88.2191763627947,40.103759969965
C-Injury,Pedalcyclist,Snow,"Darkness, lighted road",Wet,No Controls,Champaign,2005,0,1,2881,POINT (-88.2579236849834 40.1245505535316),POINT,-88.2579236849834,40.1245505535316
B-Injury,Pedalcyclist,Clear,Daylight,Dry,No Controls,Urbana,2005,0,1,2882,POINT (-88.2194476723342 40.1224214716961),POINT,-88.2194476723342,40.1224214716961
B-Injury,Pedalcyclist,Clear,Daylight,Dry,Stop Sign/Flasher,Urbana,2005,0,1,2883,POINT (-88.2192328082642 40.1064645407987),POINT,-88.2192328082642,40.1064645407987
B-Injury,Pedalcyclist,Clear,"Darkness, lighted road",Dry,Stop Sign/Flasher,Urbana,2005,0,1,2884,POINT (-88.2192879009825 40.1082938992783),POINT,-88.2192879009825,40.1082938992783
C-Injury,Pedalcyclist,Clear,Daylight,Dry,Stop Sign/Flasher,Urbana,2005,0,1,2886,POINT (-88.2255091488259 40.1059658212693),POINT,-88.2255091488259,40.1059658212693
B-Injury,Pedalcyclist,Clear,Daylight,Dry,No Controls,Urbana,2005,0,1,2887,POINT (-88.2256229392537 40.1126478186264),POINT,-88.2256229392537,40.1126478186264
B-Injury,Pedalcyclist,Clear,Daylight,Dry,No Controls,Urbana,2005,0,1,2888,POINT (-88.1757397510289 40.1129829803541),POINT,-88.1757397510289,40.1129829803541
B-Injury,Pedalcyclist,Clear,Daylight,Dry,Other Warning Sign,Urbana,2005,0,1,2889,POINT (-88.2282241718718 40.1127403927023),POINT,-88.2282241718718,40.1127403927023
B-Injury,Pedalcyclist,Clear,"Darkness, lighted road",Dry,No Controls,Urbana,2005,0,1,2890,POINT (-88.2196940314048 40.1164366724091),POINT,-88.2196940314048,40.1164366724091
B-Injury,Pedalcyclist,Clear,Daylight,Dry,Stop Sign/Flasher,Champaign,2005,0,1,2891,POINT (-88.2501874869362 40.1271984436117),POINT,-88.2501874869362,40.1271984436117
C-Injury,Pedalcyclist,Clear,Unknown,Dry,No Passing,Champaign,2005,0,1,2892,POINT (-88.2604353058371 40.1309460744117),POINT,-88.2604353058371,40.1309460744117
C-Injury,Pedalcyclist,Clear,Daylight,Dry,Traffic Signal,Champaign,2005,0,1,2893,POINT (-88.2860457003968 40.1129354384783),POINT,-88.2860457003968,40.1129354384783
B-Injury,Pedalcyclist,Rain,"Darkness, lighted road",Wet,Stop Sign/Flasher,Champaign,2005,0,1,2894,POINT (-88.2304362563524 40.1135175193298),POINT,-88.2304362563524,40.1135175193298
B-Injury,Pedalcyclist,Clear,Daylight,Dry,No Controls,Champaign,2005,0,1,2895,POINT (-88.2483528278687 40.1125723056086),POINT,-88.2483528278687,40.1125723056086
B-Injury,Pedalcyclist,Clear,Daylight,Dry,Traffic Signal,Champaign,2005,0,1,2896,POINT (-88.2451371508181 40.112631524087),POINT,-88.2451371508181,40.112631524087
B-Injury,Pedalcyclist,Clear,Daylight,Dry,Traffic Signal,Champaign,2005,0,1,2897,POINT (-88.233598529755 40.1126947291111),POINT,-88.233598529755,40.1126947291111
B-Injury,Pedalcyclist,Rain,"Darkness, lighted road",Wet,Stop Sign/Flasher,Champaign,2005,0,1,2898,POINT (-88.2767496691821 40.1119204484132),POINT,-88.2767496691821,40.1119204484132
B-Injury,Pedalcyclist,Clear,Daylight,Dry,Traffic Signal,Urbana,2005,0,1,2899,POINT (-88.2192975701454 40.1090815505928),POINT,-88.2192975701454,40.1090815505928
B-Injury,Pedalcyclist,Clear,Daylight,Dry,Traffic Signal,Champaign,2005,0,1,2900,POINT (-88.2386878465894 40.1102299835603),POINT,-88.2386878465894,40.1102299835603
B-Injury,Pedalcyclist,Clear,Daylight,Dry,Stop Sign/Flasher,Urbana,2005,0,1,2901,POINT (-88.1957025647103 40.1077435258105),POINT,-88.1957025647103,40.1077435258105
C-Injury,Pedalcyclist,Clear,Daylight,Dry,Stop Sign/Flasher,Urbana,2005,0,1,2902,POINT (-88.2096558490404 40.1055976150296),POINT,-88.2096558490404,40.1055976150296
B-Injury,Pedalcyclist,Clear,Daylight,Dry,Other Regualtory Sig,Champaign,2005,0,1,2903,POINT (-88.2300647139041 40.1068720201975),POINT,-88.2300647139041,40.1068720201975
C-Injury,Pedalcyclist,Clear,Daylight,Unknown,Other,Champaign,2005,0,1,2904,POINT (-88.2332996474712 40.1054179693135),POINT,-88.2332996474712,40.1054179693135
B-Injury,Pedalcyclist,Clear,Daylight,Dry,No Controls,Champaign,2005,0,1,2905,POINT (-88.2327599098289 40.1041497601197),POINT,-88.2327599098289,40.1041497601197
B-Injury,Pedalcyclist,Clear,Daylight,Dry,Stop Sign/Flasher,Champaign,2005,0,1,2906,POINT (-88.2824567400415 40.0973045195306),POINT,-88.2824567400415,40.0973045195306
B-Injury,Pedalcyclist,Clear,Daylight,Dry,No Controls,Champaign,2005,0,1,2908,POINT (-88.2906630238582 40.0773594923907),POINT,-88.2906630238582,40.0773594923907
B-Injury,Pedalcyclist,Clear,"Darkness, lighted road",Dry,No Controls,Urbana,2005,0,1,2909,POINT (-88.2175590773702 40.0982262735974),POINT,-88.2175590773702,40.0982262735974
C-Injury,Pedalcyclist,Other,Daylight,Wet,No Controls,Rantoul,2006,0,1,2911,POINT (-88.1558158279455 40.3097027058176),POINT,-88.1558158279455,40.3097027058176
B-Injury,Pedalcyclist,Clear,Daylight,Dry,Traffic Signal,Savoy,2006,0,1,2912,POINT (-88.2483722267825 40.0741220434174),POINT,-88.2483722267825,40.0741220434174
C-Injury,Pedalcyclist,Clear,Daylight,Dry,Traffic Signal,Savoy,2006,0,1,2913,POINT (-88.2491690221417 40.0690017715107),POINT,-88.2491690221417,40.0690017715107
C-Injury,Pedalcyclist,Clear,Daylight,Dry,No Controls,Rantoul,2006,0,1,2914,POINT (-88.1405813324882 40.3120341259084),POINT,-88.1405813324882,40.3120341259084
B-Injury,Pedalcyclist,Clear,Daylight,Dry,No Controls,Thomasboro,2006,0,1,2915,POINT (-88.1886574873231 40.2414184512593),POINT,-88.1886574873231,40.2414184512593
B-Injury,Pedalcyclist,Clear,Daylight,Dry,Traffic Signal,Rantoul,2006,0,1,2916,POINT (-88.1523653136136 40.308210018821),POINT,-88.1523653136136,40.308210018821
B-Injury,Pedalcyclist,Clear,Daylight,Dry,No Controls,Unincorporated,2006,0,1,2917,POINT (-88.2383863781942 40.0702993042714),POINT,-88.2383863781942,40.0702993042714
B-Injury,Pedalcyclist,Clear,Daylight,Dry,Stop Sign/Flasher,Unincorporated,2006,0,1,2918,POINT (-88.1048478918572 40.128022430872),POINT,-88.1048478918572,40.128022430872
Fatal,Pedalcyclist,Clear,Daylight,Dry,Lane Use Marking,Unincorporated,2006,1,0,2919,POINT (-88.1620729026061 40.0798615792923),POINT,-88.1620729026061,40.0798615792923
B-Injury,Pedalcyclist,Clear,Daylight,Dry,Lane Use Marking,Unincorporated,2006,0,1,2920,POINT (-88.1604949850494 39.8836262486983),POINT,-88.1604949850494,39.8836262486983
C-Injury,Pedalcyclist,Clear,Daylight,Dry,No Controls,Urbana,2006,0,1,2921,POINT (-88.2037493276406 40.1186313390941),POINT,-88.2037493276406,40.1186313390941
B-Injury,Pedalcyclist,Clear,Daylight,Dry,Stop Sign/Flasher,Urbana,2006,0,1,2922,POINT (-88.1904464690897 40.0837402698292),POINT,-88.1904464690897,40.0837402698292
B-Injury,Pedalcyclist,Clear,Daylight,Dry,Stop Sign/Flasher,Champaign,2006,0,1,2923,POINT (-88.3084472115432 40.0995399944151),POINT,-88.3084472115432,40.0995399944151
C-Injury,Pedalcyclist,Clear,Daylight,Dry,No Controls,Champaign,2006,0,1,2924,POINT (-88.2386899367371 40.109010588367),POINT,-88.2386899367371,40.109010588367
B-Injury,Pedalcyclist,Clear,Daylight,Dry,No Controls,Champaign,2006,0,1,2927,POINT (-88.2335284384328 40.1058225791496),POINT,-88.2335284384328,40.1058225791496
B-Injury,Pedalcyclist,Clear,Daylight,Dry,Traffic Signal,Champaign,2006,0,1,2929,POINT (-88.2446019306359 40.0981116134431),POINT,-88.2446019306359,40.0981116134431
B-Injury,Pedalcyclist,Clear,Daylight,Dry,No Controls,Champaign,2006,0,1,2931,POINT (-88.2436165470843 40.1298933213651),POINT,-88.2436165470843,40.1298933213651
C-Injury,Pedalcyclist,Clear,Daylight,Dry,Stop Sign/Flasher,Champaign,2006,0,1,2932,POINT (-88.2435194420392 40.1143618641728),POINT,-88.2435194420392,40.1143618641728
B-Injury,Pedalcyclist,Clear,Daylight,Dry,Traffic Signal,Champaign,2006,0,2,2933,POINT (-88.2438210709038 40.1027702484826),POINT,-88.2438210709038,40.1027702484826
C-Injury,Pedalcyclist,Clear,"Darkness, lighted road",Dry,Traffic Signal,Champaign,2006,0,1,2934,POINT (-88.2436152350724 40.1272082944496),POINT,-88.2436152350724,40.1272082944496
B-Injury,Pedalcyclist,Clear,Daylight,Dry,Stop Sign/Flasher,Champaign,2006,0,1,2935,POINT (-88.245139392038 40.1116409746349),POINT,-88.245139392038,40.1116409746349
B-Injury,Pedalcyclist,Clear,Daylight,Dry,No Controls,Champaign,2006,0,1,2936,POINT (-88.2468386029274 40.1151356328062),POINT,-88.2468386029274,40.1151356328062
C-Injury,Pedalcyclist,Clear,"Darkness, lighted road",Dry,Traffic Signal,Champaign,2006,0,1,2937,POINT (-88.2468635183287 40.1183086905043),POINT,-88.2468635183287,40.1183086905043
B-Injury,Pedalcyclist,Clear,Daylight,Dry,Stop Sign/Flasher,Champaign,2006,0,1,2939,POINT (-88.2579317394677 40.1212621920213),POINT,-88.2579317394677,40.1212621920213
B-Injury,Pedalcyclist,Clear,Daylight,Dry,Traffic Signal,Champaign,2006,0,1,2940,POINT (-88.2579510659314 40.1271694235645),POINT,-88.2579510659314,40.1271694235645
C-Injury,Pedalcyclist,Clear,Unknown,Dry,Stop Sign/Flasher,Urbana,2006,0,1,2941,POINT (-88.2194386139409 40.1173307463923),POINT,-88.2194386139409,40.1173307463923
C-Injury,Pedalcyclist,Clear,Daylight,Dry,Traffic Signal,Champaign,2006,0,1,2942,POINT (-88.2580180051909 40.1399603714048),POINT,-88.2580180051909,40.1399603714048
C-Injury,Pedalcyclist,Clear,Daylight,Dry,Traffic Signal,Champaign,2006,0,1,2943,POINT (-88.2581094432226 40.1380109402771),POINT,-88.2581094432226,40.1380109402771
B-Injury,Pedalcyclist,Clear,Daylight,Dry,Traffic Signal,Urbana,2006,0,1,2944,POINT (-88.219553400739 40.1274154093055),POINT,-88.219553400739,40.1274154093055
B-Injury,Pedalcyclist,Clear,Daylight,Dry,Stop Sign/Flasher,Urbana,2006,0,1,2945,POINT (-88.2238802234854 40.1090791828511),POINT,-88.2238802234854,40.1090791828511
B-Injury,Pedalcyclist,Clear,Daylight,Dry,No Controls,Urbana,2006,0,1,2946,POINT (-88.2238493764341 40.1055521100858),POINT,-88.2238493764341,40.1055521100858
B-Injury,Pedalcyclist,Clear,Daylight,Dry,No Controls,Urbana,2006,0,1,2947,POINT (-88.2254902383238 40.1060029365245),POINT,-88.2254902383238,40.1060029365245
B-Injury,Pedalcyclist,Clear,Daylight,Dry,Traffic Signal,Champaign,2006,0,1,2948,POINT (-88.2769894893843 40.1274149221728),POINT,-88.2769894893843,40.1274149221728
B-Injury,Pedalcyclist,Clear,Darkness,Dry,Traffic Signal,Champaign,2006,0,1,2950,POINT (-88.2769918222689 40.1274116505962),POINT,-88.2769918222689,40.1274116505962
C-Injury,Pedalcyclist,Clear,Daylight,Dry,Stop Sign/Flasher,Champaign,2006,0,1,2951,POINT (-88.2787026678152 40.1092369172089),POINT,-88.2787026678152,40.1092369172089
C-Injury,Pedalcyclist,Clear,Daylight,Dry,Stop Sign/Flasher,Champaign,2006,0,1,2952,POINT (-88.2786112701583 40.1274628304957),POINT,-88.2786112701583,40.1274628304957
B-Injury,Pedalcyclist,Clear,"Darkness, lighted road",Dry,No Controls,Champaign,2006,0,1,2954,POINT (-88.2320774515802 40.1164079324464),POINT,-88.2320774515802,40.1164079324464
B-Injury,Pedalcyclist,Clear,"Darkness, lighted road",Dry,No Controls,Champaign,2006,0,1,2956,POINT (-88.2388908350877 40.1163905407916),POINT,-88.2388908350877,40.1163905407916
B-Injury,Pedalcyclist,Clear,Daylight,Dry,Stop Sign/Flasher,Urbana,2006,0,1,2957,POINT (-88.2173795495612 40.1164396975797),POINT,-88.2173795495612,40.1164396975797
B-Injury,Pedalcyclist,Clear,Daylight,Dry,Stop Sign/Flasher,Urbana,2006,0,1,2958,POINT (-88.2090489676502 40.1174420106683),POINT,-88.2090489676502,40.1174420106683
B-Injury,Pedalcyclist,Clear,Daylight,Dry,No Controls,Champaign,2006,0,1,2961,POINT (-88.2718902632294 40.1273609226611),POINT,-88.2718902632294,40.1273609226611
B-Injury,Pedalcyclist,Clear,Darkness,Wet,No Controls,Urbana,2006,0,1,2962,POINT (-88.207717745722 40.1274793142183),POINT,-88.207717745722,40.1274793142183
B-Injury,Pedalcyclist,Clear,Daylight,Dry,No Controls,Urbana,2006,0,1,2963,POINT (-88.2208850562763 40.1105054695945),POINT,-88.2208850562763,40.1105054695945
C-Injury,Pedalcyclist,Clear,"Darkness, lighted road",Dry,No Controls,Champaign,2006,0,1,2964,POINT (-88.256963501715 40.112630541337),POINT,-88.256963501715,40.112630541337
B-Injury,Pedalcyclist,Clear,Daylight,Dry,Traffic Signal,Champaign,2006,0,1,2965,POINT (-88.2767799154103 40.1128514858879),POINT,-88.2767799154103,40.1128514858879
B-Injury,Pedalcyclist,Clear,Dawn,Dry,No Controls,Champaign,2006,0,1,2966,POINT (-88.2856606022994 40.1129144671898),POINT,-88.2856606022994,40.1129144671898
B-Injury,Pedalcyclist,Clear,Daylight,Dry,Stop Sign/Flasher,Champaign,2006,0,1,2967,POINT (-88.2484910535452 40.1126108763599),POINT,-88.2484910535452,40.1126108763599
B-Injury,Pedalcyclist,Clear,Daylight,Dry,Traffic Signal,Champaign,2006,0,1,2968,POINT (-88.2387470180682 40.1126218572036),POINT,-88.2387470180682,40.1126218572036
B-Injury,Pedalcyclist,Clear,Daylight,Dry,Traffic Signal,Urbana,2006,0,1,2969,POINT (-88.20495040223 40.1093016445178),POINT,-88.20495040223,40.1093016445178
B-Injury,Pedalcyclist,Rain,Daylight,Wet,No Controls,Urbana,2006,0,1,2970,POINT (-88.2196862399273 40.1090883188311),POINT,-88.2196862399273,40.1090883188311
C-Injury,Pedalcyclist,Clear,Daylight,Dry,Stop Sign/Flasher,Champaign,2006,0,1,2971,POINT (-88.2320503025876 40.1102997843074),POINT,-88.2320503025876,40.1102997843074
C-Injury,Pedalcyclist,Clear,"Darkness, lighted road",Dry,No Controls,Champaign,2006,0,1,2972,POINT (-88.2439534509828 40.1102184011857),POINT,-88.2439534509828,40.1102184011857
C-Injury,Pedalcyclist,Clear,Daylight,Dry,Stop Sign/Flasher,Urbana,2006,0,1,2974,POINT (-88.2193203176796 40.108269546644),POINT,-88.2193203176796,40.108269546644
C-Injury,Pedalcyclist,Clear,Daylight,Dry,No Controls,Champaign,2006,0,1,2975,POINT (-88.2447861429864 40.1102123067359),POINT,-88.2447861429864,40.1102123067359
B-Injury,Pedalcyclist,Clear,Darkness,Dry,No Controls,Champaign,2006,0,2,2978,POINT (-88.2714755514848 40.108969335006),POINT,-88.2714755514848,40.108969335006
B-Injury,Pedalcyclist,Clear,Daylight,Dry,Stop Sign/Flasher,Urbana,2006,0,1,2979,POINT (-88.2192194701732 40.1046387206819),POINT,-88.2192194701732,40.1046387206819
B-Injury,Pedalcyclist,Clear,Daylight,Dry,No Controls,Champaign,2006,0,1,2980,POINT (-88.2782955579024 40.0982866080974),POINT,-88.2782955579024,40.0982866080974
B-Injury,Pedalcyclist,Clear,Daylight,Dry,Stop Sign/Flasher,Champaign,2006,0,1,2981,POINT (-88.2817411248467 40.0983327947409),POINT,-88.2817411248467,40.0983327947409
C-Injury,Pedalcyclist,Clear,Daylight,Dry,Lane Use Marking,Champaign,2006,0,1,2982,POINT (-88.2927364019534 40.0984561125454),POINT,-88.2927364019534,40.0984561125454
C-Injury,Pedalcyclist,Clear,"Darkness, lighted road",Dry,Traffic Signal,Urbana,2006,0,1,2983,POINT (-88.1906998651565 40.0984103686583),POINT,-88.1906998651565,40.0984103686583
B-Injury,Pedalcyclist,Clear,Daylight,Wet,Unknown,Champaign,2007,0,1,2985,POINT (-88.2370996220854 40.1053743525026),POINT,-88.2370996220854,40.1053743525026
C-Injury,Pedalcyclist,Clear,Daylight,Dry,Unknown,Champaign,2007,0,1,2986,POINT (-88.2304504921992 40.1126402022523),POINT,-88.2304504921992,40.1126402022523
B-Injury,Pedalcyclist,Clear,"Darkness, lighted road",Dry,Unknown,Urbana,2007,0,1,2987,POINT (-88.1888201949068 40.0983112798236),POINT,-88.1888201949068,40.0983112798236
B-Injury,Pedalcyclist,Fog/Smoke/Haze,"Darkness, lighted road",Wet,Unknown,Urbana,2007,0,1,2988,POINT (-88.2176287861648 40.1046576381825),POINT,-88.2176287861648,40.1046576381825
B-Injury,Pedalcyclist,Clear,Daylight,Dry,Unknown,Champaign,2007,0,1,2990,POINT (-88.2416992757009 40.1163804062139),POINT,-88.2416992757009,40.1163804062139
B-Injury,Pedalcyclist,Clear,Daylight,Dry,Unknown,Urbana,2007,0,1,2992,POINT (-88.2042469047165 40.1177102162679),POINT,-88.2042469047165,40.1177102162679
C-Injury,Pedalcyclist,Rain,Darkness,Dry,Unknown,Champaign,2007,0,1,2993,POINT (-88.2951986176454 40.0984713647621),POINT,-88.2951986176454,40.0984713647621
B-Injury,Pedalcyclist,Clear,Daylight,Dry,Unknown,Champaign,2007,0,1,2994,POINT (-88.2500719193022 40.1163095801152),POINT,-88.2500719193022,40.1163095801152
B-Injury,Pedalcyclist,Clear,Daylight,Dry,Unknown,Champaign,2007,0,1,2995,POINT (-88.2626494228959 40.0872700854042),POINT,-88.2626494228959,40.0872700854042
B-Injury,Pedalcyclist,Clear,Daylight,Dry,Unknown,Urbana,2007,0,1,2996,POINT (-88.2240190415343 40.1163821489437),POINT,-88.2240190415343,40.1163821489437
B-Injury,Pedalcyclist,Fog/Smoke/Haze,Daylight,Dry,Unknown,Champaign,2007,0,1,2997,POINT (-88.242321287702 40.1249036236975),POINT,-88.242321287702,40.1249036236975
B-Injury,Pedalcyclist,Clear,Daylight,Dry,Unknown,Urbana,2007,0,1,2998,POINT (-88.2194228544194 40.1154987006214),POINT,-88.2194228544194,40.1154987006214
B-Injury,Pedalcyclist,Clear,Daylight,Dry,Unknown,Urbana,2007,0,1,2999,POINT (-88.2193314832511 40.1090919835547),POINT,-88.2193314832511,40.1090919835547
B-Injury,Pedalcyclist,Clear,Daylight,Dry,Unknown,Urbana,2007,0,1,3000,POINT (-88.2191849101375 40.1027694736099),POINT,-88.2191849101375,40.1027694736099
C-Injury,Pedalcyclist,Clear,Daylight,Dry,Unknown,Urbana,2007,0,1,3002,POINT (-88.2193996882871 40.1136104471964),POINT,-88.2193996882871,40.1136104471964
B-Injury,Pedalcyclist,Clear,Darkness,Dry,Unknown,Urbana,2007,0,1,3003,POINT (-88.1978096914353 40.1109128528611),POINT,-88.1978096914353,40.1109128528611
B-Injury,Pedalcyclist,Clear,Daylight,Dry,Unknown,Champaign,2007,0,1,3004,POINT (-88.27647165112 40.0935303280318),POINT,-88.27647165112,40.0935303280318
B-Injury,Pedalcyclist,Clear,Daylight,Dry,Unknown,Champaign,2007,0,1,3005,POINT (-88.2768946466232 40.1196916748218),POINT,-88.2768946466232,40.1196916748218
B-Injury,Pedalcyclist,Clear,Daylight,Dry,Unknown,Champaign,2007,0,1,3006,POINT (-88.2766919245779 40.1090135454468),POINT,-88.2766919245779,40.1090135454468
C-Injury,Pedalcyclist,Clear,Daylight,Dry,Unknown,Champaign,2007,0,1,3007,POINT (-88.2437290111783 40.1359601117176),POINT,-88.2437290111783,40.1359601117176
B-Injury,Pedalcyclist,Clear,Daylight,Wet,Unknown,Champaign,2007,0,1,3008,POINT (-88.2434682883775 40.1125597007389),POINT,-88.2434682883775,40.1125597007389
B-Injury,Pedalcyclist,Clear,Unknown,Unknown,Unknown,Champaign,2007,0,1,3009,POINT (-88.272879057055 40.1346520097805),POINT,-88.272879057055,40.1346520097805
C-Injury,Pedalcyclist,Rain,Daylight,Wet,Unknown,Urbana,2007,0,1,3012,POINT (-88.2093984377135 40.08374115344),POINT,-88.2093984377135,40.08374115344
B-Injury,Pedalcyclist,Clear,Daylight,Dry,Unknown,Urbana,2007,0,1,3014,POINT (-88.1784422705228 40.1129941058709),POINT,-88.1784422705228,40.1129941058709
B-Injury,Pedalcyclist,Clear,Daylight,Dry,Unknown,Urbana,2007,0,1,3015,POINT (-88.205002218461 40.1135672278448),POINT,-88.205002218461,40.1135672278448
B-Injury,Pedalcyclist,Rain,"Darkness, lighted road",Wet,Unknown,Champaign,2007,0,1,3016,POINT (-88.241210341359 40.1211186201491),POINT,-88.241210341359,40.1211186201491