crash_severity,collision_type,weather,light,road_surface,traffic_control,city,year,fatality,injury,id,Geometry,point,x,y
B-Injury,Pedalcyclist,Clear,Daylight,Dry,Unknown,Champaign,2007,0,1,3017,POINT (-88.2289634213178 40.1163601947735),POINT,-88.2289634213178,40.1163601947735
B-Injury,Pedalcyclist,Clear,Daylight,Dry,Unknown,Urbana,2007,0,1,3018,POINT (-88.1994297781363 40.1273950199076),POINT,-88.1994297781363,40.1273950199076
B-Injury,Pedalcyclist,Clear,"Darkness, lighted road",Dry,Unknown,Champaign,2007,0,1,3019,POINT (-88.2321201476977 40.1239313393968),POINT,-88.2321201476977,40.1239313393968
B-Injury,Pedalcyclist,Clear,Daylight,Dry,Unknown,Champaign,2007,0,1,3020,POINT (-88.2321210057336 40.1232601339189),POINT,-88.2321210057336,40.1232601339189
C-Injury,Pedalcyclist,Clear,Daylight,Dry,Unknown,Champaign,2007,0,1,3021,POINT (-88.2389672230544 40.136066045806),POINT,-88.2389672230544,40.136066045806
B-Injury,Pedalcyclist,Rain,Dusk,Wet,Unknown,Urbana,2007,0,1,3022,POINT (-88.2239313420938 40.1059592100241),POINT,-88.2239313420938,40.1059592100241
C-Injury,Pedalcyclist,Clear,Daylight,Dry,Unknown,Champaign,2007,0,1,3023,POINT (-88.2579794123891 40.1319540022871),POINT,-88.2579794123891,40.1319540022871
C-Injury,Pedalcyclist,Clear,"Darkness, lighted road",Dry,Unknown,Champaign,2007,0,1,3024,POINT (-88.2383142361548 40.110249340067),POINT,-88.2383142361548,40.110249340067
C-Injury,Pedalcyclist,Clear,Daylight,Dry,Unknown,Champaign,2007,0,1,3025,POINT (-88.2470826791877 40.1126021006951),POINT,-88.2470826791877,40.1126021006951
B-Injury,Pedalcyclist,Rain,"Darkness, lighted road",Wet,Unknown,Champaign,2007,0,1,3026,POINT (-88.2828122952764 40.0983412636892),POINT,-88.2828122952764,40.0983412636892
C-Injury,Pedalcyclist,Clear,Daylight,Dry,Unknown,Champaign,2007,0,1,3027,POINT (-88.2446681358807 40.097703378298),POINT,-88.2446681358807,40.097703378298
B-Injury,Pedalcyclist,Clear,Daylight,Dry,Unknown,Urbana,2007,0,2,3028,POINT (-88.2073100228441 40.109250592906),POINT,-88.2073100228441,40.109250592906
C-Injury,Pedalcyclist,Clear,Daylight,Dry,Unknown,Champaign,2007,0,1,3029,POINT (-88.2351958204336 40.1126412769807),POINT,-88.2351958204336,40.1126412769807
B-Injury,Pedalcyclist,Clear,Daylight,Dry,Unknown,Champaign,2007,0,1,3030,POINT (-88.230630581071 40.1115280346314),POINT,-88.230630581071,40.1115280346314
Property Damage,Pedalcyclist,Clear,"Darkness, lighted road",Ice,No Controls,Urbana,2008,0,0,3031,POINT (-88.2234445650962 40.1059659235792),POINT,-88.2234445650962,40.1059659235792
C-Injury,Pedalcyclist,Clear,"Darkness, lighted road",Dry,Stop Sign/Flasher,Champaign,2008,0,1,3032,POINT (-88.2414800019752 40.1026999950676),POINT,-88.2414800019752,40.1026999950676
B-Injury,Pedalcyclist,Rain,Daylight,Wet,Stop Sign/Flasher,Champaign,2008,0,1,3034,POINT (-88.270289453332 40.1183686746179),POINT,-88.270289453332,40.1183686746179
C-Injury,Pedalcyclist,Clear,Daylight,Dry,No Controls,Champaign,2008,0,1,3035,POINT (-88.2462473357693 40.0878407163985),POINT,-88.2462473357693,40.0878407163985
B-Injury,Pedalcyclist,Clear,Daylight,Dry,Stop Sign/Flasher,Champaign,2008,0,1,3036,POINT (-88.2451896259823 40.1153385268503),POINT,-88.2451896259823,40.1153385268503
C-Injury,Pedalcyclist,Clear,"Darkness, lighted road",Dry,No Controls,Champaign,2008,0,1,3037,POINT (-88.2434497215044 40.1088131171156),POINT,-88.2434497215044,40.1088131171156
B-Injury,Pedalcyclist,Clear,Daylight,Dry,Traffic Signal,Champaign,2008,0,1,3039,POINT (-88.2436201899012 40.1336183098363),POINT,-88.2436201899012,40.1336183098363
Property Damage,Pedalcyclist,Clear,Daylight,Dry,No Controls,Champaign,2008,0,0,3040,POINT (-88.246835868912 40.1148287647047),POINT,-88.246835868912,40.1148287647047
B-Injury,Pedalcyclist,Clear,Daylight,Dry,Stop Sign/Flasher,Champaign,2008,0,1,3041,POINT (-88.2451400213483 40.111640648995),POINT,-88.2451400213483,40.111640648995
C-Injury,Pedalcyclist,Clear,Daylight,Dry,Traffic Signal,Champaign,2008,0,1,3042,POINT (-88.2580144466879 40.1358605657861),POINT,-88.2580144466879,40.1358605657861
B-Injury,Pedalcyclist,Clear,Daylight,Dry,Traffic Signal,Urbana,2008,0,1,3044,POINT (-88.2193810318502 40.1164311332551),POINT,-88.2193810318502,40.1164311332551
B-Injury,Pedalcyclist,Clear,Daylight,Dry,Stop Sign/Flasher,Champaign,2008,0,1,3046,POINT (-88.2320989373846 40.1154008886824),POINT,-88.2320989373846,40.1154008886824
B-Injury,Pedalcyclist,Clear,Daylight,Dry,Traffic Signal,Champaign,2008,0,1,3047,POINT (-88.2577993595687 40.1126598131871),POINT,-88.2577993595687,40.1126598131871
C-Injury,Pedalcyclist,Clear,Daylight,Dry,Lane Use Marking,Unincorporated,2008,0,1,3048,POINT (-88.1825889187416 40.2260688376119),POINT,-88.1825889187416,40.2260688376119
B-Injury,Pedalcyclist,Clear,Daylight,Dry,No Controls,St Joseph,2008,0,1,3049,POINT (-88.0382702268195 40.1168488107027),POINT,-88.0382702268195,40.1168488107027
B-Injury,Pedalcyclist,Clear,Daylight,Dry,Stop Sign/Flasher,Unincorporated,2008,0,1,3051,POINT (-88.2378607324278 40.0104694930694),POINT,-88.2378607324278,40.0104694930694
B-Injury,Pedalcyclist,Clear,Daylight,Dry,Stop Sign/Flasher,St Joseph,2008,0,1,3053,POINT (-88.0416992415873 40.1131799202504),POINT,-88.0416992415873,40.1131799202504
C-Injury,Pedalcyclist,Unknown,Daylight,Unknown,No Controls,Champaign,2008,0,1,3054,POINT (-88.2545396112958 40.1306872650088),POINT,-88.2545396112958,40.1306872650088
B-Injury,Pedalcyclist,Clear,Daylight,Dry,No Controls,Rantoul,2008,0,1,3056,POINT (-88.1558211519176 40.3106815579413),POINT,-88.1558211519176,40.3106815579413
C-Injury,Pedalcyclist,Clear,Daylight,Dry,No Controls,Champaign,2008,0,1,3058,POINT (-88.2575811779356 40.0927182971592),POINT,-88.2575811779356,40.0927182971592
B-Injury,Pedalcyclist,Clear,Daylight,Dry,No Controls,Champaign,2008,0,1,3059,POINT (-88.2517122608464 40.1036540137135),POINT,-88.2517122608464,40.1036540137135
B-Injury,Pedalcyclist,Clear,Daylight,Dry,Traffic Signal,Champaign,2008,0,1,3060,POINT (-88.2468109043477 40.112609881045),POINT,-88.2468109043477,40.112609881045
Property Damage,Pedalcyclist,Clear,Daylight,Dry,No Controls,Urbana,2008,0,0,3061,POINT (-88.2159669695075 40.1127594041028),POINT,-88.2159669695075,40.1127594041028
Property Damage,Pedalcyclist,Clear,Daylight,Dry,Traffic Signal,Urbana,2008,0,0,3062,POINT (-88.2019300852411 40.1220186704026),POINT,-88.2019300852411,40.1220186704026
C-Injury,Pedalcyclist,Clear,Daylight,Dry,Stop Sign/Flasher,Champaign,2008,0,1,3064,POINT (-88.2603695333102 40.1309505064084),POINT,-88.2603695333102,40.1309505064084
C-Injury,Pedalcyclist,Clear,Darkness,Dry,Stop Sign/Flasher,Champaign,2008,0,1,3065,POINT (-88.2355401104111 40.1272697460605),POINT,-88.2355401104111,40.1272697460605
C-Injury,Pedalcyclist,Clear,Daylight,Dry,Stop Sign/Flasher,Champaign,2008,0,1,3066,POINT (-88.2468315149459 40.1144191366273),POINT,-88.2468315149459,40.1144191366273
B-Injury,Pedalcyclist,Rain,"Darkness, lighted road",Wet,Traffic Signal,Champaign,2008,0,1,3068,POINT (-88.2434716004798 40.11022125248),POINT,-88.2434716004798,40.11022125248
B-Injury,Pedalcyclist,Clear,Daylight,Dry,Traffic Signal,Champaign,2008,0,1,3069,POINT (-88.2387094344258 40.1126207405397),POINT,-88.2387094344258,40.1126207405397
B-Injury,Pedalcyclist,Clear,Daylight,Dry,Traffic Signal,Champaign,2008,0,1,3070,POINT (-88.2387294870562 40.1163404613301),POINT,-88.2387294870562,40.1163404613301
Property Damage,Pedalcyclist,Clear,"Darkness, lighted road",Dry,Traffic Signal,Champaign,2008,0,0,3071,POINT (-88.2445883723397 40.0980934446604),POINT,-88.2445883723397,40.0980934446604
C-Injury,Pedalcyclist,Clear,Daylight,Dry,Stop Sign/Flasher,Champaign,2008,0,1,3072,POINT (-88.2386321630873 40.1026992480365),POINT,-88.2386321630873,40.1026992480365
B-Injury,Pedalcyclist,Clear,Daylight,Dry,Traffic Signal,Champaign,2008,0,1,3073,POINT (-88.2451799422975 40.0944788596928),POINT,-88.2451799422975,40.0944788596928
B-Injury,Pedalcyclist,Clear,Daylight,Dry,Stop Sign/Flasher,Urbana,2008,0,1,3074,POINT (-88.2191595348441 40.1018902481519),POINT,-88.2191595348441,40.1018902481519
C-Injury,Pedalcyclist,Clear,Daylight,Dry,Traffic Signal,Urbana,2008,0,1,3075,POINT (-88.2191305958169 40.1006490504101),POINT,-88.2191305958169,40.1006490504101
C-Injury,Pedalcyclist,Unknown,Daylight,Dry,Stop Sign/Flasher,Urbana,2008,0,1,3076,POINT (-88.2240900822153 40.1200593498641),POINT,-88.2240900822153,40.1200593498641
C-Injury,Pedalcyclist,Clear,Daylight,Dry,No Controls,Urbana,2008,0,1,3077,POINT (-88.21933744834 40.1115290947101),POINT,-88.21933744834,40.1115290947101
B-Injury,Pedalcyclist,Clear,Daylight,Dry,No Controls,Champaign,2008,0,1,3078,POINT (-88.2320795238633 40.1126803348099),POINT,-88.2320795238633,40.1126803348099
Property Damage,Pedalcyclist,Clear,Daylight,Dry,No Controls,Champaign,2008,0,0,3079,POINT (-88.2626419423549 40.1227121607272),POINT,-88.2626419423549,40.1227121607272
B-Injury,Pedalcyclist,Clear,"Darkness, lighted road",Dry,Traffic Signal,Champaign,2008,0,1,3080,POINT (-88.2302902575577 40.1041713181658),POINT,-88.2302902575577,40.1041713181658
B-Injury,Pedalcyclist,Clear,Daylight,Dry,No Controls,Rantoul,2008,0,1,3081,POINT (-88.1388731095017 40.3220663714364),POINT,-88.1388731095017,40.3220663714364
B-Injury,Pedalcyclist,Clear,Daylight,Dry,No Controls,Rantoul,2008,0,1,3083,POINT (-88.1668686934244 40.2870546379989),POINT,-88.1668686934244,40.2870546379989
C-Injury,Pedalcyclist,Clear,Daylight,Dry,Stop Sign/Flasher,Champaign,2008,0,1,3084,POINT (-88.2574009487223 40.0792197761649),POINT,-88.2574009487223,40.0792197761649
B-Injury,Pedalcyclist,Rain,Daylight,Wet,No Controls,Urbana,2008,0,1,3085,POINT (-88.223840518449 40.1048456705617),POINT,-88.223840518449,40.1048456705617
B-Injury,Pedalcyclist,Clear,Daylight,Dry,Stop Sign/Flasher,St Joseph,2008,0,1,3086,POINT (-88.0416992415873 40.1131799202504),POINT,-88.0416992415873,40.1131799202504
B-Injury,Pedalcyclist,Clear,Daylight,Dry,Stop Sign/Flasher,Champaign,2008,0,1,3087,POINT (-88.2764182126058 40.0908492168316),POINT,-88.2764182126058,40.0908492168316
B-Injury,Pedalcyclist,Clear,Daylight,Dry,No Controls,Champaign,2008,0,1,3088,POINT (-88.2320504643395 40.1102999222534),POINT,-88.2320504643395,40.1102999222534
C-Injury,Pedalcyclist,Rain,"Darkness, lighted road",Wet,Traffic Signal,Champaign,2008,0,1,3089,POINT (-88.2335714564492 40.1079702414535),POINT,-88.2335714564492,40.1079702414535
Property Damage,Pedalcyclist,Clear,Daylight,Dry,No Controls,Urbana,2008,0,0,3090,POINT (-88.227896559306 40.1104079863899),POINT,-88.227896559306,40.1104079863899
Property Damage,Pedalcyclist,Clear,Daylight,Dry,No Controls,Urbana,2008,0,0,3091,POINT (-88.2205237740483 40.1105419862068),POINT,-88.2205237740483,40.1105419862068
B-Injury,Pedalcyclist,Clear,Daylight,Dry,No Controls,Urbana,2008,0,1,3092,POINT (-88.2139149031105 40.1123495268726),POINT,-88.2139149031105,40.1123495268726
B-Injury,Pedalcyclist,Clear,Daylight,Dry,No Controls,Urbana,2008,0,1,3093,POINT (-88.1966397425302 40.1162959916424),POINT,-88.1966397425302,40.1162959916424
B-Injury,Pedalcyclist,Rain,"Darkness, lighted road",Wet,Stop Sign/Flasher,Rantoul,2009,0,1,3096,POINT (-88.1426490041412 40.3110406320735),POINT,-88.1426490041412,40.3110406320735
C-Injury,Pedalcyclist,Clear,Darkness,Dry,Traffic Signal,Champaign,2009,0,1,3097,POINT (-88.280343065598 40.1274604133518),POINT,-88.280343065598,40.1274604133518
B-Injury,Pedalcyclist,Clear,Dawn,Dry,Other,Champaign,2009,0,1,3098,POINT (-88.2289518759245 40.1108671920113),POINT,-88.2289518759245,40.1108671920113
C-Injury,Pedalcyclist,Clear,Daylight,Dry,Stop Sign/Flasher,Urbana,2009,0,1,3100,POINT (-88.2254916288391 40.1059973710058),POINT,-88.2254916288391,40.1059973710058
B-Injury,Pedalcyclist,Clear,Daylight,Dry,Traffic Signal,Champaign,2009,0,1,3101,POINT (-88.2334296306626 40.1014889489332),POINT,-88.2334296306626,40.1014889489332
B-Injury,Pedalcyclist,Rain,Daylight,Wet,Other,Rantoul,2009,0,1,3102,POINT (-88.1523714333113 40.3082188344007),POINT,-88.1523714333113,40.3082188344007
Property Damage,Pedalcyclist,Clear,Daylight,Dry,No Controls,Champaign,2009,0,0,3103,POINT (-88.2374487058732 40.101474606997),POINT,-88.2374487058732,40.101474606997
B-Injury,Pedalcyclist,Clear,Daylight,Dry,No Controls,Rantoul,2009,0,1,3104,POINT (-88.1344805815276 40.3094146095479),POINT,-88.1344805815276,40.3094146095479
B-Injury,Pedalcyclist,Clear,Daylight,Dry,No Controls,Champaign,2009,0,1,3106,POINT (-88.2747995738443 40.1309691358844),POINT,-88.2747995738443,40.1309691358844
C-Injury,Pedalcyclist,Clear,Daylight,Dry,No Controls,Gifford,2009,0,1,3107,POINT (-88.0215275635981 40.3060300008075),POINT,-88.0215275635981,40.3060300008075
B-Injury,Pedalcyclist,Clear,Daylight,Dry,Traffic Signal,Urbana,2009,0,1,3108,POINT (-88.1994296526096 40.1273891908135),POINT,-88.1994296526096,40.1273891908135
C-Injury,Pedalcyclist,Clear,Daylight,Dry,No Controls,Champaign,2009,0,1,3109,POINT (-88.2536151612636 40.1101399827695),POINT,-88.2536151612636,40.1101399827695
Fatal,Pedalcyclist,Clear,Darkness,Dry,Lane Use Marking,Urbana,2009,1,0,3110,POINT (-88.2210743189357 40.1105456634408),POINT,-88.2210743189357,40.1105456634408
C-Injury,Pedalcyclist,Clear,Daylight,Dry,Stop Sign/Flasher,Urbana,2009,0,1,3111,POINT (-88.2195508347957 40.1299005957636),POINT,-88.2195508347957,40.1299005957636
B-Injury,Pedalcyclist,Clear,Daylight,Dry,Stop Sign/Flasher,Champaign,2009,0,1,3112,POINT (-88.2423414702532 40.1272100979434),POINT,-88.2423414702532,40.1272100979434
B-Injury,Pedalcyclist,Clear,Daylight,Dry,Traffic Signal,Champaign,2009,0,1,3113,POINT (-88.2468767239029 40.0835694618433),POINT,-88.2468767239029,40.0835694618433
B-Injury,Pedalcyclist,Clear,Daylight,Dry,Traffic Signal,Champaign,2009,0,1,3115,POINT (-88.2335703588865 40.1102806096532),POINT,-88.2335703588865,40.1102806096532
B-Injury,Pedalcyclist,Rain,Daylight,Wet,Stop Sign/Flasher,Unincorporated,2009,0,1,3117,POINT (-88.2324500107769 40.083481760132),POINT,-88.2324500107769,40.083481760132
B-Injury,Pedalcyclist,Clear,Dusk,Dry,No Controls,Champaign,2009,0,1,3119,POINT (-88.2304881818471 40.1273089204917),POINT,-88.2304881818471,40.1273089204917
B-Injury,Pedalcyclist,Clear,Daylight,Dry,Stop Sign/Flasher,Champaign,2009,0,1,3121,POINT (-88.2452188245063 40.1211595077322),POINT,-88.2452188245063,40.1211595077322
B-Injury,Pedalcyclist,Clear,Daylight,Dry,No Controls,Champaign,2009,0,1,3122,POINT (-88.2626944460395 40.1257789687896),POINT,-88.2626944460395,40.1257789687896
C-Injury,Pedalcyclist,Clear,Daylight,Dry,No Controls,Champaign,2009,0,1,3123,POINT (-88.2468808394632 40.1211807325691),POINT,-88.2468808394632,40.1211807325691
B-Injury,Pedalcyclist,Clear,Daylight,Dry,Stop Sign/Flasher,Urbana,2009,0,1,3124,POINT (-88.2159889217593 40.1065197764927),POINT,-88.2159889217593,40.1065197764927
B-Injury,Pedalcyclist,Clear,Daylight,Dry,Traffic Signal,Champaign,2009,0,1,3126,POINT (-88.2468109054203 40.1126098810458),POINT,-88.2468109054203,40.1126098810458
B-Injury,Pedalcyclist,Clear,Daylight,Dry,No Controls,Urbana,2009,0,1,3127,POINT (-88.1813407827234 40.0988187252745),POINT,-88.1813407827234,40.0988187252745
B-Injury,Pedalcyclist,Clear,Daylight,Dry,No Controls,Urbana,2009,0,1,3128,POINT (-88.2050098267973 40.1135204560582),POINT,-88.2050098267973,40.1135204560582
B-Injury,Pedalcyclist,Clear,Daylight,Dry,No Controls,Urbana,2009,0,1,3129,POINT (-88.1758300659368 40.1128806401233),POINT,-88.1758300659368,40.1128806401233
B-Injury,Pedalcyclist,Clear,Daylight,Dry,Traffic Signal,Champaign,2009,0,1,3130,POINT (-88.2574894074614 40.0835994364498),POINT,-88.2574894074614,40.0835994364498
B-Injury,Pedalcyclist,Clear,Daylight,Dry,No Controls,Champaign,2009,0,1,3131,POINT (-88.2951612673934 40.0850819984946),POINT,-88.2951612673934,40.0850819984946
C-Injury,Pedalcyclist,Clear,Daylight,Dry,Stop Sign/Flasher,Urbana,2009,0,1,3132,POINT (-88.2011386118059 40.1238004141076),POINT,-88.2011386118059,40.1238004141076
B-Injury,Pedalcyclist,Clear,Daylight,Dry,No Controls,Rantoul,2009,0,1,3133,POINT (-88.1676522382209 40.307236426647),POINT,-88.1676522382209,40.307236426647
B-Injury,Pedalcyclist,Clear,Daylight,Dry,No Controls,Urbana,2009,0,1,3135,POINT (-88.2194098198148 40.1105676110277),POINT,-88.2194098198148,40.1105676110277
B-Injury,Pedalcyclist,Clear,Daylight,Dry,No Controls,Champaign,2009,0,1,3136,POINT (-88.2767183795046 40.1090130801824),POINT,-88.2767183795046,40.1090130801824
B-Injury,Pedalcyclist,Clear,Daylight,Dry,Traffic Signal,Champaign,2009,0,1,3137,POINT (-88.2385206855859 40.0980392268295),POINT,-88.2385206855859,40.0980392268295
B-Injury,Pedalcyclist,Clear,Daylight,Dry,No Controls,Unincorporated,2009,0,1,3138,POINT (-88.2844800936991 39.9669357549642),POINT,-88.2844800936991,39.9669357549642
C-Injury,Pedalcyclist,Clear,Daylight,Dry,No Controls,Urbana,2009,0,1,3139,POINT (-88.2239802363309 40.1125357637069),POINT,-88.2239802363309,40.1125357637069
B-Injury,Pedalcyclist,Clear,Daylight,Dry,Stop Sign/Flasher,Champaign,2009,0,1,3140,POINT (-88.2386711103913 40.1053707230294),POINT,-88.2386711103913,40.1053707230294
B-Injury,Pedalcyclist,Clear,Daylight,Dry,Traffic Signal,Urbana,2009,0,1,3141,POINT (-88.2193009113469 40.1090901853342),POINT,-88.2193009113469,40.1090901853342
C-Injury,Pedalcyclist,Clear,"Darkness, lighted road",Dry,No Controls,Champaign,2009,0,1,3142,POINT (-88.2384577909813 40.1102344109719),POINT,-88.2384577909813,40.1102344109719
B-Injury,Pedalcyclist,Clear,Daylight,Dry,No Controls,Champaign,2009,0,1,3143,POINT (-88.2434678390386 40.1100161321476),POINT,-88.2434678390386,40.1100161321476
C-Injury,Pedalcyclist,Clear,"Darkness, lighted road",Dry,No Controls,Champaign,2009,0,1,3144,POINT (-88.2766696780761 40.1090099664696),POINT,-88.2766696780761,40.1090099664696
B-Injury,Pedalcyclist,Clear,Daylight,Dry,Stop Sign/Flasher,Champaign,2009,0,1,3147,POINT (-88.27869854065 40.109239176685),POINT,-88.27869854065,40.109239176685
C-Injury,Pedalcyclist,Rain,Dawn,Wet,No Controls,Urbana,2009,0,1,3148,POINT (-88.2169098797258 40.1183302075219),POINT,-88.2169098797258,40.1183302075219
B-Injury,Pedalcyclist,Clear,"Darkness, lighted road",Dry,Traffic Signal,Champaign,2009,0,1,3149,POINT (-88.2435606625618 40.1272001708531),POINT,-88.2435606625618,40.1272001708531
C-Injury,Pedalcyclist,Clear,Daylight,Dry,Stop Sign/Flasher,Mahomet,2009,0,1,3151,POINT (-88.3935737917266 40.1893084197261),POINT,-88.3935737917266,40.1893084197261
B-Injury,Pedalcyclist,Clear,Darkness,Dry,No Controls,Champaign,2009,0,1,3152,POINT (-88.244301098171 40.0999193016981),POINT,-88.244301098171,40.0999193016981
B-Injury,Pedalcyclist,Rain,"Darkness, lighted road",Wet,Traffic Signal,Urbana,2009,0,1,3154,POINT (-88.2195408352587 40.1273696092058),POINT,-88.2195408352587,40.1273696092058
C-Injury,Pedalcyclist,Rain,Darkness,Wet,Stop Sign/Flasher,Urbana,2009,0,1,3155,POINT (-88.2001112433637 40.1018847482944),POINT,-88.2001112433637,40.1018847482944
B-Injury,Pedalcyclist,Clear,Daylight,Dry,Stop Sign/Flasher,Champaign,2009,0,1,3156,POINT (-88.2468687778308 40.1202115310633),POINT,-88.2468687778308,40.1202115310633
C-Injury,Pedalcyclist,Clear,Daylight,Dry,Traffic Signal,Champaign,2009,0,1,3157,POINT (-88.2335492036491 40.1126691988351),POINT,-88.2335492036491,40.1126691988351
C-Injury,Pedalcyclist,Clear,Daylight,Dry,No Controls,Champaign,2009,0,1,3158,POINT (-88.235034639666 40.1126541587057),POINT,-88.235034639666,40.1126541587057
B-Injury,Pedalcyclist,Rain,Darkness,Wet,No Controls,Champaign,2009,0,1,3162,POINT (-88.233487616609 40.1040218505862),POINT,-88.233487616609,40.1040218505862
B-Injury,Pedalcyclist,Clear,"Darkness, lighted road",Dry,No Controls,Champaign,2009,0,1,3163,POINT (-88.2367327789247 40.1102621950123),POINT,-88.2367327789247,40.1102621950123
C-Injury,Pedalcyclist,Clear,Daylight,Dry,Lane Use Marking,Champaign,2009,0,1,3164,POINT (-88.2353988490858 40.1102708484918),POINT,-88.2353988490858,40.1102708484918
B-Injury,Pedalcyclist,Clear,Daylight,Dry,No Controls,Urbana,2015,0,1,3166,POINT (-88.2072499739941 40.1055699651064),POINT,-88.2072499739941,40.1055699651064
B-Injury,Pedalcyclist,Clear,Daylight,Dry,Stop Sign/Flasher,Urbana,2015,0,1,3167,POINT (-88.2193707315639 40.1154999936259),POINT,-88.2193707315639,40.1154999936259
B-Injury,Pedalcyclist,Clear,Daylight,Dry,Traffic Signal,Champaign,2015,0,1,3168,POINT (-88.2289300008879 40.1163999997306),POINT,-88.2289300008879,40.1163999997306
B-Injury,Pedalcyclist,Clear,Daylight,Dry,No Controls,Urbana,2015,0,1,3169,POINT (-88.2252148883495 40.1042136483741),POINT,-88.2252148883495,40.1042136483741
B-Injury,Pedalcyclist,Clear,Daylight,Dry,Traffic Signal,Urbana,2015,0,1,3170,POINT (-88.2193001887649 40.1090899996023),POINT,-88.2193001887649,40.1090899996023
B-Injury,Pedalcyclist,Clear,Daylight,Dry,Stop Sign/Flasher,Urbana,2015,0,1,3171,POINT (-88.1955501823641 40.098380045602),POINT,-88.1955501823641,40.098380045602
C-Injury,Pedalcyclist,Clear,Daylight,Snow or Slush,No Controls,Urbana,2015,0,1,3172,POINT (-88.2191893970843 40.1029077483141),POINT,-88.2191893970843,40.1029077483141
C-Injury,Pedalcyclist,Clear,"Darkness, Lighted Road",Dry,No Controls,Urbana,2015,0,1,3174,POINT (-88.2215090422385 40.1068176708729),POINT,-88.2215090422385,40.1068176708729
B-Injury,Pedalcyclist,Clear,Daylight,Dry,No Controls,Urbana,2015,0,1,3175,POINT (-88.2207322033508 40.1059866961782),POINT,-88.2207322033508,40.1059866961782
B-Injury,Pedalcyclist,Clear,Daylight,Dry,Stop Sign/Flasher,Champaign,2015,0,1,3176,POINT (-88.2304205127321 40.1144299349871),POINT,-88.2304205127321,40.1144299349871
C-Injury,Pedalcyclist,Clear,Daylight,Dry,Stop Sign/Flasher,Urbana,2015,0,1,3178,POINT (-88.2089200016849 40.1115899993905),POINT,-88.2089200016849,40.1115899993905
B-Injury,Pedalcyclist,Rain,Daylight,Wet,Traffic Signal,Urbana,2015,0,1,3179,POINT (-88.2239121105077 40.1105706570567),POINT,-88.2239121105077,40.1105706570567
B-Injury,Pedalcyclist,Clear,Daylight,Dry,No Controls,Urbana,2015,0,1,3180,POINT (-88.2028967355153 40.1108242693232),POINT,-88.2028967355153,40.1108242693232
B-Injury,Pedalcyclist,Clear,Daylight,Dry,Stop Sign/Flasher,Urbana,2015,0,1,3182,POINT (-88.2241700015015 40.1006299999464),POINT,-88.2241700015015,40.1006299999464
B-Injury,Pedalcyclist,Clear,Daylight,Dry,Traffic Signal,Champaign,2015,0,1,3184,POINT (-88.233550014713 40.1126683411381),POINT,-88.233550014713,40.1126683411381
B-Injury,Pedalcyclist,Clear,Daylight,Dry,Traffic Signal,Champaign,2015,0,1,3185,POINT (-88.246809997927 40.1126096599355),POINT,-88.246809997927,40.1126096599355
B-Injury,Pedalcyclist,Cloudy/Overcast,Daylight,Dry,Traffic Signal,Champaign,2015,0,1,3186,POINT (-88.2452108908721 40.1163499942577),POINT,-88.2452108908721,40.1163499942577
B-Injury,Pedalcyclist,Clear,Daylight,Dry,Traffic Signal,Champaign,2015,0,1,3187,POINT (-88.2579800011622 40.1271699999251),POINT,-88.2579800011622,40.1271699999251
B-Injury,Pedalcyclist,Clear,Daylight,Dry,Stop Sign/Flasher,Champaign,2015,0,1,3189,POINT (-88.2532000005823 40.1271899993884),POINT,-88.2532000005823,40.1271899993884
B-Injury,Pedalcyclist,Clear,Darkness,Dry,No Controls,Savoy,2015,0,1,3190,POINT (-88.2525670892199 40.0481498508447),POINT,-88.2525670892199,40.0481498508447
B-Injury,Pedalcyclist,Clear,Daylight,Dry,Traffic Signal,Champaign,2015,0,1,3191,POINT (-88.2414400014603 40.0980498217995),POINT,-88.2414400014603,40.0980498217995
C-Injury,Pedalcyclist,Clear,Daylight,Dry,Stop Sign/Flasher,Champaign,2015,0,1,3192,POINT (-88.2521800011096 40.129652928758),POINT,-88.2521800011096,40.129652928758
B-Injury,Pedalcyclist,Clear,Daylight,Dry,Traffic Signal,Champaign,2015,0,1,3193,POINT (-88.2436783008073 40.1325999996979),POINT,-88.2436783008073,40.1325999996979
C-Injury,Pedalcyclist,Clear,Daylight,Dry,No Controls,Champaign,2015,0,1,3194,POINT (-88.2320733491679 40.1116736519038),POINT,-88.2320733491679,40.1116736519038
C-Injury,Pedalcyclist,Rain,"Darkness, Lighted Road",Wet,No Controls,Champaign,2015,0,1,3195,POINT (-88.257865350391 40.1378328417663),POINT,-88.257865350391,40.1378328417663
B-Injury,Pedalcyclist,Clear,"Darkness, Lighted Road",Dry,Traffic Signal,Champaign,2015,0,1,3196,POINT (-88.24369329452 40.1370202168184),POINT,-88.24369329452,40.1370202168184
B-Injury,Pedalcyclist,Clear,Daylight,Dry,Stop Sign/Flasher,Champaign,2015,0,1,3197,POINT (-88.2388900015543 40.1330296980372),POINT,-88.2388900015543,40.1330296980372
B-Injury,Pedalcyclist,Cloudy/Overcast,Daylight,Dry,Stop Sign/Flasher,Champaign,2015,0,2,3198,POINT (-88.2388406402394 40.1297499939781),POINT,-88.2388406402394,40.1297499939781
PD,Pedalcyclist,Clear,Daylight,Wet,No Controls,Champaign,2015,0,0,3200,POINT (-88.2918510470554 40.0693085220719),POINT,-88.2918510470554,40.0693085220719
C-Injury,Pedalcyclist,Clear,Daylight,Dry,Traffic Signal,Champaign,2015,0,1,3201,POINT (-88.2736910551401 40.1273863918155),POINT,-88.2736910551401,40.1273863918155
C-Injury,Pedalcyclist,Clear,Daylight,Dry,No Controls,Champaign,2015,0,1,3202,POINT (-88.2716895984006 40.1273695509441),POINT,-88.2716895984006,40.1273695509441
C-Injury,Pedalcyclist,Clear,Daylight,Dry,Traffic Signal,Champaign,2015,0,1,3203,POINT (-88.2768100005602 40.1164599996991),POINT,-88.2768100005602,40.1164599996991