crash_severity,collision_type,weather,light,road_surface,traffic_control,city,year,fatality,injury,id,Geometry,point,x,y
C-Injury,Pedalcyclist,Clear,"Darkness, Lighted Road",Dry,Stop Sign/Flasher,Champaign,2015,0,1,3204,POINT (-88.2724507549628 40.1184100096738),POINT,-88.2724507549628,40.1184100096738
C-Injury,Pedalcyclist,Clear,Daylight,Dry,No Controls,Champaign,2015,0,1,3206,POINT (-88.2729948780661 40.139079803337),POINT,-88.2729948780661,40.139079803337
C-Injury,Pedalcyclist,Clear,Daylight,Dry,Stop Sign/Flasher,Champaign,2015,0,1,3207,POINT (-88.2672199186839 40.1102399917627),POINT,-88.2672199186839,40.1102399917627
B-Injury,Pedalcyclist,Clear,Dusk,Dry,No Controls,Champaign,2017,0,1,4230,POINT (-88.2321000013499 40.1162999989035),POINT,-88.2321000013499,40.1162999989035
C-Injury,Pedalcyclist,Clear,Daylight,Dry,Other,Champaign,2017,0,1,4231,POINT (-88.2629676926275 40.1358103235144),POINT,-88.2629676926275,40.1358103235144
B-Injury,Pedalcyclist,Cloudy/Overcast,Daylight,Dry,Stop Sign/Flasher,Urbana,2017,0,1,4270,POINT (-88.2238000011252 40.1090999991498),POINT,-88.2238000011252,40.1090999991498
C-Injury,Pedalcyclist,Clear,Daylight,Dry,Traffic Signal,Urbana,2017,0,1,4282,POINT (-88.2194792848033 40.1200702220384),POINT,-88.2194792848033,40.1200702220384
B-Injury,Pedalcyclist,Clear,Daylight,Dry,No Controls,Champaign,2017,0,1,4284,POINT (-88.2452000012414 40.1271999991707),POINT,-88.2452000012414,40.1271999991707
B-Injury,Pedalcyclist,Clear,Daylight,Dry,Yield,Rantoul,2017,0,1,4287,POINT (-88.1405430014423 40.308252998673),POINT,-88.1405430014423,40.308252998673
B-Injury,Pedalcyclist,Clear,"Darkness, Lighted Road",Dry,Traffic Signal,Champaign,2017,0,1,4306,POINT (-88.2767000013441 40.1127999989358),POINT,-88.2767000013441,40.1127999989358
PD,Pedalcyclist,Clear,Daylight,Dry,Stop Sign/Flasher,Mahomet,2017,0,0,4307,POINT (-88.4077000010377 40.185699999377),POINT,-88.4077000010377,40.185699999377
C-Injury,Pedalcyclist,Clear,Dusk,Dry,Traffic Signal,Champaign,2017,0,1,4315,POINT (-88.257800001037 40.1181999994935),POINT,-88.257800001037,40.1181999994935
B-Injury,Pedalcyclist,Clear,Daylight,Dry,No Controls,Urbana,2017,0,1,4317,POINT (-88.2119000012751 40.100799999538),POINT,-88.2119000012751,40.100799999538
C-Injury,Pedalcyclist,Clear,Daylight,Dry,No Controls,Champaign,2017,0,1,4319,POINT (-88.2457670749325 40.1153400769674),POINT,-88.2457670749325,40.1153400769674
B-Injury,Pedalcyclist,Clear,Daylight,Dry,No Controls,Unincorporated,2017,0,1,4322,POINT (-88.3339000008634 39.9672999994398),POINT,-88.3339000008634,39.9672999994398
B-Injury,Pedalcyclist,Clear,Daylight,Dry,Stop Sign/Flasher,Champaign,2017,0,1,4324,POINT (-88.2678000011462 40.1272999995027),POINT,-88.2678000011462,40.1272999995027
C-Injury,Pedalcyclist,Clear,Daylight,Dry,Traffic Signal,Champaign,2017,0,1,4328,POINT (-88.2452000011047 40.1270999993876),POINT,-88.2452000011047,40.1270999993876
B-Injury,Pedalcyclist,Clear,Daylight,Dry,No Controls,Mahomet,2017,0,1,4330,POINT (-88.3634000013599 40.2306999990429),POINT,-88.3634000013599,40.2306999990429
C-Injury,Pedalcyclist,Clear,Daylight,Dry,Stop Sign/Flasher,Mahomet,2017,0,1,4332,POINT (-88.365200000373 40.1965999987649),POINT,-88.365200000373,40.1965999987649
B-Injury,Pedalcyclist,Clear,Daylight,Dry,Other RR Crossing,Ogden,2017,0,1,4338,POINT (-87.9808000011787 40.1780999992531),POINT,-87.9808000011787,40.1780999992531
B-Injury,Pedalcyclist,Clear,Daylight,Dry,Stop Sign/Flasher,Champaign,2017,0,1,4342,POINT (-88.2542000011444 40.1181999987301),POINT,-88.2542000011444,40.1181999987301
B-Injury,Pedalcyclist,Clear,Daylight,Dry,Lane Use Marking,Champaign,2017,0,1,4343,POINT (-88.2385000012697 40.1162999988817),POINT,-88.2385000012697,40.1162999988817
B-Injury,Pedalcyclist,Clear,Darkness,Dry,No Controls,Unincorporated,2017,0,1,4346,POINT (-88.1627000014216 40.1270999993905),POINT,-88.1627000014216,40.1270999993905
B-Injury,Pedalcyclist,Clear,Daylight,Dry,Stop Sign/Flasher,Urbana,2017,0,1,4357,POINT (-88.2180000007983 40.1324999993489),POINT,-88.2180000007983,40.1324999993489
B-Injury,Pedalcyclist,Clear,Daylight,Dry,No Controls,Urbana,2017,0,1,4366,POINT (-88.2191000012715 40.1035999993958),POINT,-88.2191000012715,40.1035999993958
C-Injury,Pedalcyclist,Clear,Daylight,Dry,Stop Sign/Flasher,Pesotum,2017,0,1,4406,POINT (-88.2734000012463 39.9144999996052),POINT,-88.2734000012463,39.9144999996052
B-Injury,Pedalcyclist,Clear,Daylight,Dry,No Controls,Champaign,2017,0,1,4409,POINT (-88.2371000011291 40.11069999888),POINT,-88.2371000011291,40.11069999888
B-Injury,Pedalcyclist,Clear,Daylight,Dry,No Controls,Champaign,2017,0,1,4413,POINT (-88.2386000003657 40.1079999991515),POINT,-88.2386000003657,40.1079999991515
Fatal,Pedalcyclist,Clear,Daylight,Dry,Lane Use Marking,Champaign,2017,1,0,4414,POINT (-88.2770247632839 40.1318329663588),POINT,-88.2770247632839,40.1318329663588
B-Injury,Pedalcyclist,Clear,"Darkness, Lighted Road",Dry,Traffic Signal,Champaign,2017,0,1,4416,POINT (-88.2469000010192 40.1124999988605),POINT,-88.2469000010192,40.1124999988605
B-Injury,Pedalcyclist,Clear,Daylight,Dry,Traffic Signal,Champaign,2017,0,1,4417,POINT (-88.2579000011834 40.1379999987849),POINT,-88.2579000011834,40.1379999987849
C-Injury,Pedalcyclist,Clear,Daylight,Dry,No Controls,Champaign,2017,0,1,4418,POINT (-88.270700001286 40.127299998792),POINT,-88.270700001286,40.127299998792
C-Injury,Pedalcyclist,Clear,Daylight,Dry,Stop Sign/Flasher,Tolono,2017,0,1,4420,POINT (-88.2616000007117 39.9899999994632),POINT,-88.2616000007117,39.9899999994632
C-Injury,Pedalcyclist,Cloudy/Overcast,Dusk,Dry,Lane Use Marking,Savoy,2017,0,1,4422,POINT (-88.2443000014885 40.0544999990631),POINT,-88.2443000014885,40.0544999990631
B-Injury,Pedalcyclist,Clear,Daylight,Dry,Traffic Signal,Champaign,2017,0,1,4425,POINT (-88.2579000011834 40.1379999987849),POINT,-88.2579000011834,40.1379999987849
B-Injury,Pedalcyclist,Clear,Daylight,Dry,Stop Sign/Flasher,Champaign,2017,0,1,4426,POINT (-88.2652000013655 40.127199999402),POINT,-88.2652000013655,40.127199999402
C-Injury,Pedalcyclist,Clear,Daylight,Dry,Traffic Signal,Champaign,2017,0,1,4427,POINT (-88.2771000003939 40.1360999995049),POINT,-88.2771000003939,40.1360999995049
C-Injury,Pedalcyclist,Cloudy/Overcast,Daylight,Dry,No Controls,Champaign,2017,0,1,4428,POINT (-88.2321000013499 40.1162999989035),POINT,-88.2321000013499,40.1162999989035
C-Injury,Pedalcyclist,Clear,Daylight,Dry,No Controls,Champaign,2017,0,1,4430,POINT (-88.2369000008046 40.1052999989997),POINT,-88.2369000008046,40.1052999989997
C-Injury,Pedalcyclist,Clear,Daylight,Dry,No Controls,Champaign,2017,0,1,4435,POINT (-88.2452180230997 40.1171353123001),POINT,-88.2452180230997,40.1171353123001
B-Injury,Pedalcyclist,Clear,Daylight,Dry,No Controls,Champaign,2017,0,1,4436,POINT (-88.2299077988171 40.1054531482975),POINT,-88.2299077988171,40.1054531482975
C-Injury,Pedalcyclist,Clear,Daylight,Dry,Stop Sign/Flasher,Urbana,2017,0,1,4437,POINT (-88.2214000004674 40.1058999990914),POINT,-88.2214000004674,40.1058999990914
B-Injury,Pedalcyclist,Clear,Daylight,Dry,No Controls,Champaign,2017,0,1,4441,POINT (-88.2414771220259 40.0998459465218),POINT,-88.2414771220259,40.0998459465218
B-Injury,Pedalcyclist,Rain,Darkness,Wet,Stop Sign/Flasher,Champaign,2017,0,1,4442,POINT (-88.2385299496538 40.0945286741132),POINT,-88.2385299496538,40.0945286741132
B-Injury,Pedalcyclist,Clear,Daylight,Dry,No Controls,Champaign,2011,0,1,2757,POINT (-88.2724851646816 40.1201713224778),POINT,-88.2724851646816,40.1201713224778
B-Injury,Pedalcyclist,Clear,Daylight,Dry,Unknown,Urbana,2007,0,1,2991,POINT (-88.2158099179254 40.1141211860494),POINT,-88.2158099179254,40.1141211860494
B-Injury,Pedalcyclist,Clear,Daylight,Dry,No Controls,Fisher,2008,0,1,3067,POINT (-88.3467987348582 40.3228373637862),POINT,-88.3467987348582,40.3228373637862
B-Injury,Pedalcyclist,Clear,Daylight,Dry,Traffic Signal,Champaign,2013,0,1,2616,POINT (-88.2436799727255 40.1326005692279),POINT,-88.2436799727255,40.1326005692279
Fatal,Pedalcyclist,Clear,Darkness,Dry,No Controls,Unincorporated,2005,1,1,2858,POINT (-88.1826239323491 40.2220267412715),POINT,-88.1826239323491,40.2220267412715
B-Injury,Pedalcyclist,Clear,Darkness,Dry,Traffic Signal,Champaign,2006,0,1,2955,POINT (-88.2468471003272 40.1163430845293),POINT,-88.2468471003272,40.1163430845293
B-Injury,Pedalcyclist,Rain,Darkness,Wet,No Controls,Urbana,2009,0,1,3105,POINT (-88.2193009113786 40.109090166393),POINT,-88.2193009113786,40.109090166393
C-Injury,Pedalcyclist,Clear,"Darkness, Lighted Road",Dry,Traffic Signal,Unincorporated,2015,0,1,3205,POINT (-88.3145268231587 40.1132450885206),POINT,-88.3145268231587,40.1132450885206
Fatal,Pedalcyclist,Clear,Darkness,Dry,No Controls,Unincorporated,2005,1,1,3287,POINT (-88.1826239323491 40.2220267412715),POINT,-88.1826239323491,40.2220267412715
Fatal,Pedalcyclist,Clear,Daylight,Dry,Lane Use Marking,Unincorporated,2006,1,0,3299,POINT (-88.1620729026061 40.0798615792923),POINT,-88.1620729026061,40.0798615792923
Fatal,Pedalcyclist,Clear,Darkness,Dry,Lane Use Marking,Urbana,2009,1,0,3351,POINT (-88.2210743189357 40.1105456634408),POINT,-88.2210743189357,40.1105456634408
Fatal,Pedalcyclist,Clear,Daylight,Dry,No Controls,Unincorporated,2011,1,1,3377,POINT (-88.3698391356001 40.1477644951671),POINT,-88.3698391356001,40.1477644951671
Fatal,Pedalcyclist,Clear,Darkness,Dry,Stop Sign/Flasher,Champaign,2011,1,0,3381,POINT (-88.2389207435103 40.1352585336411),POINT,-88.2389207435103,40.1352585336411
Fatal,Pedalcyclist,Clear,"Darkness, lighted road",Dry,No Controls,Champaign,2012,1,0,3398,POINT (-88.2828291545506 40.1128159897989),POINT,-88.2828291545506,40.1128159897989
B-Injury,Pedalcyclist,Clear,Daylight,Dry,Unknown,Champaign,2007,0,1,2984,POINT (-88.2387083485979 40.1102309748258),POINT,-88.2387083485979,40.1102309748258
B-Injury,Pedalcyclist,Clear,Daylight,Dry,Stop Sign/Flasher,Champaign,2010,0,1,2832,POINT (-88.2375703811274 40.1040897189691),POINT,-88.2375703811274,40.1040897189691
C-Injury,Pedalcyclist,Clear,Daylight,Dry,No Controls,Mahomet,2009,0,1,3114,POINT (-88.3891365739632 40.1925759639537),POINT,-88.3891365739632,40.1925759639537
B-Injury,Pedalcyclist,Clear,Daylight,Dry,Stop Sign/Flasher,Urbana,2015,0,1,3165,POINT (-88.2088686406063 40.1092203389082),POINT,-88.2088686406063,40.1092203389082
B-Injury,Pedalcyclist,Clear,Dusk,Dry,Stop Sign/Flasher,Urbana,2011,0,1,2751,POINT (-88.2193607883053 40.1145093416236),POINT,-88.2193607883053,40.1145093416236
C-Injury,Pedalcyclist,Rain,Daylight,Dry,Yield,Champaign,2005,0,1,2873,POINT (-88.2451986294542 40.1221300210182),POINT,-88.2451986294542,40.1221300210182
Fatal,Pedestrian,Cloudy/Overcast,"Darkness, Lighted Road",Dry,Traffic Signal,Urbana,2016,1,0,3983,POINT (-88.2073256276964 40.1163970594705),POINT,-88.2073256276964,40.1163970594705
Fatal,Turning,Clear,Daylight,Dry,Traffic Signal,Champaign,2016,1,1,4005,POINT (-88.2388200020428 40.1272299976793),POINT,-88.2388200020428,40.1272299976793
Fatal,Rear End,Clear,Daylight,Dry,Lane Use Marking,Urbana,2016,1,1,4037,POINT (-88.1631866185844 40.1202474189004),POINT,-88.1631866185844,40.1202474189004
Fatal,Fixed Object,Cloudy/Overcast,Darkness,Dry,Lane Use Marking,Unincorporated,2016,1,0,4043,POINT (-87.985074909203 40.0760051902479),POINT,-87.985074909203,40.0760051902479
Fatal,Fixed Object,Clear,Darkness,Dry,Lane Use Marking,Unincorporated,2016,1,0,4044,POINT (-87.9575887948365 39.9705920241908),POINT,-87.9575887948365,39.9705920241908
Fatal,Pedestrian,Clear,"Darkness, Lighted Road",Dry,Lane Use Marking,St Joseph,2016,1,0,4055,POINT (-88.0404600025063 40.1131599979591),POINT,-88.0404600025063,40.1131599979591
Fatal,Overturned,Clear,Daylight,Dry,Lane Use Marking,Unincorporated,2016,1,1,4059,POINT (-87.9752691592768 40.1197406652534),POINT,-87.9752691592768,40.1197406652534
Fatal,Rear End,Clear,Darkness,Dry,Lane Use Marking,St Joseph,2016,1,1,4061,POINT (-88.0189810260455 40.1200899573769),POINT,-88.0189810260455,40.1200899573769
Fatal,Fixed Object,Clear,Darkness,Dry,No Controls,Unincorporated,2016,1,2,4062,POINT (-88.1777992751756 39.981771477543),POINT,-88.1777992751756,39.981771477543
Fatal,Overturned,Clear,"Darkness, Lighted Road",Dry,Lane Use Marking,Mahomet,2016,1,0,4072,POINT (-88.3942594946906 40.2068943969808),POINT,-88.3942594946906,40.2068943969808
Fatal,Pedestrian,Rain,Daylight,Wet,Lane Use Marking,Mahomet,2016,1,0,4077,POINT (-88.3959800014458 40.1905199979813),POINT,-88.3959800014458,40.1905199979813
Fatal,Fixed Object,Clear,Darkness,Dry,Other,Unincorporated,2016,1,0,4094,POINT (-87.9553245852797 40.2253381312605),POINT,-87.9553245852797,40.2253381312605
Fatal,Overturned,Clear,Daylight,Dry,Lane Use Marking,Unincorporated,2016,1,0,4115,POINT (-88.3090463713513 40.1675592728565),POINT,-88.3090463713513,40.1675592728565
Fatal,Angle,Clear,Dawn,Dry,No Controls,Unincorporated,2016,1,1,4124,POINT (-88.4066900021481 40.0111199978943),POINT,-88.4066900021481,40.0111199978943
Fatal,Angle,Clear,Daylight,Dry,No Controls,Unincorporated,2016,1,2,4131,POINT (-88.3319302592149 40.0110899980318),POINT,-88.3319302592149,40.0110899980318
Fatal,Angle,Clear,Daylight,Dry,Stop Sign/Flasher,Unincorporated,2016,1,3,4132,POINT (-88.3696707983077 40.1276199973367),POINT,-88.3696707983077,40.1276199973367
Fatal,Pedestrian,Clear,"Darkness, Lighted Road",Dry,Lane Use Marking,Champaign,2016,1,0,4145,POINT (-88.2603228562209 40.1272000389334),POINT,-88.2603228562209,40.1272000389334
Fatal,Angle,Clear,Daylight,Dry,Stop Sign/Flasher,Champaign,2016,1,0,4173,POINT (-88.2468305465304 40.1144199944908),POINT,-88.2468305465304,40.1144199944908
Fatal,Rear End,Fog/Smoke/Haze,Darkness,Wet,Lane Use Marking,Unincorporated,2016,1,1,4186,POINT (-88.2670699786282 40.1606555140601),POINT,-88.2670699786282,40.1606555140601
Fatal,Head On,Clear,Darkness,Dry,Lane Use Marking,Unincorporated,2016,2,0,4190,POINT (-88.2659514124905 39.9627011816725),POINT,-88.2659514124905,39.9627011816725
Fatal,Angle,Clear,Dusk,Dry,Stop Sign/Flasher,Champaign,2016,1,1,4197,POINT (-88.2501607910205 40.1271899973131),POINT,-88.2501607910205,40.1271899973131
Fatal,Head On,Clear,"Darkness, Lighted Road",Dry,Lane Use Marking,Urbana,2017,1,1,4218,POINT (-88.2230085268287 40.1350883375178),POINT,-88.2230085268287,40.1350883375178
Fatal,Rear End,Cloudy/Overcast,Dusk,Ice,Lane Use Marking,Rantoul,2017,1,1,4219,POINT (-88.1841448979837 40.3083258497697),POINT,-88.1841448979837,40.3083258497697
Fatal,Other Object,Clear,"Darkness, Lighted Road",Dry,Traffic Signal,Urbana,2017,1,0,4220,POINT (-88.2090200022449 40.1165099978658),POINT,-88.2090200022449,40.1165099978658
Fatal,Overturned,Clear,Daylight,Dry,No Controls,Unincorporated,2017,1,1,4263,POINT (-88.2378125985048 40.3407579259902),POINT,-88.2378125985048,40.3407579259902
Fatal,Fixed Object,Clear,Daylight,Dry,Lane Use Marking,Unincorporated,2017,1,1,4269,POINT (-87.9390345188581 39.9086632401872),POINT,-87.9390345188581,39.9086632401872
Fatal,Rear End,Clear,Daylight,Dry,Lane Use Marking,Champaign,2017,1,2,4281,POINT (-88.2849035942587 40.1454131984637),POINT,-88.2849035942587,40.1454131984637
Fatal,Fixed Object,Clear,Darkness,Dry,Lane Use Marking,Broadlands,2017,1,0,4356,POINT (-88.0027593240457 39.9082499988168),POINT,-88.0027593240457,39.9082499988168
Fatal,Fixed Object,Clear,Darkness,Dry,Lane Use Marking,Unincorporated,2017,1,0,4365,POINT (-88.2257789513649 40.0105625857487),POINT,-88.2257789513649,40.0105625857487
Fatal,Head On,Snow,Dusk,Ice,Lane Use Marking,Unincorporated,2017,1,3,4375,POINT (-88.3036878212881 39.9756712548118),POINT,-88.3036878212881,39.9756712548118
Fatal,Fixed Object,Clear,Daylight,Dry,Lane Use Marking,Unincorporated,2017,1,1,4393,POINT (-88.3330237845423 40.1204000067144),POINT,-88.3330237845423,40.1204000067144
Fatal,Fixed Object,Clear,Daylight,Dry,Lane Use Marking,Unincorporated,2017,2,1,4396,POINT (-88.1610776842222 39.9416493895405),POINT,-88.1610776842222,39.9416493895405
Fatal,Pedestrian,Clear,"Darkness, Lighted Road",Dry,Lane Use Marking,Champaign,2017,1,0,4431,POINT (-88.2603936658455 40.127201050911),POINT,-88.2603936658455,40.127201050911
Fatal,Fixed object,Clear,Dusk,Dry,Other warning sign,Unincorporated,2003,1,0,3209,POINT (-87.9567541231314 39.9085415813712),POINT,-87.9567541231314,39.9085415813712
Fatal,Pedestrian,Clear,"Darkness, lighted road",Dry,Traffic signal,Champaign,2003,1,0,3210,POINT (-88.2446384669096 40.0980915312516),POINT,-88.2446384669096,40.0980915312516
Fatal,Angle,Snow,Darkness,Snow or slush,No Controls,Unincorporated,2003,1,2,3211,POINT (-87.958508078575 40.0798187773275),POINT,-87.958508078575,40.0798187773275
Fatal,Angle,Severe cross wind,Daylight,Snow or slush,Lane Use Marking,Unincorporated,2003,1,1,3212,POINT (-88.1611787393342 39.9515071205069),POINT,-88.1611787393342,39.9515071205069
Fatal,Pedestrian,Clear,Darkness,Dry,No Controls,Unincorporated,2003,1,1,3213,POINT (-88.1843627639032 40.1528232072532),POINT,-88.1843627639032,40.1528232072532
Fatal,Head on,Clear,Daylight,Dry,Lane Use Marking,St. Joseph,2003,1,3,3214,POINT (-88.0246888909703 40.1202181038844),POINT,-88.0246888909703,40.1202181038844
Fatal,Overturned,Clear,Daylight,Dry,Lane Use Marking,Unincorporated,2003,1,2,3215,POINT (-88.2979909676911 39.9193674528747),POINT,-88.2979909676911,39.9193674528747
Fatal,Head on,Clear,Dawn,Dry,Lane Use Marking,Unincorporated,2003,1,1,3216,POINT (-88.0281470761307 40.3127851493218),POINT,-88.0281470761307,40.3127851493218
Fatal,Pedestrian,Clear,Darkness,Dry,No Controls,Champaign,2003,1,0,3217,POINT (-88.2885369174994 40.1129521835239),POINT,-88.2885369174994,40.1129521835239
Fatal,Rear end,Clear,Darkness,Dry,Lane Use Marking,Mahomet,2003,1,0,3218,POINT (-88.367547450232 40.1880463690074),POINT,-88.367547450232,40.1880463690074
Fatal,Head on,Clear,Daylight,Dry,Other warning sign,Unincorporated,2003,1,1,3219,POINT (-88.0104332293484 40.1115288772904),POINT,-88.0104332293484,40.1115288772904
Fatal,Fixed object,Unknown,Darkness,Unknown,No Controls,Unincorporated,2003,1,0,3220,POINT (-87.9582800607411 40.0605654749689),POINT,-87.9582800607411,40.0605654749689
Fatal,Angle,Clear,Daylight,Dry,Stop sign / flasher,Unincorporated,2003,2,2,3221,POINT (-88.288965715176 40.3112248396648),POINT,-88.288965715176,40.3112248396648
Fatal,Fixed object,Clear,"Darkness, lighted road",Dry,Lane Use Marking,Champaign,2002,1,0,3222,POINT (-88.260127676361 40.1352609984782),POINT,-88.260127676361,40.1352609984782
Fatal,Angle,Clear,Daylight,Dry,Stop sign / flasher,Urbana,2002,1,3,3223,POINT (-88.1621494561884 40.0839948488388),POINT,-88.1621494561884,40.0839948488388
Fatal,Rear end,Rain,Daylight,Wet,No Controls,Champaign,2002,1,2,3224,POINT (-88.2718667765039 40.1379165020626),POINT,-88.2718667765039,40.1379165020626
Fatal,Angle,Clear,Daylight,Dry,Stop sign / flasher,Unincorporated,2002,1,1,3225,POINT (-88.3332847957248 40.1133087720451),POINT,-88.3332847957248,40.1133087720451
Fatal,Fixed object,Clear,Daylight,Dry,No Controls,Unincorporated,2002,1,2,3226,POINT (-88.3036425777428 39.9893330498423),POINT,-88.3036425777428,39.9893330498423
Fatal,Angle,Clear,Daylight,Snow or slush,Lane Use Marking,Unincorporated,2002,1,0,3227,POINT (-88.1355034700915 40.3655665983302),POINT,-88.1355034700915,40.3655665983302
Fatal,Angle,Other,Daylight,Snow or slush,Lane Use Marking,Unincorporated,2002,1,2,3228,POINT (-88.1614362073395 40.014622747992),POINT,-88.1614362073395,40.014622747992
Fatal,Angle,Clear,Daylight,Dry,Lane Use Marking,Unincorporated,2002,1,1,3229,POINT (-88.3332847957248 40.1133087720451),POINT,-88.3332847957248,40.1133087720451
Fatal,Angle,Fog / smoke / haze,Darkness,Dry,Stop sign / flasher,Unincorporated,2002,1,4,3230,POINT (-87.9483173778569 40.3132710971307),POINT,-87.9483173778569,40.3132710971307
Fatal,Turning,Clear,Daylight,Dry,Traffic signal,Champaign,2002,1,0,3231,POINT (-88.2860458398548 40.1129354097116),POINT,-88.2860458398548,40.1129354097116
Fatal,Angle,Clear,Darkness,Dry,Stop sign / flasher,Unincorporated,2002,1,2,3232,POINT (-88.048052519096 40.1862384115146),POINT,-88.048052519096,40.1862384115146
Fatal,Pedestrian,Clear,Darkness,Dry,Lane Use Marking,Unincorporated,2001,1,0,3233,POINT (-88.1009506161777 40.3123608627256),POINT,-88.1009506161777,40.3123608627256
Fatal,Head on,Clear,Daylight,Dry,Lane Use Marking,Unincorporated,2001,1,1,3234,POINT (-88.2928479781373 39.8800977687605),POINT,-88.2928479781373,39.8800977687605
Fatal,Turning,Rain,"Darkness, lighted road",Wet,Traffic signal,Rantoul,2001,1,0,3235,POINT (-88.1997377235443 40.311508996801),POINT,-88.1997377235443,40.311508996801
Fatal,Overturned,Snow,Darkness,Wet,No Controls,Unincorporated,2001,1,0,3236,POINT (-88.1819670176422 40.170976829818),POINT,-88.1819670176422,40.170976829818
Fatal,Fixed object,Clear,"Darkness, lighted road",Dry,Traffic signal,Champaign,2001,1,1,3237,POINT (-88.246877418792 40.0835447688794),POINT,-88.246877418792,40.0835447688794
Fatal,Angle,Clear,Daylight,Dry,Stop sign / flasher,Unincorporated,2001,4,3,3238,POINT (-87.9483173778569 40.3132710971307),POINT,-87.9483173778569,40.3132710971307
Fatal,Head on,Clear,Daylight,Dry,No Controls,Unincorporated,2001,1,1,3239,POINT (-88.2681235016118 39.948728984967),POINT,-88.2681235016118,39.948728984967
Fatal,Head on,Rain,Darkness,Snow or slush,No passing,Unincorporated,2001,1,5,3240,POINT (-88.3850424515154 40.2802339538957),POINT,-88.3850424515154,40.2802339538957
Fatal,Overturned,Clear,Darkness,Dry,Lane Use Marking,Unincorporated,2001,1,0,3241,POINT (-88.3863245109616 40.2792056421754),POINT,-88.3863245109616,40.2792056421754
Fatal,Angle,Clear,Darkness,Dry,Stop sign / flasher,Champaign,2001,1,0,3242,POINT (-88.3145129624667 40.1132597945671),POINT,-88.3145129624667,40.1132597945671
Fatal,Head on,Snow,Dawn,Snow or slush,Lane Use Marking,Unincorporated,2001,1,1,3243,POINT (-88.1023501980961 40.1206925402557),POINT,-88.1023501980961,40.1206925402557
Fatal,Rear end,Clear,Daylight,Dry,Lane Use Marking,Champaign,2001,1,0,3244,POINT (-88.2997233510387 40.1322360383039),POINT,-88.2997233510387,40.1322360383039
Fatal,Rear end,Clear,Daylight,Dry,Lane Use Marking,St. Joseph,2001,1,1,3245,POINT (-88.0506851617886 40.1204221131337),POINT,-88.0506851617886,40.1204221131337
Fatal,Fixed object,Clear,Daylight,Dry,No Controls,Unincorporated,2001,1,1,3246,POINT (-88.1837997445982 40.2934978497844),POINT,-88.1837997445982,40.2934978497844
Fatal,Rear end,Clear,Daylight,Dry,No Controls,St. Joseph,2001,1,7,3247,POINT (-88.046964116245 40.1203929711553),POINT,-88.046964116245,40.1203929711553
Fatal,Fixed object,Clear,"Darkness, lighted road",Dry,Lane Use Marking,Champaign,2001,1,0,3248,POINT (-88.2772631125603 40.140903354082),POINT,-88.2772631125603,40.140903354082
Fatal,Head on,Clear,Daylight,Dry,Lane Use Marking,Unincorporated,2001,2,1,3249,POINT (-88.2130396707403 40.2131511370123),POINT,-88.2130396707403,40.2131511370123
Fatal,Rear end,Clear,"Darkness, lighted road",Dry,Lane Use Marking,Champaign,2000,1,3,3250,POINT (-88.2406955356535 40.1348235096931),POINT,-88.2406955356535,40.1348235096931
Fatal,Fixed object,Snow,Daylight,Ice,No Controls,Unincorporated,2000,1,0,3251,POINT (-88.2358207968833 40.1906269611078),POINT,-88.2358207968833,40.1906269611078
Fatal,Head on,Clear,Daylight,Dry,No Controls,Unincorporated,2000,1,1,3252,POINT (-88.3939561925929 40.2452170864314),POINT,-88.3939561925929,40.2452170864314
Fatal,Angle,Clear,Darkness,Dry,Lane Use Marking,Unincorporated,2000,1,7,3253,POINT (-88.303488221999 40.0353141056609),POINT,-88.303488221999,40.0353141056609
Fatal,Angle,Clear,Daylight,Dry,Stop sign / flasher,Unincorporated,2000,1,2,3254,POINT (-88.4265190137861 40.1106163446657),POINT,-88.4265190137861,40.1106163446657
Fatal,Overturned,Rain,Darkness,Wet,No Controls,Unincorporated,2000,1,0,3255,POINT (-88.303322441748 39.9574585225382),POINT,-88.303322441748,39.9574585225382
Fatal,Fixed object,Clear,Darkness,Dry,No Controls,Unincorporated,2000,1,0,3256,POINT (-87.9945990452404 40.1199639648495),POINT,-87.9945990452404,40.1199639648495
Fatal,Fixed object,Clear,Daylight,Dry,No Controls,Unincorporated,2000,2,2,3257,POINT (-88.3035002968761 39.9748446594084),POINT,-88.3035002968761,39.9748446594084
Fatal,Turning,Clear,Daylight,Dry,Traffic signal,Champaign,2000,1,0,3258,POINT (-88.2434791400742 40.1101911947013),POINT,-88.2434791400742,40.1101911947013
Fatal,Fixed object,Clear,Daylight,Snow or slush,No Controls,St. Joseph,1999,1,1,3259,POINT (-88.0613458618196 40.113374695899),POINT,-88.0613458618196,40.113374695899
Fatal,Overturned,Clear,Daylight,Dry,No Controls,Champaign,1999,2,3,3260,POINT (-88.285293564362 40.1448668264268),POINT,-88.285293564362,40.1448668264268
Fatal,Angle,Clear,Darkness,Ice,Lane Use Marking,Champaign,1999,1,0,3261,POINT (-88.2708052904112 40.1575636451472),POINT,-88.2708052904112,40.1575636451472
Fatal,Angle,Unknown,Darkness,Dry,Stop sign / flasher,Unincorporated,1999,1,5,3262,POINT (-88.288965715176 40.3112248396648),POINT,-88.288965715176,40.3112248396648
Fatal,Overturned,Clear,"Darkness, lighted road",Dry,No Controls,Champaign,1999,1,0,3264,POINT (-88.2768090878502 40.1392671663138),POINT,-88.2768090878502,40.1392671663138
Fatal,Turning,Clear,Daylight,Dry,Stop sign / flasher,Unincorporated,1999,1,3,3265,POINT (-88.3065265325992 40.0254024320214),POINT,-88.3065265325992,40.0254024320214