crash_severity,collision_type,weather,light,road_surface,traffic_control,city,year,fatality,injury,id,Geometry,point,x,y
Fatal,Fixed object,Snow,Daylight,Snow or Slush,Lane Use Marking,Unincorporated,2014,1,2,3428,POINT (-88.0810055449431 40.120578524359),POINT,-88.0810055449431,40.120578524359
Fatal,Head on,Clear,Daylight,Dry,Lane Use Marking,Unincorporated,2014,3,2,3429,POINT (-87.9585200007596 40.0762199988664),POINT,-87.9585200007596,40.0762199988664
Fatal,Rear end,Clear,Darkness,Dry,Lane Use Marking,St Joseph,2014,1,2,3430,POINT (-88.0438866499282 40.1202721146151),POINT,-88.0438866499282,40.1202721146151
Fatal,Angle,Clear,Daylight,Dry,No Controls,Unincorporated,2015,2,2,3431,POINT (-88.425579537217 39.9513397823882),POINT,-88.425579537217,39.9513397823882
Fatal,Angle,Clear,Daylight,Dry,Stop Sign/Flasher,Unincorporated,2015,1,1,3432,POINT (-88.2378615812193 40.0104703700231),POINT,-88.2378615812193,40.0104703700231
Fatal,Fixed Object,Rain,Darkness,Wet,Lane Use Marking,Unincorporated,2015,1,8,3433,POINT (-88.3035969114629 39.9971274010249),POINT,-88.3035969114629,39.9971274010249
Fatal,Pedestrian,Clear,Daylight,Dry,Stop Sign/Flasher,Urbana,2015,1,0,3434,POINT (-88.209629129054 40.1055793070674),POINT,-88.209629129054,40.1055793070674
Fatal,Fixed Object,Severe Cross Wind,Daylight,Ice,No Controls,Unincorporated,2015,1,0,3435,POINT (-88.2102605562277 40.06911674587),POINT,-88.2102605562277,40.06911674587
Fatal,Pedestrian,Clear,Darkness,Dry,Lane Use Marking,Urbana,2015,1,0,3436,POINT (-88.1914035061912 40.140752684443),POINT,-88.1914035061912,40.140752684443
Fatal,Train,Clear,"Darkness, Lighted Road",Dry,RR Crossing Gate,Champaign,2015,1,0,3437,POINT (-88.2360378449574 40.1272699157515),POINT,-88.2360378449574,40.1272699157515
Fatal,Pedestrian,Clear,"Darkness, Lighted Road",Dry,Lane Use Marking,Champaign,2015,1,0,3438,POINT (-88.2421672760822 40.1272092263622),POINT,-88.2421672760822,40.1272092263622
Fatal,Turning,Clear,Daylight,Dry,Traffic Signal,Champaign,2015,1,0,3439,POINT (-88.2436878297308 40.1370194801962),POINT,-88.2436878297308,40.1370194801962
Fatal,Fixed Object,Clear,Daylight,Dry,No Controls,Champaign,2015,1,2,3440,POINT (-88.2713010236913 40.1304408878225),POINT,-88.2713010236913,40.1304408878225
Fatal,Sideswipe Same Direction,Clear,Daylight,Dry,Lane Use Marking,Unincorporated,2015,1,3,3441,POINT (-88.1408637007907 40.3762433551037),POINT,-88.1408637007907,40.3762433551037
Fatal,Head On,Clear,Darkness,Dry,Lane Use Marking,Unincorporated,2015,1,2,3442,POINT (-88.3848318601828 40.3294109118126),POINT,-88.3848318601828,40.3294109118126
Fatal,Overturned,Clear,Daylight,Dry,Lane Use Marking,Unincorporated,2015,1,3,3443,POINT (-88.1836368855511 40.2935542643362),POINT,-88.1836368855511,40.2935542643362
Fatal,Fixed Object,Clear,Darkness,Dry,Lane Use Marking,Unincorporated,2015,1,1,3444,POINT (-87.9489211616135 40.2914549890836),POINT,-87.9489211616135,40.2914549890836
Fatal,Pedestrian,Fog/Smoke/Haze,"Darkness, lighted road",Wet,Other,Champaign,2010,1,0,3449,POINT (-88.250842915163 40.0981083157634),POINT,-88.250842915163,40.0981083157634
Fatal,Pedestrian,Clear,Dusk,Dry,No Controls,Urbana,2010,1,0,3461,POINT (-88.2094619046982 40.1124233766336),POINT,-88.2094619046982,40.1124233766336
Fatal,Pedestrian,Clear,"Darkness, lighted road",Dry,Lane Use Marking,Champaign,2010,1,0,3465,POINT (-88.2724932444136 40.112801800305),POINT,-88.2724932444136,40.112801800305
Fatal,Pedestrian,Clear,Darkness,Ice,No Controls,Champaign,2011,1,0,3521,POINT (-88.2952108503235 40.0927475956363),POINT,-88.2952108503235,40.0927475956363
Fatal,Pedestrian,Rain,Darkness,Wet,Traffic Signal,Urbana,2011,1,0,3522,POINT (-88.2128199747718 40.116488673335),POINT,-88.2128199747718,40.116488673335
Fatal,Pedestrian,Rain,"Darkness, lighted road",Wet,Traffic Signal,Rantoul,2011,1,0,3529,POINT (-88.155799676328 40.3081906655675),POINT,-88.155799676328,40.3081906655675
Fatal,Pedestrian,Clear,"Darkness, lighted road",Dry,Lane Use Marking,Urbana,2012,1,0,3541,POINT (-88.2095405767871 40.1165100007473),POINT,-88.2095405767871,40.1165100007473
Fatal,Pedestrian,Clear,Daylight,Dry,Lane Use Marking,Champaign,2005,1,0,3675,POINT (-88.2469286585144 40.1347510603195),POINT,-88.2469286585144,40.1347510603195
Fatal,Pedestrian,Clear,Daylight,Dry,Stop Sign/Flasher,Champaign,2005,1,0,3685,POINT (-88.2303310649335 40.106869885038),POINT,-88.2303310649335,40.106869885038
Fatal,Pedestrian,Clear,Daylight,Dry,No Controls,Champaign,2005,1,0,3715,POINT (-88.2734324870798 40.1050861082534),POINT,-88.2734324870798,40.1050861082534
Fatal,Pedestrian,Clear,"Darkness, lighted road",Dry,Unknown,Urbana,2007,1,0,3727,POINT (-88.2119563271168 40.0982689784893),POINT,-88.2119563271168,40.0982689784893
Fatal,Pedestrian,Clear,Daylight,Dry,Unknown,Champaign,2007,1,0,3743,POINT (-88.2468881776609 40.1254795268361),POINT,-88.2468881776609,40.1254795268361
Fatal,Pedestrian,Clear,Darkness,Dry,No Controls,Unincorporated,2008,1,0,3784,POINT (-88.1623897304649 40.0958474994821),POINT,-88.1623897304649,40.0958474994821
Fatal,Pedestrian,Clear,Daylight,Dry,Traffic Signal,Urbana,2009,1,0,3814,POINT (-88.2144300051288 40.116460255706),POINT,-88.2144300051288,40.116460255706
Fatal,Pedestrian,Clear,Darkness,Dry,No Controls,Unincorporated,2009,1,0,3827,POINT (-88.365320145246 40.1980559161844),POINT,-88.365320145246,40.1980559161844
Fatal,Pedestrian,Clear,"Darkness, lighted road",Dry,Lane Use Marking,Urbana,2009,1,0,3845,POINT (-88.2238760648363 40.1350574396831),POINT,-88.2238760648363,40.1350574396831
Fatal,Pedestrian,Clear,Daylight,Dry,Stop Sign/Flasher,Mahomet,2006,1,0,3859,POINT (-88.4103563600608 40.2002228372178),POINT,-88.4103563600608,40.2002228372178
Fatal,Pedestrian,Clear,"Darkness, Lighted Road",Dry,Lane Use Marking,Champaign,2015,1,0,3927,POINT (-88.2421672760822 40.1272092263622),POINT,-88.2421672760822,40.1272092263622
Fatal,Turning,Clear,Daylight,Dry,No Controls,Champaign,2008,1,0,3334,POINT (-88.273370468222 40.1487267701078),POINT,-88.273370468222,40.1487267701078
Fatal,Pedestrian,Clear,Darkness,Dry,No Controls,Urbana,2006,1,0,3895,POINT (-88.1844244035989 40.1420286026266),POINT,-88.1844244035989,40.1420286026266
Fatal,Angle,Clear,Daylight,Dry,Stop sign / flasher,Unincorporated,1999,2,5,3263,GEOMETRYCOLLECTION EMPTY,GEOMETRYCOLLECTION,EMPTY,
Fatal,Overturned,Clear,Daylight,Dry,No Controls,Unincorporated,2010,1,1,3370,POINT (-88.2771335519316 40.1643746307371),POINT,-88.2771335519316,40.1643746307371
Fatal,Pedestrian,Clear,Daylight,Dry,Unknown,Champaign,2007,1,0,3762,POINT (-88.2681800363888 40.1273093621829),POINT,-88.2681800363888,40.1273093621829
Fatal,Pedestrian,Clear,Daylight,Dry,Stop Sign/Flasher,Urbana,2015,1,0,3906,POINT (-88.209629129054 40.1055793070674),POINT,-88.209629129054,40.1055793070674
Fatal,Pedestrian,Clear,Darkness,Dry,Lane Use Marking,Urbana,2015,1,0,3911,POINT (-88.1914035061912 40.140752684443),POINT,-88.1914035061912,40.140752684443
Fatal,Fixed object,Clear,Daylight,Dry,No Controls,Urbana,2007,1,0,3322,POINT (-88.1952656723602 40.1359205193735),POINT,-88.1952656723602,40.1359205193735
C-Injury,Pedestrian,Clear,Daylight,Dry,Stop Sign/Flasher,Champaign,2016,0,1,3957,POINT (-88.2517400030258 40.1182694788182),POINT,-88.2517400030258,40.1182694788182
B-Injury,Pedestrian,Clear,Darkness,Dry,Lane Use Marking,Urbana,2016,0,1,3964,POINT (-88.1988430728403 40.1163299987301),POINT,-88.1988430728403,40.1163299987301
B-Injury,Pedestrian,Rain,"Darkness, Lighted Road",Wet,Traffic Signal,Champaign,2016,0,1,3965,POINT (-88.2334300015661 40.1014899975063),POINT,-88.2334300015661,40.1014899975063
B-Injury,Pedestrian,Clear,Daylight,Dry,No Controls,Urbana,2016,0,1,3967,POINT (-88.2063100017161 40.1124799975404),POINT,-88.2063100017161,40.1124799975404
B-Injury,Pedestrian,Clear,Darkness,Dry,No Controls,Urbana,2016,0,1,3969,POINT (-88.2256100017552 40.112769997435),POINT,-88.2256100017552,40.112769997435
B-Injury,Pedestrian,Clear,Daylight,Dry,No Controls,Champaign,2016,0,1,3972,POINT (-88.2321204217301 40.1241750572226),POINT,-88.2321204217301,40.1241750572226
C-Injury,Pedestrian,Clear,Daylight,Dry,No Controls,Urbana,2016,0,1,3975,POINT (-88.2070219982469 40.1124670539565),POINT,-88.2070219982469,40.1124670539565
B-Injury,Pedestrian,Snow,"Darkness, Lighted Road",Snow or Slush,No Controls,Champaign,2016,0,1,3986,POINT (-88.234462684982 40.107965176146),POINT,-88.234462684982,40.107965176146
B-Injury,Pedestrian,Clear,"Darkness, Lighted Road",Dry,No Controls,Champaign,2016,0,1,3990,POINT (-88.235139597772 40.1102714364119),POINT,-88.235139597772,40.1102714364119
C-Injury,Pedestrian,Clear,Daylight,Dry,Stop Sign/Flasher,Urbana,2016,0,1,3994,POINT (-88.21445521066 40.1183396457482),POINT,-88.21445521066,40.1183396457482
B-Injury,Pedestrian,Cloudy/Overcast,Daylight,Dry,Traffic Signal,Urbana,2016,0,1,3999,POINT (-88.2050000014289 40.1090999989142),POINT,-88.2050000014289,40.1090999989142
C-Injury,Pedestrian,Clear,"Darkness, Lighted Road",Snow or Slush,Stop Sign/Flasher,Urbana,2016,0,1,4000,POINT (-88.2217400059949 40.1006402020967),POINT,-88.2217400059949,40.1006402020967
C-Injury,Pedestrian,Clear,"Darkness, Lighted Road",Dry,Stop Sign/Flasher,Urbana,2016,0,1,4006,POINT (-88.2177400021645 40.1106199979048),POINT,-88.2177400021645,40.1106199979048
C-Injury,Pedestrian,Clear,Daylight,Wet,Stop Sign/Flasher,Champaign,2016,0,1,4009,POINT (-88.2304097448086 40.1202842220436),POINT,-88.2304097448086,40.1202842220436
C-Injury,Pedestrian,Clear,Dusk,Dry,Stop Sign/Flasher,Champaign,2016,0,1,4012,POINT (-88.2303593994812 40.1079999550005),POINT,-88.2303593994812,40.1079999550005
C-Injury,Pedestrian,Clear,Daylight,Snow or Slush,No Controls,Urbana,2016,0,1,4013,POINT (-88.2201297047121 40.1105504103883),POINT,-88.2201297047121,40.1105504103883
C-Injury,Pedestrian,Clear,Daylight,Dry,No Controls,Urbana,2016,0,1,4014,POINT (-88.2191988423074 40.103595768612),POINT,-88.2191988423074,40.103595768612
C-Injury,Pedestrian,Clear,"Darkness, Lighted Road",Wet,No Controls,Urbana,2016,0,1,4015,POINT (-88.2191974632733 40.1037001949981),POINT,-88.2191974632733,40.1037001949981
B-Injury,Pedestrian,Clear,Daylight,Dry,Stop Sign/Flasher,Urbana,2016,0,1,4017,POINT (-88.2144552094209 40.1183409191258),POINT,-88.2144552094209,40.1183409191258
B-Injury,Pedestrian,Clear,Daylight,Dry,Traffic Signal,Champaign,2016,0,1,4021,POINT (-88.2387300022843 40.1163399977187),POINT,-88.2387300022843,40.1163399977187
B-Injury,Pedestrian,Clear,Daylight,Dry,No Controls,Urbana,2016,0,1,4025,POINT (-88.1960674493676 40.122061215723),POINT,-88.1960674493676,40.122061215723
B-Injury,Pedestrian,Clear,Daylight,Dry,Traffic Signal,Urbana,2016,0,1,4030,POINT (-88.2049200019224 40.1092999980955),POINT,-88.2049200019224,40.1092999980955
B-Injury,Pedestrian,Clear,Daylight,Dry,No Controls,Urbana,2016,0,1,4036,POINT (-88.17486000667 40.1128899539412),POINT,-88.17486000667,40.1128899539412
B-Injury,Pedestrian,Clear,Darkness,Dry,No Controls,Unincorporated,2016,0,1,4038,POINT (-88.1802533870961 39.9965756926764),POINT,-88.1802533870961,39.9965756926764
C-Injury,Pedestrian,Clear,Daylight,Dry,No Controls,Urbana,2016,0,1,4050,POINT (-88.2173799983739 40.1164498305349),POINT,-88.2173799983739,40.1164498305349
C-Injury,Pedestrian,Cloudy/Overcast,Daylight,Dry,Traffic Signal,Urbana,2016,0,1,4053,POINT (-88.2156786680988 40.1164532169956),POINT,-88.2156786680988,40.1164532169956
B-Injury,Pedestrian,Clear,Daylight,Dry,No Controls,Sidney,2016,0,1,4057,POINT (-88.0779378187821 40.0259164299816),POINT,-88.0779378187821,40.0259164299816
B-Injury,Pedestrian,Other,Daylight,Dry,Stop Sign/Flasher,Rantoul,2016,0,1,4066,POINT (-88.1617296227839 40.2855687002282),POINT,-88.1617296227839,40.2855687002282
C-Injury,Pedestrian,Cloudy/Overcast,Daylight,Dry,Other,Mahomet,2016,0,1,4079,POINT (-88.4185397323059 40.1958277428443),POINT,-88.4185397323059,40.1958277428443
B-Injury,Pedestrian,Clear,Daylight,Dry,Stop Sign/Flasher,Champaign,2016,0,1,4080,POINT (-88.2800200016603 40.1092499979255),POINT,-88.2800200016603,40.1092499979255
PD,Pedestrian,Clear,Daylight,Dry,No Controls,Champaign,2016,0,0,4083,POINT (-88.2766500024497 40.1072823476325),POINT,-88.2766500024497,40.1072823476325
B-Injury,Pedestrian,Clear,"Darkness, Lighted Road",Dry,Stop Sign/Flasher,Rantoul,2016,0,1,4095,POINT (-88.1364890008774 40.3087399988343),POINT,-88.1364890008774,40.3087399988343
B-Injury,Pedestrian,Clear,Darkness,Dry,Lane Use Marking,Unincorporated,2016,0,1,4096,POINT (-88.2256835940735 40.2004529220182),POINT,-88.2256835940735,40.2004529220182
B-Injury,Pedestrian,Clear,Daylight,Dry,No Controls,Champaign,2016,0,1,4143,POINT (-88.2452020045725 40.1228282265513),POINT,-88.2452020045725,40.1228282265513
C-Injury,Pedestrian,Clear,"Darkness, Lighted Road",Dry,No Controls,Champaign,2016,0,1,4147,POINT (-88.2688000007494 40.1271999987235),POINT,-88.2688000007494,40.1271999987235
C-Injury,Pedestrian,Clear,Daylight,Dry,No Controls,Champaign,2016,0,1,4149,POINT (-88.2431251462486 40.1126405281215),POINT,-88.2431251462486,40.1126405281215
C-Injury,Pedestrian,Clear,"Darkness, Lighted Road",Dry,Stop Sign/Flasher,Champaign,2016,0,1,4163,POINT (-88.2768100028643 40.117414693694),POINT,-88.2768100028643,40.117414693694
C-Injury,Pedestrian,Clear,"Darkness, Lighted Road",Dry,Traffic Signal,Champaign,2016,0,1,4179,POINT (-88.2548300031233 40.1271800714064),POINT,-88.2548300031233,40.1271800714064
B-Injury,Pedestrian,Clear,Daylight,Dry,Stop Sign/Flasher,Champaign,2016,0,1,4193,POINT (-88.2435100015841 40.1163599979244),POINT,-88.2435100015841,40.1163599979244
B-Injury,Pedestrian,Clear,Daylight,Dry,Traffic Signal,Savoy,2016,0,1,4199,POINT (-88.2570700023613 40.0545399981387),POINT,-88.2570700023613,40.0545399981387
C-Injury,Pedestrian,Clear,Daylight,Dry,Traffic Signal,Urbana,2016,0,1,4203,POINT (-88.2193801256479 40.1164355707825),POINT,-88.2193801256479,40.1164355707825
B-Injury,Pedestrian,Clear,"Darkness, Lighted Road",Dry,Traffic Signal,Champaign,2016,0,1,4209,POINT (-88.2335639436636 40.1163551139316),POINT,-88.2335639436636,40.1163551139316
C-Injury,Pedestrian,Clear,"Darkness, Lighted Road",Dry,No Controls,Champaign,2017,0,1,4214,POINT (-88.2579447385217 40.123130120062),POINT,-88.2579447385217,40.123130120062
B-Injury,Pedestrian,Clear,"Darkness, Lighted Road",Dry,No Controls,Champaign,2017,0,1,4216,POINT (-88.2860666652384 40.1131831754997),POINT,-88.2860666652384,40.1131831754997
B-Injury,Pedestrian,Clear,Unkown,Dry,Unkown,Champaign,2016,0,1,4198,POINT (-88.272880005242 40.1346201054086),POINT,-88.272880005242,40.1346201054086
C-Injury,Pedestrian,Clear,Daylight,Dry,Stop Sign/Flasher,Urbana,2017,0,1,4233,POINT (-88.2191000012633 40.1060999994834),POINT,-88.2191000012633,40.1060999994834
B-Injury,Pedestrian,Clear,"Darkness, Lighted Road",Dry,Traffic Signal,Urbana,2017,0,1,4236,POINT (-88.2238000006684 40.1162999991094),POINT,-88.2238000006684,40.1162999991094
C-Injury,Pedestrian,Clear,Daylight,Dry,Traffic Signal,Champaign,2017,0,1,4237,POINT (-88.2769000010503 40.1274999991577),POINT,-88.2769000010503,40.1274999991577
C-Injury,Pedestrian,Clear,Daylight,Dry,Traffic Signal,Urbana,2017,0,1,4239,POINT (-88.1836212328571 40.1159479545796),POINT,-88.1836212328571,40.1159479545796
B-Injury,Pedestrian,Snow,Daylight,Snow or Slush,Other,Savoy,2017,0,1,4244,POINT (-88.1616000006809 40.081899998847),POINT,-88.1616000006809,40.081899998847
B-Injury,Pedestrian,Clear,"Darkness, Lighted Road",Dry,Stop Sign/Flasher,Champaign,2017,0,1,4245,POINT (-88.2386503986661 40.1040999966368),POINT,-88.2386503986661,40.1040999966368
B-Injury,Pedestrian,Cloudy/Overcast,Daylight,Dry,Traffic Signal,Urbana,2017,0,1,4252,POINT (-88.215800001315 40.1162999987516),POINT,-88.215800001315,40.1162999987516
C-Injury,Pedestrian,Clear,Daylight,Dry,Stop Sign/Flasher,Urbana,2017,0,1,4254,POINT (-88.2238000011252 40.1090999991498),POINT,-88.2238000011252,40.1090999991498
B-Injury,Pedestrian,Clear,"Darkness, Lighted Road",Dry,Stop Sign/Flasher,Champaign,2017,0,1,4261,POINT (-88.2302000013793 40.1068999988063),POINT,-88.2302000013793,40.1068999988063
C-Injury,Pedestrian,Clear,Darkness,Dry,Stop Sign/Flasher,Champaign,2017,0,1,4264,POINT (-88.2352000006894 40.1126999995482),POINT,-88.2352000006894,40.1126999995482
C-Injury,Pedestrian,Clear,Daylight,Dry,Traffic Signal,Champaign,2017,0,1,4265,POINT (-88.2434702063239 40.1102199969953),POINT,-88.2434702063239,40.1102199969953
C-Injury,Pedestrian,Clear,Daylight,Dry,School Zone,Champaign,2017,0,1,4274,POINT (-88.2812789656398 40.1060694638294),POINT,-88.2812789656398,40.1060694638294
PD,Pedestrian,Clear,Daylight,Dry,Lane Use Marking,Unincorporated,2017,0,0,4292,POINT (-88.0952840009162 40.1133499988062),POINT,-88.0952840009162,40.1133499988062
B-Injury,Pedestrian,Clear,"Darkness, Lighted Road",Dry,No Controls,Champaign,2017,0,1,4296,POINT (-88.2321026094333 40.1163500068186),POINT,-88.2321026094333,40.1163500068186
C-Injury,Pedestrian,Clear,"Darkness, Lighted Road",Dry,No Controls,Unincorporated,2017,0,1,4298,POINT (-88.3615972917546 40.2043929880177),POINT,-88.3615972917546,40.2043929880177
C-Injury,Pedestrian,Clear,"Darkness, Lighted Road",Dry,No Controls,Urbana,2017,0,1,4303,POINT (-88.189431509851 40.1274699974696),POINT,-88.189431509851,40.1274699974696
B-Injury,Pedestrian,Clear,Daylight,Dry,Traffic Signal,Urbana,2017,0,1,4345,POINT (-88.1994000005041 40.1274999990039),POINT,-88.1994000005041,40.1274999990039
B-Injury,Pedestrian,Clear,Darkness,Dry,No Controls,Champaign,2017,0,1,4352,POINT (-88.2482000014028 40.1220999992517),POINT,-88.2482000014028,40.1220999992517
B-Injury,Pedestrian,Clear,Darkness,Dry,No Controls,Urbana,2017,0,1,4358,POINT (-88.219575091548 40.112189998744),POINT,-88.219575091548,40.112189998744
B-Injury,Pedestrian,Clear,"Darkness, Lighted Road",Dry,No Controls,St Joseph,2017,0,2,4359,POINT (-88.0416000012957 40.1114999990168),POINT,-88.0416000012957,40.1114999990168
B-Injury,Pedestrian,Clear,Daylight,Dry,No Controls,Urbana,2017,0,1,4361,POINT (-88.2255000007448 40.1060999988915),POINT,-88.2255000007448,40.1060999988915
B-Injury,Pedestrian,Clear,Daylight,Dry,Stop Sign/Flasher,Urbana,2017,0,1,4377,POINT (-88.2238000012377 40.112699998778),POINT,-88.2238000012377,40.112699998778
C-Injury,Pedestrian,Clear,Darkness,Dry,Stop Sign/Flasher,Champaign,2017,0,1,4382,POINT (-88.2353000006185 40.1125999990866),POINT,-88.2353000006185,40.1125999990866
B-Injury,Pedestrian,Clear,Daylight,Dry,Other,Champaign,2017,0,1,4397,POINT (-88.22894000196 40.1115399980572),POINT,-88.22894000196,40.1115399980572
B-Injury,Pedestrian,Clear,Darkness,Dry,Other,Champaign,2017,0,1,4398,POINT (-88.2320499755091 40.1054310415048),POINT,-88.2320499755091,40.1054310415048
C-Injury,Pedestrian,Clear,Daylight,Dry,No Controls,Unincorporated,2017,0,1,4403,POINT (-88.0385000006662 40.088599998893),POINT,-88.0385000006662,40.088599998893
B-Injury,Pedestrian,Clear,Darkness,Dry,No Controls,Champaign,2017,0,1,4404,POINT (-88.2425090270982 40.1205382870839),POINT,-88.2425090270982,40.1205382870839
B-Injury,Pedestrian,Clear,Daylight,Dry,No Controls,Champaign,2017,0,1,4405,POINT (-88.2368103303871 40.1173216147971),POINT,-88.2368103303871,40.1173216147971
B-Injury,Pedestrian,Clear,Daylight,Dry,No Controls,Champaign,2017,0,1,4412,POINT (-88.2951000007567 40.0838999990106),POINT,-88.2951000007567,40.0838999990106
B-Injury,Pedestrian,Clear,"Darkness, Lighted Road",Dry,No Controls,Urbana,2017,0,1,4423,POINT (-88.219205351377 40.1039529673773),POINT,-88.219205351377,40.1039529673773
B-Injury,Pedestrian,Clear,"Darkness, Lighted Road",Dry,No Controls,Champaign,2017,0,1,4429,POINT (-88.2419226276745 40.1177380316364),POINT,-88.2419226276745,40.1177380316364
B-Injury,Pedestrian,Clear,Daylight,Dry,No Controls,Champaign,2017,0,1,4434,POINT (-88.2501000014322 40.11629999907),POINT,-88.2501000014322,40.11629999907
C-Injury,Pedestrian,Rain,Darkness,Wet,No Controls,Champaign,2017,0,1,4440,POINT (-88.2317510752099 40.1054335044294),POINT,-88.2317510752099,40.1054335044294
B-Injury,Pedestrian,Clear,Daylight,Dry,Other,Urbana,2010,0,1,3479,POINT (-88.207410251414 40.1124603989868),POINT,-88.207410251414,40.1124603989868
B-Injury,Pedestrian,Clear,Daylight,Dry,Unknown,Urbana,2007,0,1,3754,POINT (-88.2283908630282 40.1103772656778),POINT,-88.2283908630282,40.1103772656778
C-Injury,Pedestrian,Clear,Daylight,Dry,,Urbana,2010,0,1,3445,GEOMETRYCOLLECTION EMPTY,GEOMETRYCOLLECTION,EMPTY,
B-Injury,Pedestrian,Rain,Daylight,Wet,Stop Sign/Flasher,Urbana,2010,0,1,3448,POINT (-88.2049684450033 40.1056308330297),POINT,-88.2049684450033,40.1056308330297
B-Injury,Pedestrian,Clear,Darkness,Dry,No Controls,Urbana,2010,0,1,3451,POINT (-88.218721156027 40.1105887475571),POINT,-88.218721156027,40.1105887475571
B-Injury,Pedestrian,Clear,Daylight,Dry,No Controls,Urbana,2010,0,1,3452,POINT (-88.2193213515404 40.1106641927542),POINT,-88.2193213515404,40.1106641927542
C-Injury,Pedestrian,Clear,Daylight,Dry,Stop Sign/Flasher,Champaign,2010,0,1,3454,POINT (-88.2389395586187 40.1380097306658),POINT,-88.2389395586187,40.1380097306658
C-Injury,Pedestrian,Clear,"Darkness, lighted road",Dry,Stop Sign/Flasher,Urbana,2010,0,1,3456,POINT (-88.2223903371564 40.1128327809539),POINT,-88.2223903371564,40.1128327809539
C-Injury,Pedestrian,Rain,Daylight,Wet,Stop Sign/Flasher,Champaign,2010,0,1,3457,POINT (-88.2386483244526 40.1040994474419),POINT,-88.2386483244526,40.1040994474419
B-Injury,Pedestrian,Clear,Daylight,Dry,No Controls,Unincorporated,2010,0,1,3458,POINT (-88.1908104976257 40.1295745225669),POINT,-88.1908104976257,40.1295745225669
B-Injury,Pedestrian,Rain,"Darkness, lighted road",Wet,No Controls,Urbana,2010,0,1,3460,POINT (-88.1832106264751 40.0987986140038),POINT,-88.1832106264751,40.0987986140038
B-Injury,Pedestrian,Clear,Daylight,Dry,Lane Use Marking,Champaign,2010,0,1,3462,POINT (-88.257908326681 40.1426301400535),POINT,-88.257908326681,40.1426301400535
C-Injury,Pedestrian,Clear,Daylight,Dry,No Controls,Champaign,2010,0,1,3463,POINT (-88.2484245108714 40.14454979233),POINT,-88.2484245108714,40.14454979233
C-Injury,Pedestrian,Clear,Daylight,Dry,No Controls,Champaign,2010,0,1,3466,POINT (-88.2305658368422 40.1231082044912),POINT,-88.2305658368422,40.1231082044912
B-Injury,Pedestrian,Clear,Daylight,Dry,Stop Sign/Flasher,Champaign,2010,0,1,3468,POINT (-88.2542098711381 40.1126499917077),POINT,-88.2542098711381,40.1126499917077
B-Injury,Pedestrian,Clear,Daylight,Dry,Stop Sign/Flasher,Champaign,2010,0,1,3469,POINT (-88.2354010378389 40.1102708360679),POINT,-88.2354010378389,40.1102708360679
C-Injury,Pedestrian,Clear,Daylight,Dry,No Controls,Champaign,2010,0,1,3472,POINT (-88.2579814193108 40.1310366617708),POINT,-88.2579814193108,40.1310366617708
B-Injury,Pedestrian,Clear,Daylight,Dry,No Controls,Champaign,2010,0,1,3473,POINT (-88.272114235726 40.1343492729123),POINT,-88.272114235726,40.1343492729123
B-Injury,Pedestrian,Clear,Daylight,Dry,No Controls,Urbana,2010,0,1,3474,POINT (-88.2192608348474 40.1074075230994),POINT,-88.2192608348474,40.1074075230994
C-Injury,Pedestrian,Clear,Daylight,Dry,Stop Sign/Flasher,Champaign,2010,0,1,3475,POINT (-88.279901906162 40.0983091751059),POINT,-88.279901906162,40.0983091751059
C-Injury,Pedestrian,Clear,Darkness,Dry,Traffic Signal,Urbana,2010,0,1,3477,POINT (-88.190699828222 40.0984105956338),POINT,-88.190699828222,40.0984105956338
B-Injury,Pedestrian,Clear,Daylight,Dry,No Controls,Urbana,2010,0,1,3480,POINT (-88.2239290860801 40.111033831905),POINT,-88.2239290860801,40.111033831905
Property Damage,Pedestrian,Clear,"Darkness, lighted road",Dry,No Controls,Urbana,2010,0,0,3481,POINT (-88.176777156046 40.1055211301592),POINT,-88.176777156046,40.1055211301592
B-Injury,Pedestrian,Clear,Daylight,Dry,No Controls,Champaign,2010,0,1,3482,POINT (-88.2496097490661 40.0980993219259),POINT,-88.2496097490661,40.0980993219259
B-Injury,Pedestrian,Clear,Daylight,Dry,Traffic Signal,Rantoul,2010,0,1,3483,POINT (-88.1523710991309 40.308218834976),POINT,-88.1523710991309,40.308218834976
B-Injury,Pedestrian,Snow,Daylight,Snow or Slush,No Controls,Champaign,2010,0,1,3484,POINT (-88.2728326123487 40.1273804667721),POINT,-88.2728326123487,40.1273804667721
B-Injury,Pedestrian,Clear,Darkness,Wet,No Controls,Urbana,2011,0,1,3488,POINT (-88.2006316700545 40.1289167505449),POINT,-88.2006316700545,40.1289167505449
C-Injury,Pedestrian,Clear,Dusk,Snow or Slush,No Controls,Urbana,2011,0,1,3489,POINT (-88.2279519415402 40.1104043901874),POINT,-88.2279519415402,40.1104043901874
B-Injury,Pedestrian,Clear,Daylight,Snow or Slush,No Controls,Champaign,2011,0,1,3490,POINT (-88.2579088366102 40.1221715308546),POINT,-88.2579088366102,40.1221715308546
B-Injury,Pedestrian,Clear,Darkness,Dry,No Controls,Urbana,2011,0,1,3491,POINT (-88.1896824426195 40.1439958140436),POINT,-88.1896824426195,40.1439958140436
B-Injury,Pedestrian,Clear,"Darkness, lighted road",Wet,Traffic Signal,Champaign,2011,0,1,3494,POINT (-88.2335492036491 40.1126691988351),POINT,-88.2335492036491,40.1126691988351
B-Injury,Pedestrian,Clear,Daylight,Dry,Stop Sign/Flasher,Urbana,2011,0,1,3495,POINT (-88.2089191599988 40.1115906257439),POINT,-88.2089191599988,40.1115906257439