crash_severity,collision_type,weather,light,road_surface,traffic_control,city,year,fatality,injury,id,Geometry,point,x,y
B-Injury,Pedestrian,Clear,"Darkness, lighted road",Dry,Stop Sign/Flasher,Champaign,2011,0,1,3496,POINT (-88.2344700702737 40.1041313512082),POINT,-88.2344700702737,40.1041313512082
B-Injury,Pedestrian,Clear,"Darkness, lighted road",Dry,Traffic Signal,Urbana,2011,0,1,3497,POINT (-88.1906998189069 40.0984100921682),POINT,-88.1906998189069,40.0984100921682
B-Injury,Pedestrian,Clear,Daylight,Dry,Traffic Signal,Urbana,2011,0,1,3499,POINT (-88.2049226673054 40.1092999450199),POINT,-88.2049226673054,40.1092999450199
C-Injury,Pedestrian,Rain,"Darkness, lighted road",Wet,Traffic Signal,Urbana,2011,0,1,3504,POINT (-88.1906998156974 40.0984099173004),POINT,-88.1906998156974,40.0984099173004
C-Injury,Pedestrian,Clear,Daylight,Dry,Stop Sign/Flasher,Champaign,2011,0,2,3507,POINT (-88.2451896579701 40.115340059743),POINT,-88.2451896579701,40.115340059743
B-Injury,Pedestrian,Rain,Darkness,Wet,Traffic Signal,Champaign,2011,0,1,3508,POINT (-88.2302885147772 40.1041713366547),POINT,-88.2302885147772,40.1041713366547
C-Injury,Pedestrian,Clear,Darkness,Dry,Stop Sign/Flasher,Urbana,2011,0,1,3509,POINT (-88.2037879979978 40.1125394616086),POINT,-88.2037879979978,40.1125394616086
B-Injury,Pedestrian,Rain,Daylight,Wet,Traffic Signal,Urbana,2011,0,1,3511,POINT (-88.2192395145701 40.105978800357),POINT,-88.2192395145701,40.105978800357
C-Injury,Pedestrian,Clear,Daylight,Dry,Other,Urbana,2011,0,1,3513,POINT (-88.227890135452 40.1104084030145),POINT,-88.227890135452,40.1104084030145
B-Injury,Pedestrian,Clear,"Darkness, lighted road",Dry,Traffic Signal,Urbana,2011,0,1,3515,POINT (-88.2195408352587 40.1273696092058),POINT,-88.2195408352587,40.1273696092058
Property Damage,Pedestrian,Rain,"Darkness, lighted road",Wet,Traffic Signal,Champaign,2011,0,0,3517,POINT (-88.2468767239029 40.0835694618433),POINT,-88.2468767239029,40.0835694618433
B-Injury,Pedestrian,Rain,"Darkness, lighted road",Wet,Traffic Signal,Champaign,2011,0,1,3519,POINT (-88.2302892065274 40.1041713290348),POINT,-88.2302892065274,40.1041713290348
B-Injury,Pedestrian,Clear,"Darkness, lighted road",Dry,No Controls,Urbana,2011,0,1,3524,POINT (-88.2238488449487 40.1053589209117),POINT,-88.2238488449487,40.1053589209117
B-Injury,Pedestrian,Clear,Daylight,Dry,No Controls,Champaign,2011,0,1,3525,POINT (-88.2858588722469 40.0993996487018),POINT,-88.2858588722469,40.0993996487018
B-Injury,Pedestrian,Clear,Darkness,Dry,No Controls,Urbana,2011,0,2,3527,POINT (-88.2194830440969 40.1255459063936),POINT,-88.2194830440969,40.1255459063936
B-Injury,Pedestrian,Clear,Daylight,Dry,Traffic Signal,Champaign,2011,0,1,3528,POINT (-88.2335625810691 40.1163548931494),POINT,-88.2335625810691,40.1163548931494
B-Injury,Pedestrian,Rain,Daylight,Wet,No Controls,Urbana,2011,0,1,3530,POINT (-88.2231560734893 40.113549343517),POINT,-88.2231560734893,40.113549343517
B-Injury,Pedestrian,Clear,Daylight,Dry,Other Warning Sign,Champaign,2011,0,1,3531,POINT (-88.2334904622336 40.1041397018553),POINT,-88.2334904622336,40.1041397018553
B-Injury,Pedestrian,Clear,Daylight,Dry,No Controls,Champaign,2011,0,1,3533,POINT (-88.2388192722109 40.1284743327808),POINT,-88.2388192722109,40.1284743327808
B-Injury,Pedestrian,Clear,"Darkness, lighted road",Dry,Traffic Signal,Champaign,2011,0,1,3534,POINT (-88.2387090408223 40.1102298946413),POINT,-88.2387090408223,40.1102298946413
B-Injury,Pedestrian,Clear,"Darkness, lighted road",Dry,No Controls,Champaign,2011,0,1,3536,POINT (-88.2579851220706 40.1324458758262),POINT,-88.2579851220706,40.1324458758262
C-Injury,Pedestrian,Clear,Darkness,Dry,No Controls,Champaign,2012,0,1,3539,POINT (-88.2457888250649 40.1304370150213),POINT,-88.2457888250649,40.1304370150213
C-Injury,Pedestrian,Clear,Daylight,Dry,Stop Sign/Flasher,Urbana,2012,0,1,3540,POINT (-88.2256900008817 40.1163999990608),POINT,-88.2256900008817,40.1163999990608
B-Injury,Pedestrian,Clear,Daylight,Dry,Traffic Signal,Urbana,2012,0,1,3544,POINT (-88.2049201878443 40.1092999971732),POINT,-88.2049201878443,40.1092999971732
B-Injury,Pedestrian,Clear,Daylight,Dry,No Controls,Urbana,2012,0,1,3545,POINT (-88.1907892761509 40.1024096591012),POINT,-88.1907892761509,40.1024096591012
B-Injury,Pedestrian,Clear,"Darkness, lighted road",Dry,No Controls,Champaign,2012,0,1,3546,POINT (-88.2450988309256 40.1057270012633),POINT,-88.2450988309256,40.1057270012633
C-Injury,Pedestrian,Clear,Dusk,Dry,Stop Sign/Flasher,Urbana,2012,0,1,3547,POINT (-88.2238800005166 40.109080000409),POINT,-88.2238800005166,40.109080000409
C-Injury,Pedestrian,Rain,Daylight,Wet,Traffic Signal,Urbana,2012,0,1,3548,POINT (-88.2191300008318 40.1006499990841),POINT,-88.2191300008318,40.1006499990841
C-Injury,Pedestrian,Other,Daylight,Wet,Stop Sign/Flasher,Champaign,2012,0,1,3549,POINT (-88.2767098780496 40.1103299981184),POINT,-88.2767098780496,40.1103299981184
B-Injury,Pedestrian,Clear,Daylight,Dry,No Controls,Urbana,2012,0,1,3550,POINT (-88.204604674422 40.10181946073),POINT,-88.204604674422,40.10181946073
C-Injury,Pedestrian,Rain,"Darkness, lighted road",Wet,Traffic Signal,Urbana,2012,0,1,3554,POINT (-88.219320001503 40.1105700003849),POINT,-88.219320001503,40.1105700003849
C-Injury,Pedestrian,Clear,Daylight,Dry,Stop Sign/Flasher,Urbana,2012,0,1,3556,POINT (-88.203600000262 40.118899999048),POINT,-88.203600000262,40.118899999048
B-Injury,Pedestrian,Clear,Daylight,Dry,No Controls,Rantoul,2012,0,1,3558,POINT (-88.162715135057 40.2838180228691),POINT,-88.162715135057,40.2838180228691
C-Injury,Pedestrian,Clear,"Darkness, lighted road",Dry,No Controls,Rantoul,2012,0,1,3559,POINT (-88.1620451402118 40.3021636135443),POINT,-88.1620451402118,40.3021636135443
B-Injury,Pedestrian,Clear,Darkness,Dry,No Controls,Unincorporated,2012,0,1,3560,POINT (-88.0425848977775 40.1279136237254),POINT,-88.0425848977775,40.1279136237254
B-Injury,Pedestrian,Rain,Darkness,Wet,Other Regualtory Sig,St Joseph,2012,0,1,3561,POINT (-88.0442022650918 40.1203410404724),POINT,-88.0442022650918,40.1203410404724
B-Injury,Pedestrian,Clear,Darkness,Dry,No Controls,Champaign,2012,0,1,3562,POINT (-88.2733920723582 40.1309844190578),POINT,-88.2733920723582,40.1309844190578
C-Injury,Pedestrian,Clear,Darkness,Dry,Lane Use Marking,Champaign,2012,0,1,3564,POINT (-88.2418779180803 40.134882699926),POINT,-88.2418779180803,40.134882699926
B-Injury,Pedestrian,Clear,Daylight,Dry,Traffic Signal,Urbana,2012,0,1,3565,POINT (-88.2074082005778 40.1124600319321),POINT,-88.2074082005778,40.1124600319321
B-Injury,Pedestrian,Clear,Daylight,Dry,No Controls,Broadlands,2012,0,1,3567,POINT (-87.994571527721 39.9101171969339),POINT,-87.994571527721,39.9101171969339
B-Injury,Pedestrian,Clear,Darkness,Dry,No Controls,Unincorporated,2012,0,1,3568,POINT (-88.192291203681 40.1222371209235),POINT,-88.192291203681,40.1222371209235
B-Injury,Pedestrian,Clear,Daylight,Dry,Traffic Signal,Champaign,2012,0,1,3569,POINT (-88.2335703878845 40.1102800935974),POINT,-88.2335703878845,40.1102800935974
B-Injury,Pedestrian,Clear,Daylight,Dry,Other Warning Sign,Urbana,2012,0,1,3570,POINT (-88.2281158014216 40.1103943539746),POINT,-88.2281158014216,40.1103943539746
C-Injury,Pedestrian,Clear,"Darkness, lighted road",Dry,No Controls,Urbana,2012,0,1,3571,POINT (-88.2215128849542 40.1068991527979),POINT,-88.2215128849542,40.1068991527979
B-Injury,Pedestrian,Clear,Daylight,Dry,No Controls,Champaign,2012,0,1,3572,POINT (-88.2361209064666 40.1014817616558),POINT,-88.2361209064666,40.1014817616558
B-Injury,Pedestrian,Clear,Daylight,Dry,No Controls,Unincorporated,2012,0,1,3574,POINT (-88.3505025442696 40.0982941043909),POINT,-88.3505025442696,40.0982941043909
B-Injury,Pedestrian,Clear,Daylight,Dry,No Controls,Urbana,2012,0,1,3575,POINT (-88.2075601419872 40.1116518126063),POINT,-88.2075601419872,40.1116518126063
B-Injury,Pedestrian,Clear,Daylight,Dry,Lane Use Marking,Champaign,2012,0,1,3576,POINT (-88.238671136998 40.1055039587492),POINT,-88.238671136998,40.1055039587492
C-Injury,Pedestrian,Clear,Daylight,Dry,No Controls,Unincorporated,2012,0,1,3577,POINT (-88.1762358965172 40.1098921970662),POINT,-88.1762358965172,40.1098921970662
B-Injury,Pedestrian,Clear,Daylight,Dry,No Controls,Champaign,2012,0,1,3579,POINT (-88.2498792771692 40.1153211748488),POINT,-88.2498792771692,40.1153211748488
C-Injury,Pedestrian,Clear,Daylight,Dry,Traffic Signal,Champaign,2012,0,1,3580,POINT (-88.2333299689103 40.0980904421409),POINT,-88.2333299689103,40.0980904421409
B-Injury,Pedestrian,Rain,Daylight,Wet,Stop Sign/Flasher,Urbana,2012,0,1,3581,POINT (-88.181280998453 40.1056920967927),POINT,-88.181280998453,40.1056920967927
B-Injury,Pedestrian,Clear,Daylight,Dry,No Controls,Champaign,2012,0,1,3582,POINT (-88.2339095826221 40.1144320174502),POINT,-88.2339095826221,40.1144320174502
Property Damage,Pedestrian,Clear,Darkness,Dry,Traffic Signal,Urbana,2012,0,0,3583,POINT (-88.2193000733371 40.1090953225331),POINT,-88.2193000733371,40.1090953225331
B-Injury,Pedestrian,Clear,Daylight,Dry,No Controls,Champaign,2012,0,1,3584,POINT (-88.2579449021326 40.123948734286),POINT,-88.2579449021326,40.123948734286
B-Injury,Pedestrian,Clear,Daylight,Dry,Traffic Signal,Champaign,2013,0,1,3586,POINT (-88.2580145870011 40.1358598156419),POINT,-88.2580145870011,40.1358598156419
C-Injury,Pedestrian,Clear,Daylight,Dry,Stop Sign/Flasher,Urbana,2013,0,1,3589,POINT (-88.2089200020434 40.1115899988419),POINT,-88.2089200020434,40.1115899988419
B-Injury,Pedestrian,Rain,"Darkness, lighted road",Wet,Stop Sign/Flasher,Urbana,2013,0,2,3590,POINT (-88.2238700643718 40.1070101001835),POINT,-88.2238700643718,40.1070101001835
C-Injury,Pedestrian,Rain,Darkness,Wet,No Controls,Urbana,2013,0,1,3591,POINT (-88.2192500020292 40.1064700001941),POINT,-88.2192500020292,40.1064700001941
C-Injury,Pedestrian,Clear,Daylight,Dry,No Controls,Urbana,2013,0,1,3592,POINT (-88.2253520136623 40.1070012591045),POINT,-88.2253520136623,40.1070012591045
C-Injury,Pedestrian,Clear,Daylight,Dry,No Controls,Unincorporated,2013,0,1,3597,POINT (-88.1702552827499 40.1072057427836),POINT,-88.1702552827499,40.1072057427836
B-Injury,Pedestrian,Clear,Daylight,Dry,No Controls,Champaign,2013,0,1,3598,POINT (-88.2688999799994 40.1273215642414),POINT,-88.2688999799994,40.1273215642414
C-Injury,Pedestrian,Clear,Daylight,Dry,Traffic Signal,Champaign,2013,0,1,3599,POINT (-88.2768100001896 40.1164634703389),POINT,-88.2768100001896,40.1164634703389
B-Injury,Pedestrian,Rain,"Darkness, lighted road",Wet,No Controls,Urbana,2013,0,1,3600,POINT (-88.2256908629376 40.116399999862),POINT,-88.2256908629376,40.116399999862
B-Injury,Pedestrian,Clear,Daylight,Dry,Traffic Signal,Champaign,2013,0,2,3601,POINT (-88.2787200791876 40.1128499999024),POINT,-88.2787200791876,40.1128499999024
B-Injury,Pedestrian,Clear,"Darkness, lighted road",Dry,Traffic Signal,Rantoul,2013,0,1,3602,POINT (-88.1365206939253 40.3121200000216),POINT,-88.1365206939253,40.3121200000216
B-Injury,Pedestrian,Clear,Daylight,Dry,Police/Flagman,Rantoul,2013,0,1,3603,POINT (-88.1938428723102 40.3098611427569),POINT,-88.1938428723102,40.3098611427569
B-Injury,Pedestrian,Clear,Daylight,,No Controls,Champaign,2013,0,1,3604,POINT (-88.2437200015581 40.1379699998255),POINT,-88.2437200015581,40.1379699998255
B-Injury,Pedestrian,Clear,"Darkness, lighted road",Dry,No Controls,Rantoul,2013,0,1,3606,POINT (-88.164842763968 40.2882445975703),POINT,-88.164842763968,40.2882445975703
B-Injury,Pedestrian,Clear,Daylight,Dry,Lane Use Marking,Unincorporated,2013,0,1,3608,POINT (-88.3351451730816 40.1771967735786),POINT,-88.3351451730816,40.1771967735786
B-Injury,Pedestrian,Clear,Daylight,Dry,Traffic Signal,Urbana,2013,0,1,3609,POINT (-88.219479283755 40.1200702242438),POINT,-88.219479283755,40.1200702242438
B-Injury,Pedestrian,Clear,Daylight,Dry,Stop Sign/Flasher,Champaign,2013,0,1,3610,POINT (-88.2338000038871 40.1261201818178),POINT,-88.2338000038871,40.1261201818178
B-Injury,Pedestrian,Clear,Daylight,Dry,No Controls,Champaign,2013,0,1,3611,POINT (-88.2730000671019 40.1395542093297),POINT,-88.2730000671019,40.1395542093297
B-Injury,Pedestrian,Clear,Daylight,Dry,No Controls,Champaign,2013,0,1,3612,POINT (-88.2577500002993 40.108132241355),POINT,-88.2577500002993,40.108132241355
C-Injury,Pedestrian,Rain,Daylight,Wet,No Controls,Champaign,2013,0,1,3613,POINT (-88.2397798421231 40.1102096573404),POINT,-88.2397798421231,40.1102096573404
B-Injury,Pedestrian,Sleet/Hail,"Darkness, lighted road",Wet,Traffic Signal,Champaign,2013,0,1,3614,POINT (-88.2434700198218 40.1102226600444),POINT,-88.2434700198218,40.1102226600444
B-Injury,Pedestrian,Rain,"Darkness, lighted road",Wet,Stop Sign/Flasher,Urbana,2013,0,1,3615,POINT (-88.1906700009415 40.0947599993238),POINT,-88.1906700009415,40.0947599993238
B-Injury,Pedestrian,Clear,Daylight,Wet,No Controls,Champaign,2013,0,1,3616,POINT (-88.2812788271656 40.1061400084375),POINT,-88.2812788271656,40.1061400084375
B-Injury,Pedestrian,Clear,,,No Controls,Champaign,2013,0,1,3617,POINT (-88.2414405134437 40.09805000805),POINT,-88.2414405134437,40.09805000805
C-Injury,Pedestrian,Clear,Darkness,Dry,No Controls,Urbana,2013,0,1,3618,POINT (-88.1782589927789 40.1129918385794),POINT,-88.1782589927789,40.1129918385794
B-Injury,Pedestrian,Clear,Daylight,Dry,No Controls,Urbana,2013,0,1,3619,POINT (-88.2192199202484 40.1046361560918),POINT,-88.2192199202484,40.1046361560918
C-Injury,Pedestrian,Clear,Daylight,Dry,Traffic Signal,Champaign,2013,0,1,3621,POINT (-88.2574894597362 40.0835999929205),POINT,-88.2574894597362,40.0835999929205
B-Injury,Pedestrian,Clear,Darkness,Dry,No Controls,Unincorporated,2013,0,1,3622,POINT (-88.3653100006426 40.1944592618415),POINT,-88.3653100006426,40.1944592618415
B-Injury,Pedestrian,Clear,Daylight,Dry,No Controls,Champaign,2013,0,1,3623,POINT (-88.2766674421944 40.108806605862),POINT,-88.2766674421944,40.108806605862
C-Injury,Pedestrian,Clear,Daylight,Dry,No Controls,Mahomet,2013,0,1,3625,POINT (-88.3903172115052 40.1786305115412),POINT,-88.3903172115052,40.1786305115412
B-Injury,Pedestrian,Clear,Dusk,Dry,No Controls,Champaign,2013,0,1,3626,POINT (-88.2755014982525 40.13023726406),POINT,-88.2755014982525,40.13023726406
B-Injury,Pedestrian,Clear,"Darkness, lighted road",Dry,Traffic Signal,Urbana,2013,0,1,3627,POINT (-88.2193000649531 40.1090947767968),POINT,-88.2193000649531,40.1090947767968
C-Injury,Pedestrian,Clear,Daylight,Dry,No Controls,Urbana,2013,0,1,3628,POINT (-88.2018748802274 40.1036842273903),POINT,-88.2018748802274,40.1036842273903
B-Injury,Pedestrian,Clear,Daylight,Dry,Lane Use Marking,Champaign,2013,0,1,3629,POINT (-88.2386700006598 40.1053699998832),POINT,-88.2386700006598,40.1053699998832
B-Injury,Pedestrian,Other,Dawn,Dry,Traffic Signal,Urbana,2013,0,1,3630,POINT (-88.2193802116011 40.1128301566526),POINT,-88.2193802116011,40.1128301566526
B-Injury,Pedestrian,Clear,Daylight,Dry,Stop Sign/Flasher,Champaign,2013,0,1,3631,POINT (-88.2860888049806 40.1024017529489),POINT,-88.2860888049806,40.1024017529489
C-Injury,Pedestrian,Clear,Daylight,Dry,Stop Sign/Flasher,Champaign,2013,0,1,3632,POINT (-88.2436439742194 40.1313660870552),POINT,-88.2436439742194,40.1313660870552
C-Injury,Pedestrian,Rain,Darkness,Wet,No Controls,Champaign,2013,0,1,3633,POINT (-88.2931698869697 40.0771915375278),POINT,-88.2931698869697,40.0771915375278
B-Injury,Pedestrian,Clear,Daylight,Dry,No Controls,Champaign,2014,0,1,3634,POINT (-88.2482809366348 40.1090101100072),POINT,-88.2482809366348,40.1090101100072
Property Damage,Pedestrian,Clear,Daylight,Dry,No Controls,Champaign,2014,0,0,3636,POINT (-88.2577757144201 40.1097539763354),POINT,-88.2577757144201,40.1097539763354
B-Injury,Pedestrian,Clear,Daylight,Dry,No Controls,Champaign,2014,0,1,3637,POINT (-88.2826080412578 40.0971859957264),POINT,-88.2826080412578,40.0971859957264
B-Injury,Pedestrian,Clear,Darkness,Dry,Stop Sign/Flasher,Champaign,2014,0,1,3640,POINT (-88.2627100009444 40.1272299999694),POINT,-88.2627100009444,40.1272299999694
C-Injury,Pedestrian,Clear,"Darkness, lighted road",Dry,Traffic Signal,Champaign,2014,0,1,3641,POINT (-88.2387099592693 40.1102317153999),POINT,-88.2387099592693,40.1102317153999
B-Injury,Pedestrian,Clear,Daylight,Dry,Other,Champaign,2014,0,1,3645,POINT (-88.2409091404509 40.127211587229),POINT,-88.2409091404509,40.127211587229
C-Injury,Pedestrian,Clear,Daylight,Dry,Traffic Signal,Champaign,2014,0,1,3647,POINT (-88.2579050426514 40.1182722751846),POINT,-88.2579050426514,40.1182722751846
B-Injury,Pedestrian,Clear,Daylight,Dry,Traffic Signal,Champaign,2014,0,1,3648,POINT (-88.2767687165685 40.1128499846089),POINT,-88.2767687165685,40.1128499846089
B-Injury,Pedestrian,Clear,Daylight,Unknown,No Controls,Champaign,2014,0,1,3649,POINT (-88.2305779420049 40.1091368449939),POINT,-88.2305779420049,40.1091368449939
C-Injury,Pedestrian,Rain,Daylight,Wet,Stop Sign/Flasher,Urbana,2014,0,1,3652,POINT (-88.2238600008613 40.1059599999172),POINT,-88.2238600008613,40.1059599999172
C-Injury,Pedestrian,Clear,Darkness,Dry,Stop Sign/Flasher,Champaign,2014,0,1,3654,POINT (-88.2386507503147 40.104099997075),POINT,-88.2386507503147,40.104099997075
B-Injury,Pedestrian,Rain,"Darkness, lighted road",Wet,Lane Use Marking,Champaign,2014,0,1,3655,POINT (-88.2555036899106 40.1426295250452),POINT,-88.2555036899106,40.1426295250452
B-Injury,Pedestrian,Clear,"Darkness, lighted road",Snow or Slush,Traffic Signal,Urbana,2014,0,1,3656,POINT (-88.2090200014334 40.1165099996012),POINT,-88.2090200014334,40.1165099996012
B-Injury,Pedestrian,Snow,"Darkness, lighted road",Snow or Slush,No Controls,Urbana,2014,0,1,3657,POINT (-88.2026076913436 40.1056569460914),POINT,-88.2026076913436,40.1056569460914
C-Injury,Pedestrian,Clear,Daylight,Dry,No Controls,Urbana,2014,0,1,3660,POINT (-88.2071100214405 40.0883601745518),POINT,-88.2071100214405,40.0883601745518
C-Injury,Pedestrian,Rain,Daylight,Wet,Traffic Signal,Urbana,2014,0,1,3661,POINT (-88.215677935716 40.1164540071662),POINT,-88.215677935716,40.1164540071662
B-Injury,Pedestrian,Rain,"Darkness, lighted road",Wet,Traffic Signal,Urbana,2014,0,1,3663,POINT (-88.2193000160218 40.109091108457),POINT,-88.2193000160218,40.109091108457
B-Injury,Pedestrian,Clear,Dawn,Dry,Stop Sign/Flasher,Urbana,2014,0,1,3665,POINT (-88.2094000007503 40.0837300000317),POINT,-88.2094000007503,40.0837300000317
B-Injury,Pedestrian,Clear,Daylight,Dry,No Controls,Rantoul,2014,0,1,3668,POINT (-88.1404945721826 40.305585567002),POINT,-88.1404945721826,40.305585567002
B-Injury,Pedestrian,Clear,Daylight,Dry,No Controls,Rantoul,2014,0,1,3669,POINT (-88.1425247159958 40.3111350433611),POINT,-88.1425247159958,40.3111350433611
B-Injury,Pedestrian,Rain,Daylight,Unknown,Lane Use Marking,Unincorporated,2014,0,1,3671,POINT (-87.9839199580924 40.1199675674756),POINT,-87.9839199580924,40.1199675674756
B-Injury,Pedestrian,Clear,Daylight,Dry,No Controls,Champaign,2005,0,1,3673,POINT (-88.287944230157 40.1275392238396),POINT,-88.287944230157,40.1275392238396
C-Injury,Pedestrian,Clear,Daylight,Dry,No Controls,Champaign,2005,0,1,3674,POINT (-88.2435182982277 40.112742537467),POINT,-88.2435182982277,40.112742537467
B-Injury,Pedestrian,Clear,Darkness,Dry,No Controls,Unincorporated,2005,0,1,3677,POINT (-88.136439685071 40.3422048278875),POINT,-88.136439685071,40.3422048278875
B-Injury,Pedestrian,Rain,Darkness,Wet,No Controls,Champaign,2005,0,1,3679,POINT (-88.2689079918957 40.1302969156471),POINT,-88.2689079918957,40.1302969156471
B-Injury,Pedestrian,Snow,"Darkness, lighted road",Ice,No Controls,Unincorporated,2005,0,1,3680,POINT (-88.2095988850066 40.1415804731459),POINT,-88.2095988850066,40.1415804731459
B-Injury,Pedestrian,Clear,Daylight,Dry,School Zone,Champaign,2005,0,1,3681,POINT (-88.2812756605215 40.1061211513825),POINT,-88.2812756605215,40.1061211513825
C-Injury,Pedestrian,Clear,Daylight,Dry,No Controls,Urbana,2005,0,1,3683,POINT (-88.2049106547325 40.107641890792),POINT,-88.2049106547325,40.107641890792
B-Injury,Pedestrian,Clear,Daylight,Dry,Stop Sign/Flasher,Champaign,2005,0,1,3684,POINT (-88.2321257962017 40.1241688737802),POINT,-88.2321257962017,40.1241688737802
C-Injury,Pedestrian,Clear,"Darkness, lighted road",Dry,Other Regualtory Sig,Champaign,2005,0,1,3686,POINT (-88.2288148038074 40.1055141380007),POINT,-88.2288148038074,40.1055141380007
B-Injury,Pedestrian,Snow,Daylight,Dry,No Controls,Urbana,2005,0,1,3687,POINT (-88.2288103404795 40.106918456021),POINT,-88.2288103404795,40.106918456021
B-Injury,Pedestrian,Clear,Darkness,Dry,No Controls,Urbana,2005,0,1,3688,POINT (-88.1886971195513 40.1052674738109),POINT,-88.1886971195513,40.1052674738109
B-Injury,Pedestrian,Clear,Daylight,Dry,Traffic Signal,Champaign,2005,0,1,3689,POINT (-88.2434790867031 40.1101915430144),POINT,-88.2434790867031,40.1101915430144
B-Injury,Pedestrian,Clear,"Darkness, lighted road",Dry,Traffic Signal,Champaign,2005,0,1,3690,POINT (-88.2434815833668 40.1101928203296),POINT,-88.2434815833668,40.1101928203296
B-Injury,Pedestrian,Clear,Daylight,Dry,Stop Sign/Flasher,Champaign,2005,0,1,3691,POINT (-88.2575188437735 40.0897074397065),POINT,-88.2575188437735,40.0897074397065
B-Injury,Pedestrian,Clear,"Darkness, lighted road",Wet,Traffic Signal,Urbana,2005,0,1,3692,POINT (-88.2193655925179 40.1128236802819),POINT,-88.2193655925179,40.1128236802819
B-Injury,Pedestrian,Clear,Daylight,Dry,Traffic Signal,Champaign,2005,0,1,3693,POINT (-88.2578463841995 40.1182581531966),POINT,-88.2578463841995,40.1182581531966
B-Injury,Pedestrian,Clear,Daylight,Dry,Traffic Signal,Urbana,2005,0,1,3695,POINT (-88.2049707157753 40.1125178962834),POINT,-88.2049707157753,40.1125178962834
B-Injury,Pedestrian,Clear,"Darkness, lighted road",Unknown,No Controls,Urbana,2005,0,1,3697,POINT (-88.2206749262437 40.1128076214887),POINT,-88.2206749262437,40.1128076214887
B-Injury,Pedestrian,Clear,Daylight,Dry,No Controls,Urbana,2005,0,1,3698,POINT (-88.1945786562198 40.1139945934147),POINT,-88.1945786562198,40.1139945934147
C-Injury,Pedestrian,Clear,Darkness,Wet,Traffic Signal,Champaign,2005,0,1,3699,POINT (-88.2578465808412 40.1182575219501),POINT,-88.2578465808412,40.1182575219501
B-Injury,Pedestrian,Clear,Daylight,Dry,No Controls,Urbana,2005,0,1,3700,POINT (-88.196184072367 40.1162831161694),POINT,-88.196184072367,40.1162831161694
B-Injury,Pedestrian,Clear,"Darkness, lighted road",Wet,Traffic Signal,Urbana,2005,0,1,3702,POINT (-88.2156940179112 40.1164623856478),POINT,-88.2156940179112,40.1164623856478
B-Injury,Pedestrian,Clear,"Darkness, lighted road",Dry,Stop Sign/Flasher,Champaign,2005,0,1,3704,POINT (-88.2435432075911 40.1221272390779),POINT,-88.2435432075911,40.1221272390779
C-Injury,Pedestrian,Clear,Daylight,Dry,Stop Sign/Flasher,Champaign,2005,0,1,3706,POINT (-88.2626978760772 40.1272394736109),POINT,-88.2626978760772,40.1272394736109
C-Injury,Pedestrian,Clear,Daylight,Dry,Other Warning Sign,Champaign,2005,0,1,3707,POINT (-88.2684489142699 40.1273173215791),POINT,-88.2684489142699,40.1273173215791
B-Injury,Pedestrian,Clear,Daylight,Dry,Traffic Signal,Champaign,2005,0,1,3708,POINT (-88.2769571004285 40.1274234650923),POINT,-88.2769571004285,40.1274234650923
B-Injury,Pedestrian,Clear,Dusk,Dry,Traffic Signal,Champaign,2005,0,1,3709,POINT (-88.2860457148616 40.1129362348406),POINT,-88.2860457148616,40.1129362348406
B-Injury,Pedestrian,Clear,Daylight,Dry,No Controls,Champaign,2005,0,1,3710,POINT (-88.2724080626448 40.1128089010495),POINT,-88.2724080626448,40.1128089010495
B-Injury,Pedestrian,Clear,Daylight,Dry,Stop Sign/Flasher,Champaign,2005,0,1,3711,POINT (-88.2784333254652 40.1110516881623),POINT,-88.2784333254652,40.1110516881623
B-Injury,Pedestrian,Clear,"Darkness, lighted road",Dry,No Controls,Champaign,2005,0,1,3712,POINT (-88.2302415680008 40.1103043820504),POINT,-88.2302415680008,40.1103043820504
B-Injury,Pedestrian,Clear,Daylight,Dry,Stop Sign/Flasher,Champaign,2005,0,1,3713,POINT (-88.2402998928858 40.1102183727744),POINT,-88.2402998928858,40.1102183727744
B-Injury,Pedestrian,Clear,Daylight,Dry,Traffic Signal,Champaign,2005,0,1,3714,POINT (-88.2335849569152 40.1102707225342),POINT,-88.2335849569152,40.1102707225342
B-Injury,Pedestrian,Rain,"Darkness, lighted road",Wet,No Controls,Champaign,2005,0,1,3716,POINT (-88.2292067152631 40.104187683728),POINT,-88.2292067152631,40.104187683728
B-Injury,Pedestrian,Clear,Daylight,Dry,Traffic Signal,Champaign,2005,0,1,3717,POINT (-88.2302798667108 40.104187264618),POINT,-88.2302798667108,40.104187264618
B-Injury,Pedestrian,Clear,Daylight,Dry,No Controls,Champaign,2005,0,1,3718,POINT (-88.2382927980914 40.1041052383422),POINT,-88.2382927980914,40.1041052383422
B-Injury,Pedestrian,Clear,Daylight,Dry,Traffic Signal,Champaign,2005,0,1,3719,POINT (-88.2438400423071 40.1026980095406),POINT,-88.2438400423071,40.1026980095406
B-Injury,Pedestrian,Clear,Daylight,Dry,No Controls,Urbana,2005,0,1,3720,POINT (-88.2201028769038 40.0993865602164),POINT,-88.2201028769038,40.0993865602164
B-Injury,Pedestrian,Clear,"Darkness, lighted road",Dry,No Controls,Urbana,2005,0,1,3723,POINT (-88.1985031748519 40.0837664465844),POINT,-88.1985031748519,40.0837664465844
B-Injury,Pedestrian,Clear,Dusk,Wet,Unknown,Champaign,2007,0,1,3724,POINT (-88.2333297064422 40.0981007630023),POINT,-88.2333297064422,40.0981007630023